study_id,case_id,parent_index,change_paths,seed,arm,candidate_status,candidate_program,field_hamming,behavioral_novelty,movement_novelty,construction_novelty,reproduction_novelty,initial_physical_sha256,pre_shock_state_sha256,established_at_shock,pre_shock_lineage_share,focal_survived_famine,shocked_lineage_share_auc,shadow_lineage_share_auc,lineage_share_auc_gap,shocked_lineage_alive_auc,shadow_lineage_alive_auc,lineage_alive_auc_gap,shocked_population_auc,shadow_population_auc,population_auc_gap,population_recovery_steps,population_recovery_censored,conservation_ok,pre_capacity_blocked_births,shocked_capacity_blocked_births,shadow_capacity_blocked_births,capacity_blocked_births
semantic-variation-v1,case-00,0,"[""movement"",""construction"",""reproduce_at""]",7100,parent,exact_parent,"{""construction"":""always"",""movement"":""seek_opposite"",""reproduce_at"":14,""require_uncrowded"":false,""schema"":1,""traits"":{""construct"":1,""role"":""producer"",""taste"":1}}",0,0,0,0,0,sha256:e8bff0e4c74a22ccec8ffbd79b1add7bc7ac2b9f75300c1f75b14bc2e7267e6f,sha256:9ddc27b51c58dabe0a7e8dfd1ec596749ff45938e60ad0292b784078a618a064,False,0,False,0,0,0,0,0,0,1382,1704,-322,36,False,True,0,0,0,0
semantic-variation-v1,case-00,0,"[""movement"",""construction"",""reproduce_at""]",7100,typed_macro,valid,"{""construction"":""until_nonzero"",""movement"":""seek_resource"",""reproduce_at"":18,""require_uncrowded"":false,""schema"":1,""traits"":{""construct"":1,""role"":""producer"",""taste"":1}}",3,0.527777777778,0.75,0.666666666667,0.166666666667,sha256:e8bff0e4c74a22ccec8ffbd79b1add7bc7ac2b9f75300c1f75b14bc2e7267e6f,sha256:69d27284419be1afe40527b27462a4d29c867b570e72e4373272428df5a46383,True,0.100433305391,True,1.02096129692,11.1713391201,-10.1503778232,23,366,-343,1643,1958,-315,14,False,True,0,0,0,0
semantic-variation-v1,case-00,0,"[""movement"",""construction"",""reproduce_at""]",7100,random_same_mask,valid,"{""construction"":""until_nonzero"",""movement"":""default"",""reproduce_at"":28,""require_uncrowded"":false,""schema"":1,""traits"":{""construct"":1,""role"":""producer"",""taste"":1}}",3,0.638888888889,0.75,0.666666666667,0.5,sha256:e8bff0e4c74a22ccec8ffbd79b1add7bc7ac2b9f75300c1f75b14bc2e7267e6f,sha256:205309538ce6cecccf3f9bf71e5f02baff443b4033e08e9174e80a1298d61ddb,False,0,False,0,0,0,0,0,0,849,659,190,1,False,True,0,0,0,0
semantic-variation-v1,case-00,0,"[""movement"",""construction"",""reproduce_at""]",7100,codex_agent_itt,valid,"{""construction"":""until_nonzero"",""movement"":""stay_if_fed"",""reproduce_at"":20,""require_uncrowded"":false,""schema"":1,""traits"":{""construct"":1,""role"":""producer"",""taste"":1}}",3,0.604166666667,0.8125,0.666666666667,0.333333333333,sha256:e8bff0e4c74a22ccec8ffbd79b1add7bc7ac2b9f75300c1f75b14bc2e7267e6f,sha256:8108870bb0ac275f3db8858edda0f6814b3b3727229794df50f6b0586909aaab,False,0.0306974907952,False,0,0,0,0,0,0,1507,1901,-394,12,False,True,0,0,0,0
semantic-variation-v1,case-00,0,"[""movement"",""construction"",""reproduce_at""]",7101,parent,exact_parent,"{""construction"":""always"",""movement"":""seek_opposite"",""reproduce_at"":14,""require_uncrowded"":false,""schema"":1,""traits"":{""construct"":1,""role"":""producer"",""taste"":1}}",0,0,0,0,0,sha256:c8be15f73aff0fa2bcd29b2469cc25f09d83a06ddb9aeda7e778dcbfd197b782,sha256:b00b367a3830c349ae1b8d1f7241b7cd03eefc47163486a1c5c5c9980564e0c0,True,0.0612045632189,False,0,0,0,0,0,0,2363,2394,-31,7,False,True,0,0,0,0
semantic-variation-v1,case-00,0,"[""movement"",""construction"",""reproduce_at""]",7101,typed_macro,valid,"{""construction"":""until_nonzero"",""movement"":""seek_resource"",""reproduce_at"":18,""require_uncrowded"":false,""schema"":1,""traits"":{""construct"":1,""role"":""producer"",""taste"":1}}",3,0.527777777778,0.75,0.666666666667,0.166666666667,sha256:c8be15f73aff0fa2bcd29b2469cc25f09d83a06ddb9aeda7e778dcbfd197b782,sha256:6b9ae815275af15544f4edba871aafbb928171114c57fe6dd5cd20e508ec768a,False,0,False,0,0,0,0,0,0,123,600,-477,,True,True,0,0,0,0
semantic-variation-v1,case-00,0,"[""movement"",""construction"",""reproduce_at""]",7101,random_same_mask,valid,"{""construction"":""until_nonzero"",""movement"":""default"",""reproduce_at"":28,""require_uncrowded"":false,""schema"":1,""traits"":{""construct"":1,""role"":""producer"",""taste"":1}}",3,0.638888888889,0.75,0.666666666667,0.5,sha256:c8be15f73aff0fa2bcd29b2469cc25f09d83a06ddb9aeda7e778dcbfd197b782,sha256:157b21dcb5261c07356dc867d4932be6e3460ff172f8caf3d5ebdc54b6c455e0,False,0,False,0,0,0,0,0,0,2053,2034,19,7,False,True,0,0,0,0
semantic-variation-v1,case-00,0,"[""movement"",""construction"",""reproduce_at""]",7101,codex_agent_itt,valid,"{""construction"":""until_nonzero"",""movement"":""stay_if_fed"",""reproduce_at"":20,""require_uncrowded"":false,""schema"":1,""traits"":{""construct"":1,""role"":""producer"",""taste"":1}}",3,0.604166666667,0.8125,0.666666666667,0.333333333333,sha256:c8be15f73aff0fa2bcd29b2469cc25f09d83a06ddb9aeda7e778dcbfd197b782,sha256:3c27110c1ac9200f059ef1950e9e99f035059e9fcf6496b349ef93e0a2fcb668,False,0,False,0,0,0,0,0,0,2504,2652,-148,14,False,True,0,0,0,0
semantic-variation-v1,case-00,0,"[""movement"",""construction"",""reproduce_at""]",7102,parent,exact_parent,"{""construction"":""always"",""movement"":""seek_opposite"",""reproduce_at"":14,""require_uncrowded"":false,""schema"":1,""traits"":{""construct"":1,""role"":""producer"",""taste"":1}}",0,0,0,0,0,sha256:4a0c2036a0b774d9a76313acad1cdc63869a11a581cfebc9f643294b46ce6be9,sha256:d067aae1b58fcf6142291070a43e57d36220a1d2b4cdefa290252a77af6a4a93,False,0,False,0,0,0,0,0,0,232,187,45,2,False,True,0,0,0,0
semantic-variation-v1,case-00,0,"[""movement"",""construction"",""reproduce_at""]",7102,typed_macro,valid,"{""construction"":""until_nonzero"",""movement"":""seek_resource"",""reproduce_at"":18,""require_uncrowded"":false,""schema"":1,""traits"":{""construct"":1,""role"":""producer"",""taste"":1}}",3,0.527777777778,0.75,0.666666666667,0.166666666667,sha256:4a0c2036a0b774d9a76313acad1cdc63869a11a581cfebc9f643294b46ce6be9,sha256:4c06045a7d5ad1d1d43552e9382e1b1086d32936d754f68a4a3ec4158b24cb77,False,0,False,0,0,0,0,0,0,364,772,-408,,True,True,0,0,0,0
semantic-variation-v1,case-00,0,"[""movement"",""construction"",""reproduce_at""]",7102,random_same_mask,valid,"{""construction"":""until_nonzero"",""movement"":""default"",""reproduce_at"":28,""require_uncrowded"":false,""schema"":1,""traits"":{""construct"":1,""role"":""producer"",""taste"":1}}",3,0.638888888889,0.75,0.666666666667,0.5,sha256:4a0c2036a0b774d9a76313acad1cdc63869a11a581cfebc9f643294b46ce6be9,sha256:8a70ae0db5b7b82328e913cf662f8e10b5bbbf5df7a4e41a702be40073222949,False,0,False,0,0,0,0,0,0,1298,1734,-436,,True,True,0,0,0,0
semantic-variation-v1,case-00,0,"[""movement"",""construction"",""reproduce_at""]",7102,codex_agent_itt,valid,"{""construction"":""until_nonzero"",""movement"":""stay_if_fed"",""reproduce_at"":20,""require_uncrowded"":false,""schema"":1,""traits"":{""construct"":1,""role"":""producer"",""taste"":1}}",3,0.604166666667,0.8125,0.666666666667,0.333333333333,sha256:4a0c2036a0b774d9a76313acad1cdc63869a11a581cfebc9f643294b46ce6be9,sha256:4f7b00f0334e8d375361fffbbc2182cbaf46384438edbc453a0d067777f0956e,False,0,False,0,0,0,0,0,0,1298,1734,-436,,True,True,0,0,0,0
semantic-variation-v1,case-00,0,"[""movement"",""construction"",""reproduce_at""]",7103,parent,exact_parent,"{""construction"":""always"",""movement"":""seek_opposite"",""reproduce_at"":14,""require_uncrowded"":false,""schema"":1,""traits"":{""construct"":1,""role"":""producer"",""taste"":1}}",0,0,0,0,0,sha256:2a2e035fd8ff68b1a8c03537ac21e113ac00d11d77a96ab524ddaad15637c961,sha256:17633bab3514d7cd6fa759f1a731505f6daa445c465d1cb452d298489a7e4ff1,False,0,False,0,0,0,0,0,0,1356,1903,-547,12,False,True,0,0,0,0
semantic-variation-v1,case-00,0,"[""movement"",""construction"",""reproduce_at""]",7103,typed_macro,valid,"{""construction"":""until_nonzero"",""movement"":""seek_resource"",""reproduce_at"":18,""require_uncrowded"":false,""schema"":1,""traits"":{""construct"":1,""role"":""producer"",""taste"":1}}",3,0.527777777778,0.75,0.666666666667,0.166666666667,sha256:2a2e035fd8ff68b1a8c03537ac21e113ac00d11d77a96ab524ddaad15637c961,sha256:479facfe57f432112acb6e7cd3dc1ba3c8aa84d10e55420fa2a49f388a96474b,False,0,False,0,0,0,0,0,0,2765,3419,-654,38,False,True,0,0,0,0
semantic-variation-v1,case-00,0,"[""movement"",""construction"",""reproduce_at""]",7103,random_same_mask,valid,"{""construction"":""until_nonzero"",""movement"":""default"",""reproduce_at"":28,""require_uncrowded"":false,""schema"":1,""traits"":{""construct"":1,""role"":""producer"",""taste"":1}}",3,0.638888888889,0.75,0.666666666667,0.5,sha256:2a2e035fd8ff68b1a8c03537ac21e113ac00d11d77a96ab524ddaad15637c961,sha256:e98ddaddf71ab5bf325d3beb0f9c31688f32ed9847f9348a883d47c5ecd9ad6e,False,0,False,0,0,0,0,0,0,3033,3378,-345,39,False,True,0,0,0,0
semantic-variation-v1,case-00,0,"[""movement"",""construction"",""reproduce_at""]",7103,codex_agent_itt,valid,"{""construction"":""until_nonzero"",""movement"":""stay_if_fed"",""reproduce_at"":20,""require_uncrowded"":false,""schema"":1,""traits"":{""construct"":1,""role"":""producer"",""taste"":1}}",3,0.604166666667,0.8125,0.666666666667,0.333333333333,sha256:2a2e035fd8ff68b1a8c03537ac21e113ac00d11d77a96ab524ddaad15637c961,sha256:12bc0f58185ab48148f7509afbf7b3605772953101a1c7f9d08edee6aaed99fa,False,0,False,0,0,0,0,0,0,2322,3419,-1097,,True,True,0,0,0,0
semantic-variation-v1,case-00,0,"[""movement"",""construction"",""reproduce_at""]",7104,parent,exact_parent,"{""construction"":""always"",""movement"":""seek_opposite"",""reproduce_at"":14,""require_uncrowded"":false,""schema"":1,""traits"":{""construct"":1,""role"":""producer"",""taste"":1}}",0,0,0,0,0,sha256:68c05ab61f461132a9462697750238e243588b9ce96a23b739870db3e20fdf8b,sha256:3dc1f5313b5a61c1f09c441bbd411bc8533f4e9a07f04d30744b9680e9ce146b,False,0,False,0,0,0,0,0,0,1765,1845,-80,7,False,True,0,0,0,0
semantic-variation-v1,case-00,0,"[""movement"",""construction"",""reproduce_at""]",7104,typed_macro,valid,"{""construction"":""until_nonzero"",""movement"":""seek_resource"",""reproduce_at"":18,""require_uncrowded"":false,""schema"":1,""traits"":{""construct"":1,""role"":""producer"",""taste"":1}}",3,0.527777777778,0.75,0.666666666667,0.166666666667,sha256:68c05ab61f461132a9462697750238e243588b9ce96a23b739870db3e20fdf8b,sha256:d01f51a09861c3c6feace6c4401cf74290830ae74b48520b09b265c14c7f1846,False,0,False,0,0,0,0,0,0,2626,2571,55,20,False,True,0,0,0,0
semantic-variation-v1,case-00,0,"[""movement"",""construction"",""reproduce_at""]",7104,random_same_mask,valid,"{""construction"":""until_nonzero"",""movement"":""default"",""reproduce_at"":28,""require_uncrowded"":false,""schema"":1,""traits"":{""construct"":1,""role"":""producer"",""taste"":1}}",3,0.638888888889,0.75,0.666666666667,0.5,sha256:68c05ab61f461132a9462697750238e243588b9ce96a23b739870db3e20fdf8b,sha256:32fadac5df4ce1f2dd0791c8e29c8e8c5c6a8b7ac72cd693bb22eada492df949,False,0,False,0,0,0,0,0,0,1686,3567,-1881,,True,True,0,0,0,0
semantic-variation-v1,case-00,0,"[""movement"",""construction"",""reproduce_at""]",7104,codex_agent_itt,valid,"{""construction"":""until_nonzero"",""movement"":""stay_if_fed"",""reproduce_at"":20,""require_uncrowded"":false,""schema"":1,""traits"":{""construct"":1,""role"":""producer"",""taste"":1}}",3,0.604166666667,0.8125,0.666666666667,0.333333333333,sha256:68c05ab61f461132a9462697750238e243588b9ce96a23b739870db3e20fdf8b,sha256:55f0b2d1cef049e6d2c924434a06db3b2cfc55633cc42b48836b376e194285b9,False,0,False,0,0,0,0,0,0,900,1462,-562,,True,True,0,0,0,0
semantic-variation-v1,case-00,0,"[""movement"",""construction"",""reproduce_at""]",7105,parent,exact_parent,"{""construction"":""always"",""movement"":""seek_opposite"",""reproduce_at"":14,""require_uncrowded"":false,""schema"":1,""traits"":{""construct"":1,""role"":""producer"",""taste"":1}}",0,0,0,0,0,sha256:0de3e94243530c8699e44537a6d85f4e3a1b139c6b905a797a9a601763f8b541,sha256:ccba37786faf341053ff29ec3255ba6d4f55362d193873dd8f728fd29e427a98,False,0,False,0,0,0,0,0,0,1301,1793,-492,,True,True,0,0,0,0
semantic-variation-v1,case-00,0,"[""movement"",""construction"",""reproduce_at""]",7105,typed_macro,valid,"{""construction"":""until_nonzero"",""movement"":""seek_resource"",""reproduce_at"":18,""require_uncrowded"":false,""schema"":1,""traits"":{""construct"":1,""role"":""producer"",""taste"":1}}",3,0.527777777778,0.75,0.666666666667,0.166666666667,sha256:0de3e94243530c8699e44537a6d85f4e3a1b139c6b905a797a9a601763f8b541,sha256:1529a0c70f42f82d0a32dda5faa5774391694df987af5b3d07eee7482568e910,True,0.134102139406,True,25.1841269841,22.6398101898,2.54431679432,160,216,-56,392,599,-207,51,False,True,0,0,0,0
semantic-variation-v1,case-00,0,"[""movement"",""construction"",""reproduce_at""]",7105,random_same_mask,valid,"{""construction"":""until_nonzero"",""movement"":""default"",""reproduce_at"":28,""require_uncrowded"":false,""schema"":1,""traits"":{""construct"":1,""role"":""producer"",""taste"":1}}",3,0.638888888889,0.75,0.666666666667,0.5,sha256:0de3e94243530c8699e44537a6d85f4e3a1b139c6b905a797a9a601763f8b541,sha256:024a98b38957d6743714b06be4c6b862ecbf4ac5a552d0aa46f1c8f9708ea06b,False,0,False,0,0,0,0,0,0,84,57,27,9,False,True,0,0,0,0
semantic-variation-v1,case-00,0,"[""movement"",""construction"",""reproduce_at""]",7105,codex_agent_itt,valid,"{""construction"":""until_nonzero"",""movement"":""stay_if_fed"",""reproduce_at"":20,""require_uncrowded"":false,""schema"":1,""traits"":{""construct"":1,""role"":""producer"",""taste"":1}}",3,0.604166666667,0.8125,0.666666666667,0.333333333333,sha256:0de3e94243530c8699e44537a6d85f4e3a1b139c6b905a797a9a601763f8b541,sha256:a7257329ab3697013bce78b66416ddfe40cc23a9901d79e7f2ea2e8ddffdf1d1,True,0.0647362890732,True,22.2214618715,0.102631578947,22.1188302925,140,2,138,453,1044,-591,,True,True,0,0,0,0
semantic-variation-v1,case-00,0,"[""movement"",""construction"",""reproduce_at""]",7106,parent,exact_parent,"{""construction"":""always"",""movement"":""seek_opposite"",""reproduce_at"":14,""require_uncrowded"":false,""schema"":1,""traits"":{""construct"":1,""role"":""producer"",""taste"":1}}",0,0,0,0,0,sha256:7c38697a374c73c1dfd3a1bc30000c94ef176d36672d9fbb1612c8c44797f5ce,sha256:e4da4f0610c5eb91e1d88a0841fbe231a195324e6eb84b06917292fec57e8117,True,0.0554891443167,True,6.20828278992,0.0769230769231,6.131359713,123,1,122,1167,869,298,1,False,True,0,0,0,0
semantic-variation-v1,case-00,0,"[""movement"",""construction"",""reproduce_at""]",7106,typed_macro,valid,"{""construction"":""until_nonzero"",""movement"":""seek_resource"",""reproduce_at"":18,""require_uncrowded"":false,""schema"":1,""traits"":{""construct"":1,""role"":""producer"",""taste"":1}}",3,0.527777777778,0.75,0.666666666667,0.166666666667,sha256:7c38697a374c73c1dfd3a1bc30000c94ef176d36672d9fbb1612c8c44797f5ce,sha256:15a55b21828b6735fbef3a25e8fdfbdd7fbdb0455d3c643b6bcd782bb149a1e1,True,0.225333248528,True,15.4392515871,17.6494101935,-2.21015860641,338,504,-166,1317,1714,-397,11,False,True,0,0,0,0
semantic-variation-v1,case-00,0,"[""movement"",""construction"",""reproduce_at""]",7106,random_same_mask,valid,"{""construction"":""until_nonzero"",""movement"":""default"",""reproduce_at"":28,""require_uncrowded"":false,""schema"":1,""traits"":{""construct"":1,""role"":""producer"",""taste"":1}}",3,0.638888888889,0.75,0.666666666667,0.5,sha256:7c38697a374c73c1dfd3a1bc30000c94ef176d36672d9fbb1612c8c44797f5ce,sha256:9c7068fc2eb093fd3c96a6399799b3dd5b20706a9ceabc6b3a93e2a07c3bb381,True,0.0666836212327,False,0,0,0,0,0,0,721,1037,-316,5,False,True,0,0,0,0
semantic-variation-v1,case-00,0,"[""movement"",""construction"",""reproduce_at""]",7106,codex_agent_itt,valid,"{""construction"":""until_nonzero"",""movement"":""stay_if_fed"",""reproduce_at"":20,""require_uncrowded"":false,""schema"":1,""traits"":{""construct"":1,""role"":""producer"",""taste"":1}}",3,0.604166666667,0.8125,0.666666666667,0.333333333333,sha256:7c38697a374c73c1dfd3a1bc30000c94ef176d36672d9fbb1612c8c44797f5ce,sha256:4ecd6818956126f61adeaa3d9a5c2b800c848f617457f6bba0f9c3747d419c73,False,0.0421055668851,False,0,0,0,0,0,0,1444,1071,373,2,False,True,0,0,0,0
semantic-variation-v1,case-00,0,"[""movement"",""construction"",""reproduce_at""]",7107,parent,exact_parent,"{""construction"":""always"",""movement"":""seek_opposite"",""reproduce_at"":14,""require_uncrowded"":false,""schema"":1,""traits"":{""construct"":1,""role"":""producer"",""taste"":1}}",0,0,0,0,0,sha256:82e05853b640ba41a0ef5bd86c413edd2379b1f62a430d0783d27ce8f27ec096,sha256:9d7c2c64ac0da36587eaaaf4aa673f36cda1d1462c65694816eb5f5138aee619,False,0.0613616456008,False,0,0,0,0,0,0,890,1832,-942,,True,True,0,0,0,0
semantic-variation-v1,case-00,0,"[""movement"",""construction"",""reproduce_at""]",7107,typed_macro,valid,"{""construction"":""until_nonzero"",""movement"":""seek_resource"",""reproduce_at"":18,""require_uncrowded"":false,""schema"":1,""traits"":{""construct"":1,""role"":""producer"",""taste"":1}}",3,0.527777777778,0.75,0.666666666667,0.166666666667,sha256:82e05853b640ba41a0ef5bd86c413edd2379b1f62a430d0783d27ce8f27ec096,sha256:77bf60667cf3593897bb24db9e815e2107cab9cf75baf0a67c21a6382bf0c1e5,True,0.379225518845,True,31.4745693118,34.8786052699,-3.40403595802,402,654,-252,750,1127,-377,45,False,True,0,0,0,0
semantic-variation-v1,case-00,0,"[""movement"",""construction"",""reproduce_at""]",7107,random_same_mask,valid,"{""construction"":""until_nonzero"",""movement"":""default"",""reproduce_at"":28,""require_uncrowded"":false,""schema"":1,""traits"":{""construct"":1,""role"":""producer"",""taste"":1}}",3,0.638888888889,0.75,0.666666666667,0.5,sha256:82e05853b640ba41a0ef5bd86c413edd2379b1f62a430d0783d27ce8f27ec096,sha256:3192751ff27f118d916a9bb242476daad02979a0bb584651841778013310b079,False,0,False,0,0,0,0,0,0,1801,1582,219,12,False,True,0,0,0,0
semantic-variation-v1,case-00,0,"[""movement"",""construction"",""reproduce_at""]",7107,codex_agent_itt,valid,"{""construction"":""until_nonzero"",""movement"":""stay_if_fed"",""reproduce_at"":20,""require_uncrowded"":false,""schema"":1,""traits"":{""construct"":1,""role"":""producer"",""taste"":1}}",3,0.604166666667,0.8125,0.666666666667,0.333333333333,sha256:82e05853b640ba41a0ef5bd86c413edd2379b1f62a430d0783d27ce8f27ec096,sha256:a903ea21c73d2c828146cdcd93c766ae205d30e6d8c837f3721e4e0969802918,False,0.0168666271097,False,0,0,0,0,0,0,2163,2330,-167,7,False,True,0,0,0,0
semantic-variation-v1,case-01,0,"[""movement"",""construction"",""require_uncrowded""]",7100,parent,exact_parent,"{""construction"":""always"",""movement"":""seek_opposite"",""reproduce_at"":14,""require_uncrowded"":false,""schema"":1,""traits"":{""construct"":1,""role"":""producer"",""taste"":1}}",0,0,0,0,0,sha256:e8bff0e4c74a22ccec8ffbd79b1add7bc7ac2b9f75300c1f75b14bc2e7267e6f,sha256:9d670c9dba27bbb3d71b4ece07d4ea9da5a773f080c8c50a12dbfb5ab60e862e,False,0,False,0,0,0,0,0,0,1382,1704,-322,36,False,True,0,0,0,0
semantic-variation-v1,case-01,0,"[""movement"",""construction"",""require_uncrowded""]",7100,typed_macro,valid,"{""construction"":""until_nonzero"",""movement"":""seek_resource"",""reproduce_at"":14,""require_uncrowded"":true,""schema"":1,""traits"":{""construct"":1,""role"":""producer"",""taste"":1}}",3,0.583333333333,0.75,0.666666666667,0.333333333333,sha256:e8bff0e4c74a22ccec8ffbd79b1add7bc7ac2b9f75300c1f75b14bc2e7267e6f,sha256:c11eabc91c699279a68de66189332d2b38e020f30a05367ab950b387c2e0ac36,True,0.167042412944,True,0.983444127252,9.48216861776,-8.4987244905,16,279,-263,1793,1758,35,18,False,True,0,0,0,0
semantic-variation-v1,case-01,0,"[""movement"",""construction"",""require_uncrowded""]",7100,random_same_mask,valid,"{""construction"":""never"",""movement"":""default"",""reproduce_at"":14,""require_uncrowded"":true,""schema"":1,""traits"":{""construct"":1,""role"":""producer"",""taste"":1}}",3,0.694444444444,0.75,1,0.333333333333,sha256:e8bff0e4c74a22ccec8ffbd79b1add7bc7ac2b9f75300c1f75b14bc2e7267e6f,sha256:5706c45a41b51308abacc2002b07a1bf02423f05220e8c896c11ef31fc90267c,False,0,False,0,0,0,0,0,0,1372,1319,53,8,False,True,0,0,0,0
semantic-variation-v1,case-01,0,"[""movement"",""construction"",""require_uncrowded""]",7100,codex_agent_itt,valid,"{""construction"":""until_nonzero"",""movement"":""stay_if_fed"",""reproduce_at"":14,""require_uncrowded"":true,""schema"":1,""traits"":{""construct"":1,""role"":""producer"",""taste"":1}}",3,0.604166666667,0.8125,0.666666666667,0.333333333333,sha256:e8bff0e4c74a22ccec8ffbd79b1add7bc7ac2b9f75300c1f75b14bc2e7267e6f,sha256:1dcfdbcdb04ae514b7e3c934001abcceca49fce2569ca0d411e9ab2cefeb54cd,True,0.051939335447,True,0.13025210084,1.96270335883,-1.83245125799,2,63,-61,1405,1695,-290,32,False,True,0,0,0,0
semantic-variation-v1,case-01,0,"[""movement"",""construction"",""require_uncrowded""]",7101,parent,exact_parent,"{""construction"":""always"",""movement"":""seek_opposite"",""reproduce_at"":14,""require_uncrowded"":false,""schema"":1,""traits"":{""construct"":1,""role"":""producer"",""taste"":1}}",0,0,0,0,0,sha256:c8be15f73aff0fa2bcd29b2469cc25f09d83a06ddb9aeda7e778dcbfd197b782,sha256:06f4625c423b2988466b3273e7ed325b70442635cfc7508de7a3e006b127af02,True,0.0612045632189,False,0,0,0,0,0,0,2363,2394,-31,7,False,True,0,0,0,0
semantic-variation-v1,case-01,0,"[""movement"",""construction"",""require_uncrowded""]",7101,typed_macro,valid,"{""construction"":""until_nonzero"",""movement"":""seek_resource"",""reproduce_at"":14,""require_uncrowded"":true,""schema"":1,""traits"":{""construct"":1,""role"":""producer"",""taste"":1}}",3,0.583333333333,0.75,0.666666666667,0.333333333333,sha256:c8be15f73aff0fa2bcd29b2469cc25f09d83a06ddb9aeda7e778dcbfd197b782,sha256:c834c813e86c2409f1aba5e215474ba068f224bc2d32c1b7672edba1d93db0d7,False,0,False,0,0,0,0,0,0,1701,2464,-763,1,False,True,0,0,0,0
semantic-variation-v1,case-01,0,"[""movement"",""construction"",""require_uncrowded""]",7101,random_same_mask,valid,"{""construction"":""never"",""movement"":""default"",""reproduce_at"":14,""require_uncrowded"":true,""schema"":1,""traits"":{""construct"":1,""role"":""producer"",""taste"":1}}",3,0.694444444444,0.75,1,0.333333333333,sha256:c8be15f73aff0fa2bcd29b2469cc25f09d83a06ddb9aeda7e778dcbfd197b782,sha256:6ce2a49987266707bfd4335a74458aa65f07f14aa399b63f99bf9fcf5318578c,True,0.206988184287,True,11.1998440285,17.0138261885,-5.81398215994,201,356,-155,1078,1299,-221,45,False,True,0,0,0,0
semantic-variation-v1,case-01,0,"[""movement"",""construction"",""require_uncrowded""]",7101,codex_agent_itt,valid,"{""construction"":""until_nonzero"",""movement"":""stay_if_fed"",""reproduce_at"":14,""require_uncrowded"":true,""schema"":1,""traits"":{""construct"":1,""role"":""producer"",""taste"":1}}",3,0.604166666667,0.8125,0.666666666667,0.333333333333,sha256:c8be15f73aff0fa2bcd29b2469cc25f09d83a06ddb9aeda7e778dcbfd197b782,sha256:1907b34548763714a90bfcbcb9a22e3aee75e3fc0532ec169055385b8ecd9ab5,False,0,False,0,0,0,0,0,0,1977,2067,-90,9,False,True,0,0,0,0
semantic-variation-v1,case-01,0,"[""movement"",""construction"",""require_uncrowded""]",7102,parent,exact_parent,"{""construction"":""always"",""movement"":""seek_opposite"",""reproduce_at"":14,""require_uncrowded"":false,""schema"":1,""traits"":{""construct"":1,""role"":""producer"",""taste"":1}}",0,0,0,0,0,sha256:4a0c2036a0b774d9a76313acad1cdc63869a11a581cfebc9f643294b46ce6be9,sha256:f679209aa2828b18321460c10795527e275d9f1731aba65518a8c71790226d1d,False,0,False,0,0,0,0,0,0,232,187,45,2,False,True,0,0,0,0
semantic-variation-v1,case-01,0,"[""movement"",""construction"",""require_uncrowded""]",7102,typed_macro,valid,"{""construction"":""until_nonzero"",""movement"":""seek_resource"",""reproduce_at"":14,""require_uncrowded"":true,""schema"":1,""traits"":{""construct"":1,""role"":""producer"",""taste"":1}}",3,0.583333333333,0.75,0.666666666667,0.333333333333,sha256:4a0c2036a0b774d9a76313acad1cdc63869a11a581cfebc9f643294b46ce6be9,sha256:ddf36baa70b35ba4fa87adfbe91f72ab9194f03a9fcf6bc4f587b5dcaa13bf8d,False,0,False,0,0,0,0,0,0,1479,1768,-289,41,False,True,0,0,0,0
semantic-variation-v1,case-01,0,"[""movement"",""construction"",""require_uncrowded""]",7102,random_same_mask,valid,"{""construction"":""never"",""movement"":""default"",""reproduce_at"":14,""require_uncrowded"":true,""schema"":1,""traits"":{""construct"":1,""role"":""producer"",""taste"":1}}",3,0.694444444444,0.75,1,0.333333333333,sha256:4a0c2036a0b774d9a76313acad1cdc63869a11a581cfebc9f643294b46ce6be9,sha256:fba2530fc64c8a05bba2f1b8166b3759207cb450656077634d3ba88bcbf11a8b,True,0.0216829334953,True,4.50192734908,0,4.50192734908,155,0,155,1993,1833,160,5,False,True,0,0,0,0
semantic-variation-v1,case-01,0,"[""movement"",""construction"",""require_uncrowded""]",7102,codex_agent_itt,valid,"{""construction"":""until_nonzero"",""movement"":""stay_if_fed"",""reproduce_at"":14,""require_uncrowded"":true,""schema"":1,""traits"":{""construct"":1,""role"":""producer"",""taste"":1}}",3,0.604166666667,0.8125,0.666666666667,0.333333333333,sha256:4a0c2036a0b774d9a76313acad1cdc63869a11a581cfebc9f643294b46ce6be9,sha256:7973320f8c9ee4ebca734d3234fffeab1f54f92ea086206086a0815d042762d4,False,0,False,0,0,0,0,0,0,1430,2082,-652,,True,True,0,0,0,0
semantic-variation-v1,case-01,0,"[""movement"",""construction"",""require_uncrowded""]",7103,parent,exact_parent,"{""construction"":""always"",""movement"":""seek_opposite"",""reproduce_at"":14,""require_uncrowded"":false,""schema"":1,""traits"":{""construct"":1,""role"":""producer"",""taste"":1}}",0,0,0,0,0,sha256:2a2e035fd8ff68b1a8c03537ac21e113ac00d11d77a96ab524ddaad15637c961,sha256:9c2a277369309951f0aa85d99f78cc68e5a26aa304afd6b554b84cbc6ef9e48d,False,0,False,0,0,0,0,0,0,1356,1903,-547,12,False,True,0,0,0,0
semantic-variation-v1,case-01,0,"[""movement"",""construction"",""require_uncrowded""]",7103,typed_macro,valid,"{""construction"":""until_nonzero"",""movement"":""seek_resource"",""reproduce_at"":14,""require_uncrowded"":true,""schema"":1,""traits"":{""construct"":1,""role"":""producer"",""taste"":1}}",3,0.583333333333,0.75,0.666666666667,0.333333333333,sha256:2a2e035fd8ff68b1a8c03537ac21e113ac00d11d77a96ab524ddaad15637c961,sha256:8930b41d850cf1ff4e74d15eb73d05da5d29d7a0e91a398695c98030eb2ebe83,False,0,False,0,0,0,0,0,0,1040,2520,-1480,,True,True,0,0,0,0
semantic-variation-v1,case-01,0,"[""movement"",""construction"",""require_uncrowded""]",7103,random_same_mask,valid,"{""construction"":""never"",""movement"":""default"",""reproduce_at"":14,""require_uncrowded"":true,""schema"":1,""traits"":{""construct"":1,""role"":""producer"",""taste"":1}}",3,0.694444444444,0.75,1,0.333333333333,sha256:2a2e035fd8ff68b1a8c03537ac21e113ac00d11d77a96ab524ddaad15637c961,sha256:e7dd74a30fd525c5d787c32de322d5b6d5dbcef2a78a4da4b493498d4336e2bd,False,0,False,0,0,0,0,0,0,2836,3286,-450,24,False,True,0,0,0,0
semantic-variation-v1,case-01,0,"[""movement"",""construction"",""require_uncrowded""]",7103,codex_agent_itt,valid,"{""construction"":""until_nonzero"",""movement"":""stay_if_fed"",""reproduce_at"":14,""require_uncrowded"":true,""schema"":1,""traits"":{""construct"":1,""role"":""producer"",""taste"":1}}",3,0.604166666667,0.8125,0.666666666667,0.333333333333,sha256:2a2e035fd8ff68b1a8c03537ac21e113ac00d11d77a96ab524ddaad15637c961,sha256:60b3412bb470d1c78ba91c6c1954f8522ab2a1ce1f4b33daf22ae5fe830a800b,False,0,False,0,0,0,0,0,0,1164,2641,-1477,,True,True,0,0,0,0
semantic-variation-v1,case-01,0,"[""movement"",""construction"",""require_uncrowded""]",7104,parent,exact_parent,"{""construction"":""always"",""movement"":""seek_opposite"",""reproduce_at"":14,""require_uncrowded"":false,""schema"":1,""traits"":{""construct"":1,""role"":""producer"",""taste"":1}}",0,0,0,0,0,sha256:68c05ab61f461132a9462697750238e243588b9ce96a23b739870db3e20fdf8b,sha256:646295ff1e1f4e29f5b26d90a201b7abaae6f97ef15f1a12fb391a78698d22e7,False,0,False,0,0,0,0,0,0,1765,1845,-80,7,False,True,0,0,0,0
semantic-variation-v1,case-01,0,"[""movement"",""construction"",""require_uncrowded""]",7104,typed_macro,valid,"{""construction"":""until_nonzero"",""movement"":""seek_resource"",""reproduce_at"":14,""require_uncrowded"":true,""schema"":1,""traits"":{""construct"":1,""role"":""producer"",""taste"":1}}",3,0.583333333333,0.75,0.666666666667,0.333333333333,sha256:68c05ab61f461132a9462697750238e243588b9ce96a23b739870db3e20fdf8b,sha256:5775a707c77e78f933918d10ea69b967f13c0ded59bca994874949711107d0e2,False,0,False,0,0,0,0,0,0,2788,3447,-659,45,False,True,0,0,0,0
semantic-variation-v1,case-01,0,"[""movement"",""construction"",""require_uncrowded""]",7104,random_same_mask,valid,"{""construction"":""never"",""movement"":""default"",""reproduce_at"":14,""require_uncrowded"":true,""schema"":1,""traits"":{""construct"":1,""role"":""producer"",""taste"":1}}",3,0.694444444444,0.75,1,0.333333333333,sha256:68c05ab61f461132a9462697750238e243588b9ce96a23b739870db3e20fdf8b,sha256:c4e303bbc516a73b90c4933fbd3f9a0340d35a6f0ac1cfa4ad6091d4790554a1,False,0,False,0,0,0,0,0,0,2714,2918,-204,11,False,True,0,0,0,0
semantic-variation-v1,case-01,0,"[""movement"",""construction"",""require_uncrowded""]",7104,codex_agent_itt,valid,"{""construction"":""until_nonzero"",""movement"":""stay_if_fed"",""reproduce_at"":14,""require_uncrowded"":true,""schema"":1,""traits"":{""construct"":1,""role"":""producer"",""taste"":1}}",3,0.604166666667,0.8125,0.666666666667,0.333333333333,sha256:68c05ab61f461132a9462697750238e243588b9ce96a23b739870db3e20fdf8b,sha256:a1ab357311869c1d776938db795ee48ab6e6ca4d02db2e9b4ba56cb8eb3bfe9c,False,0,False,0,0,0,0,0,0,2429,3250,-821,,True,True,0,0,0,0
semantic-variation-v1,case-01,0,"[""movement"",""construction"",""require_uncrowded""]",7105,parent,exact_parent,"{""construction"":""always"",""movement"":""seek_opposite"",""reproduce_at"":14,""require_uncrowded"":false,""schema"":1,""traits"":{""construct"":1,""role"":""producer"",""taste"":1}}",0,0,0,0,0,sha256:0de3e94243530c8699e44537a6d85f4e3a1b139c6b905a797a9a601763f8b541,sha256:a6cdcad5b48216683eeec34bf5a50c52980df4bfb7be589c01de6dfdf9544602,False,0,False,0,0,0,0,0,0,1301,1793,-492,,True,True,0,0,0,0
semantic-variation-v1,case-01,0,"[""movement"",""construction"",""require_uncrowded""]",7105,typed_macro,valid,"{""construction"":""until_nonzero"",""movement"":""seek_resource"",""reproduce_at"":14,""require_uncrowded"":true,""schema"":1,""traits"":{""construct"":1,""role"":""producer"",""taste"":1}}",3,0.583333333333,0.75,0.666666666667,0.333333333333,sha256:0de3e94243530c8699e44537a6d85f4e3a1b139c6b905a797a9a601763f8b541,sha256:80d5bf397ab0e25215d9aa347c24413dddac56001181940aa6c22bb7e4ed78bb,False,0.208876123876,False,0,0,0,0,0,0,118,81,37,10,False,True,0,0,0,0
semantic-variation-v1,case-01,0,"[""movement"",""construction"",""require_uncrowded""]",7105,random_same_mask,valid,"{""construction"":""never"",""movement"":""default"",""reproduce_at"":14,""require_uncrowded"":true,""schema"":1,""traits"":{""construct"":1,""role"":""producer"",""taste"":1}}",3,0.694444444444,0.75,1,0.333333333333,sha256:0de3e94243530c8699e44537a6d85f4e3a1b139c6b905a797a9a601763f8b541,sha256:cfb2750af853a3ca1ee41aaf0e96d054111b72ef0fdeb89f06896fec1f58a04c,True,0.204288195465,False,0,0.410714285714,-0.410714285714,0,3,-3,244,197,47,10,False,True,0,0,0,0
semantic-variation-v1,case-01,0,"[""movement"",""construction"",""require_uncrowded""]",7105,codex_agent_itt,valid,"{""construction"":""until_nonzero"",""movement"":""stay_if_fed"",""reproduce_at"":14,""require_uncrowded"":true,""schema"":1,""traits"":{""construct"":1,""role"":""producer"",""taste"":1}}",3,0.604166666667,0.8125,0.666666666667,0.333333333333,sha256:0de3e94243530c8699e44537a6d85f4e3a1b139c6b905a797a9a601763f8b541,sha256:2e08c3c5d84caf160d3ca02e243288ddfc5f827d671c5b41b37dc1a514dc612c,False,0,False,0,0,0,0,0,0,2,248,-246,,True,True,0,0,0,0
semantic-variation-v1,case-01,0,"[""movement"",""construction"",""require_uncrowded""]",7106,parent,exact_parent,"{""construction"":""always"",""movement"":""seek_opposite"",""reproduce_at"":14,""require_uncrowded"":false,""schema"":1,""traits"":{""construct"":1,""role"":""producer"",""taste"":1}}",0,0,0,0,0,sha256:7c38697a374c73c1dfd3a1bc30000c94ef176d36672d9fbb1612c8c44797f5ce,sha256:96a485d9f4b90ca1434b5beb5e2dbf15f04623961ca4f2546ea732ea61fbf8d8,True,0.0554891443167,True,6.20828278992,0.0769230769231,6.131359713,123,1,122,1167,869,298,1,False,True,0,0,0,0
semantic-variation-v1,case-01,0,"[""movement"",""construction"",""require_uncrowded""]",7106,typed_macro,valid,"{""construction"":""until_nonzero"",""movement"":""seek_resource"",""reproduce_at"":14,""require_uncrowded"":true,""schema"":1,""traits"":{""construct"":1,""role"":""producer"",""taste"":1}}",3,0.583333333333,0.75,0.666666666667,0.333333333333,sha256:7c38697a374c73c1dfd3a1bc30000c94ef176d36672d9fbb1612c8c44797f5ce,sha256:2e2edd8350ed8e598226bd3157ed6b65b07dfc6db4858544562ec672739b9527,True,0.0798273056697,True,17.7686994915,0.291814979607,17.4768845118,332,9,323,1155,1471,-316,15,False,True,0,0,0,0
semantic-variation-v1,case-01,0,"[""movement"",""construction"",""require_uncrowded""]",7106,random_same_mask,valid,"{""construction"":""never"",""movement"":""default"",""reproduce_at"":14,""require_uncrowded"":true,""schema"":1,""traits"":{""construct"":1,""role"":""producer"",""taste"":1}}",3,0.694444444444,0.75,1,0.333333333333,sha256:7c38697a374c73c1dfd3a1bc30000c94ef176d36672d9fbb1612c8c44797f5ce,sha256:b659c80fba8e2237bc64352fe5645e5c6e12276d5efff43a4fdc71d3f05ca7e6,True,0.159638140346,True,5.20990665107,2.55729757872,2.65260907235,169,104,65,1804,2264,-460,15,False,True,0,0,0,0
semantic-variation-v1,case-01,0,"[""movement"",""construction"",""require_uncrowded""]",7106,codex_agent_itt,valid,"{""construction"":""until_nonzero"",""movement"":""stay_if_fed"",""reproduce_at"":14,""require_uncrowded"":true,""schema"":1,""traits"":{""construct"":1,""role"":""producer"",""taste"":1}}",3,0.604166666667,0.8125,0.666666666667,0.333333333333,sha256:7c38697a374c73c1dfd3a1bc30000c94ef176d36672d9fbb1612c8c44797f5ce,sha256:e5d2729fc768760bc507e677ae6ca702ba99d41a069f6e915c725078e43aa9ec,True,0.251436201309,True,18.7178563585,14.4011961562,4.31666020221,286,506,-220,1084,2112,-1028,,True,True,0,0,0,0
semantic-variation-v1,case-01,0,"[""movement"",""construction"",""require_uncrowded""]",7107,parent,exact_parent,"{""construction"":""always"",""movement"":""seek_opposite"",""reproduce_at"":14,""require_uncrowded"":false,""schema"":1,""traits"":{""construct"":1,""role"":""producer"",""taste"":1}}",0,0,0,0,0,sha256:82e05853b640ba41a0ef5bd86c413edd2379b1f62a430d0783d27ce8f27ec096,sha256:ae61df14898f5dfb29a6095e9245028b4fc625d7dec6500495ede858ecbd8fda,False,0.0613616456008,False,0,0,0,0,0,0,890,1832,-942,,True,True,0,0,0,0
semantic-variation-v1,case-01,0,"[""movement"",""construction"",""require_uncrowded""]",7107,typed_macro,valid,"{""construction"":""until_nonzero"",""movement"":""seek_resource"",""reproduce_at"":14,""require_uncrowded"":true,""schema"":1,""traits"":{""construct"":1,""role"":""producer"",""taste"":1}}",3,0.583333333333,0.75,0.666666666667,0.333333333333,sha256:82e05853b640ba41a0ef5bd86c413edd2379b1f62a430d0783d27ce8f27ec096,sha256:20f36c9c14a5e8b5f0821d0dcc0f2bd622e58ed554594167aa70058cddc58c0a,True,0.0753975054362,True,4.24265449438,6.9299809759,-2.68732648152,92,182,-90,1019,1616,-597,5,False,True,0,0,0,0
semantic-variation-v1,case-01,0,"[""movement"",""construction"",""require_uncrowded""]",7107,random_same_mask,valid,"{""construction"":""never"",""movement"":""default"",""reproduce_at"":14,""require_uncrowded"":true,""schema"":1,""traits"":{""construct"":1,""role"":""producer"",""taste"":1}}",3,0.694444444444,0.75,1,0.333333333333,sha256:82e05853b640ba41a0ef5bd86c413edd2379b1f62a430d0783d27ce8f27ec096,sha256:61e1255175ee3a0ac77b0434c20fa644ca1b7a19cbd62dbd9e466e2330d84657,False,0,False,0,0,0,0,0,0,1192,1346,-154,37,False,True,0,0,0,0
semantic-variation-v1,case-01,0,"[""movement"",""construction"",""require_uncrowded""]",7107,codex_agent_itt,valid,"{""construction"":""until_nonzero"",""movement"":""stay_if_fed"",""reproduce_at"":14,""require_uncrowded"":true,""schema"":1,""traits"":{""construct"":1,""role"":""producer"",""taste"":1}}",3,0.604166666667,0.8125,0.666666666667,0.333333333333,sha256:82e05853b640ba41a0ef5bd86c413edd2379b1f62a430d0783d27ce8f27ec096,sha256:ff232d8c81ca69fce8aab79b5fd3034a35629cc125959fecdb29353641a66a06,True,0.14632622902,True,2.61353668341,1.30238691133,1.31114977208,51,29,22,1209,1321,-112,1,False,True,0,0,0,0
semantic-variation-v1,case-02,0,"[""movement"",""reproduce_at"",""require_uncrowded""]",7100,parent,exact_parent,"{""construction"":""always"",""movement"":""seek_opposite"",""reproduce_at"":14,""require_uncrowded"":false,""schema"":1,""traits"":{""construct"":1,""role"":""producer"",""taste"":1}}",0,0,0,0,0,sha256:e8bff0e4c74a22ccec8ffbd79b1add7bc7ac2b9f75300c1f75b14bc2e7267e6f,sha256:1365863b5a175f9fedf479cb6e1df79ffad02323d599fa5b2697a654d4118fc7,False,0,False,0,0,0,0,0,0,1382,1704,-322,36,False,True,0,0,0,0
semantic-variation-v1,case-02,0,"[""movement"",""reproduce_at"",""require_uncrowded""]",7100,typed_macro,valid,"{""construction"":""always"",""movement"":""seek_resource"",""reproduce_at"":18,""require_uncrowded"":true,""schema"":1,""traits"":{""construct"":1,""role"":""producer"",""taste"":1}}",3,0.388888888889,0.75,0,0.416666666667,sha256:e8bff0e4c74a22ccec8ffbd79b1add7bc7ac2b9f75300c1f75b14bc2e7267e6f,sha256:40ac5c769c3fe60ebc321eb5566798bfd36853b9f44279ec3d5c35acc523ca55,False,0.0214697952065,False,0,0,0,0,0,0,1606,2111,-505,42,False,True,0,0,0,0
semantic-variation-v1,case-02,0,"[""movement"",""reproduce_at"",""require_uncrowded""]",7100,random_same_mask,valid,"{""construction"":""always"",""movement"":""seek_resource"",""reproduce_at"":23,""require_uncrowded"":true,""schema"":1,""traits"":{""construct"":1,""role"":""producer"",""taste"":1}}",3,0.416666666667,0.75,0,0.5,sha256:e8bff0e4c74a22ccec8ffbd79b1add7bc7ac2b9f75300c1f75b14bc2e7267e6f,sha256:f8fc4e83bae3decd7144de79f2dd2c38892da66aa213f60aedbc4ca364024db2,False,0,False,0,0,0,0,0,0,1624,2104,-480,19,False,True,0,0,0,0
semantic-variation-v1,case-02,0,"[""movement"",""reproduce_at"",""require_uncrowded""]",7100,codex_agent_itt,valid,"{""construction"":""always"",""movement"":""stay_if_fed"",""reproduce_at"":20,""require_uncrowded"":true,""schema"":1,""traits"":{""construct"":1,""role"":""producer"",""taste"":1}}",3,0.4375,0.8125,0,0.5,sha256:e8bff0e4c74a22ccec8ffbd79b1add7bc7ac2b9f75300c1f75b14bc2e7267e6f,sha256:be546edef13c0821de74b78459c63f84c150d3005baa9ebf0c591047e8b932dc,True,0.0243382817238,False,0,0,0,0,0,0,2045,1940,105,15,False,True,0,0,0,0
semantic-variation-v1,case-02,0,"[""movement"",""reproduce_at"",""require_uncrowded""]",7101,parent,exact_parent,"{""construction"":""always"",""movement"":""seek_opposite"",""reproduce_at"":14,""require_uncrowded"":false,""schema"":1,""traits"":{""construct"":1,""role"":""producer"",""taste"":1}}",0,0,0,0,0,sha256:c8be15f73aff0fa2bcd29b2469cc25f09d83a06ddb9aeda7e778dcbfd197b782,sha256:606c912d06b1d613be43479737d116d2608ba0180de9cf6b803337d3c6eb93eb,True,0.0612045632189,False,0,0,0,0,0,0,2363,2394,-31,7,False,True,0,0,0,0
semantic-variation-v1,case-02,0,"[""movement"",""reproduce_at"",""require_uncrowded""]",7101,typed_macro,valid,"{""construction"":""always"",""movement"":""seek_resource"",""reproduce_at"":18,""require_uncrowded"":true,""schema"":1,""traits"":{""construct"":1,""role"":""producer"",""taste"":1}}",3,0.388888888889,0.75,0,0.416666666667,sha256:c8be15f73aff0fa2bcd29b2469cc25f09d83a06ddb9aeda7e778dcbfd197b782,sha256:14aabf164f1a038e2b75b8c123c75df2e39df88680aa50dde48c1ec78654180a,False,0,False,0,0,0,0,0,0,2281,2694,-413,20,False,True,0,0,0,0
semantic-variation-v1,case-02,0,"[""movement"",""reproduce_at"",""require_uncrowded""]",7101,random_same_mask,valid,"{""construction"":""always"",""movement"":""seek_resource"",""reproduce_at"":23,""require_uncrowded"":true,""schema"":1,""traits"":{""construct"":1,""role"":""producer"",""taste"":1}}",3,0.416666666667,0.75,0,0.5,sha256:c8be15f73aff0fa2bcd29b2469cc25f09d83a06ddb9aeda7e778dcbfd197b782,sha256:f0b6755d24dd62eb54163cfcb426bc26739813da3bb9714fa09800a94391a362,False,0,False,0,0,0,0,0,0,1307,1452,-145,11,False,True,0,0,0,0
semantic-variation-v1,case-02,0,"[""movement"",""reproduce_at"",""require_uncrowded""]",7101,codex_agent_itt,valid,"{""construction"":""always"",""movement"":""stay_if_fed"",""reproduce_at"":20,""require_uncrowded"":true,""schema"":1,""traits"":{""construct"":1,""role"":""producer"",""taste"":1}}",3,0.4375,0.8125,0,0.5,sha256:c8be15f73aff0fa2bcd29b2469cc25f09d83a06ddb9aeda7e778dcbfd197b782,sha256:4b3e28c366f0952fb76e1ea3e4a9d0be864dc2b87851163751113205503edc4c,False,0,False,0,0,0,0,0,0,1916,1978,-62,8,False,True,0,0,0,0
semantic-variation-v1,case-02,0,"[""movement"",""reproduce_at"",""require_uncrowded""]",7102,parent,exact_parent,"{""construction"":""always"",""movement"":""seek_opposite"",""reproduce_at"":14,""require_uncrowded"":false,""schema"":1,""traits"":{""construct"":1,""role"":""producer"",""taste"":1}}",0,0,0,0,0,sha256:4a0c2036a0b774d9a76313acad1cdc63869a11a581cfebc9f643294b46ce6be9,sha256:49dd635d99eff8f95076d259f6494c32a4c53cf05807169b9467382eedb02f55,False,0,False,0,0,0,0,0,0,232,187,45,2,False,True,0,0,0,0
semantic-variation-v1,case-02,0,"[""movement"",""reproduce_at"",""require_uncrowded""]",7102,typed_macro,valid,"{""construction"":""always"",""movement"":""seek_resource"",""reproduce_at"":18,""require_uncrowded"":true,""schema"":1,""traits"":{""construct"":1,""role"":""producer"",""taste"":1}}",3,0.388888888889,0.75,0,0.416666666667,sha256:4a0c2036a0b774d9a76313acad1cdc63869a11a581cfebc9f643294b46ce6be9,sha256:8b1142b90974d5ee60af653578a9d3db8531b085c082948d60aba47926701167,False,0,False,0,0,0,0,0,0,906,2197,-1291,,True,True,0,0,0,0
semantic-variation-v1,case-02,0,"[""movement"",""reproduce_at"",""require_uncrowded""]",7102,random_same_mask,valid,"{""construction"":""always"",""movement"":""seek_resource"",""reproduce_at"":23,""require_uncrowded"":true,""schema"":1,""traits"":{""construct"":1,""role"":""producer"",""taste"":1}}",3,0.416666666667,0.75,0,0.5,sha256:4a0c2036a0b774d9a76313acad1cdc63869a11a581cfebc9f643294b46ce6be9,sha256:0b663558cc4357c20c8cb7d21e6fbeafdbca73f69a671f5f50714194372e6313,False,0,False,0,0,0,0,0,0,0,0,0,1,False,True,0,0,0,0
semantic-variation-v1,case-02,0,"[""movement"",""reproduce_at"",""require_uncrowded""]",7102,codex_agent_itt,valid,"{""construction"":""always"",""movement"":""stay_if_fed"",""reproduce_at"":20,""require_uncrowded"":true,""schema"":1,""traits"":{""construct"":1,""role"":""producer"",""taste"":1}}",3,0.4375,0.8125,0,0.5,sha256:4a0c2036a0b774d9a76313acad1cdc63869a11a581cfebc9f643294b46ce6be9,sha256:122259bcbfc4a733586255b77fdfae46a89687aeb1e8611a4b9584b63314200a,False,0,False,0,0,0,0,0,0,1416,1453,-37,2,False,True,0,0,0,0
semantic-variation-v1,case-02,0,"[""movement"",""reproduce_at"",""require_uncrowded""]",7103,parent,exact_parent,"{""construction"":""always"",""movement"":""seek_opposite"",""reproduce_at"":14,""require_uncrowded"":false,""schema"":1,""traits"":{""construct"":1,""role"":""producer"",""taste"":1}}",0,0,0,0,0,sha256:2a2e035fd8ff68b1a8c03537ac21e113ac00d11d77a96ab524ddaad15637c961,sha256:f496a6d2f1739729fa7fa1627562468f9aab2bafe7952830561cc52f7207e287,False,0,False,0,0,0,0,0,0,1356,1903,-547,12,False,True,0,0,0,0
semantic-variation-v1,case-02,0,"[""movement"",""reproduce_at"",""require_uncrowded""]",7103,typed_macro,valid,"{""construction"":""always"",""movement"":""seek_resource"",""reproduce_at"":18,""require_uncrowded"":true,""schema"":1,""traits"":{""construct"":1,""role"":""producer"",""taste"":1}}",3,0.388888888889,0.75,0,0.416666666667,sha256:2a2e035fd8ff68b1a8c03537ac21e113ac00d11d77a96ab524ddaad15637c961,sha256:7910dee7f135ad970bd9a27152d916fcc88b345cb6b9aae3661810c679f6d849,False,0,False,0,0,0,0,0,0,2221,3516,-1295,55,False,True,0,0,0,0
semantic-variation-v1,case-02,0,"[""movement"",""reproduce_at"",""require_uncrowded""]",7103,random_same_mask,valid,"{""construction"":""always"",""movement"":""seek_resource"",""reproduce_at"":23,""require_uncrowded"":true,""schema"":1,""traits"":{""construct"":1,""role"":""producer"",""taste"":1}}",3,0.416666666667,0.75,0,0.5,sha256:2a2e035fd8ff68b1a8c03537ac21e113ac00d11d77a96ab524ddaad15637c961,sha256:2ec3a96a22cd78c786fd6c6adedb5bfcb6e572abec114eb2c1c70d89fd59819b,False,0,False,0,0,0,0,0,0,2187,2763,-576,23,False,True,0,0,0,0
semantic-variation-v1,case-02,0,"[""movement"",""reproduce_at"",""require_uncrowded""]",7103,codex_agent_itt,valid,"{""construction"":""always"",""movement"":""stay_if_fed"",""reproduce_at"":20,""require_uncrowded"":true,""schema"":1,""traits"":{""construct"":1,""role"":""producer"",""taste"":1}}",3,0.4375,0.8125,0,0.5,sha256:2a2e035fd8ff68b1a8c03537ac21e113ac00d11d77a96ab524ddaad15637c961,sha256:ad300c80d3dd23aac27bcada22fc339e908329035d94b49ef137ffe36d6d95db,False,0,False,0,0,0,0,0,0,1736,3317,-1581,,True,True,0,0,0,0
semantic-variation-v1,case-02,0,"[""movement"",""reproduce_at"",""require_uncrowded""]",7104,parent,exact_parent,"{""construction"":""always"",""movement"":""seek_opposite"",""reproduce_at"":14,""require_uncrowded"":false,""schema"":1,""traits"":{""construct"":1,""role"":""producer"",""taste"":1}}",0,0,0,0,0,sha256:68c05ab61f461132a9462697750238e243588b9ce96a23b739870db3e20fdf8b,sha256:7a3f2c0b25e4bbdded2467bd25e374f7fc0401e36507c0df14ffaacf971df10f,False,0,False,0,0,0,0,0,0,1765,1845,-80,7,False,True,0,0,0,0
semantic-variation-v1,case-02,0,"[""movement"",""reproduce_at"",""require_uncrowded""]",7104,typed_macro,valid,"{""construction"":""always"",""movement"":""seek_resource"",""reproduce_at"":18,""require_uncrowded"":true,""schema"":1,""traits"":{""construct"":1,""role"":""producer"",""taste"":1}}",3,0.388888888889,0.75,0,0.416666666667,sha256:68c05ab61f461132a9462697750238e243588b9ce96a23b739870db3e20fdf8b,sha256:208ce1b8d90ed4f18bbbd2dd5e0cf454564646292b6e1217974412d30c9dfc78,False,0,False,0,0,0,0,0,0,1767,2343,-576,32,False,True,0,0,0,0
semantic-variation-v1,case-02,0,"[""movement"",""reproduce_at"",""require_uncrowded""]",7104,random_same_mask,valid,"{""construction"":""always"",""movement"":""seek_resource"",""reproduce_at"":23,""require_uncrowded"":true,""schema"":1,""traits"":{""construct"":1,""role"":""producer"",""taste"":1}}",3,0.416666666667,0.75,0,0.5,sha256:68c05ab61f461132a9462697750238e243588b9ce96a23b739870db3e20fdf8b,sha256:b30a241c13fb5670313c00aa220cf00e7b40bb6cdfb6e49a7712e949910d3893,False,0,False,0,0,0,0,0,0,2901,3866,-965,10,False,True,0,0,0,0
semantic-variation-v1,case-02,0,"[""movement"",""reproduce_at"",""require_uncrowded""]",7104,codex_agent_itt,valid,"{""construction"":""always"",""movement"":""stay_if_fed"",""reproduce_at"":20,""require_uncrowded"":true,""schema"":1,""traits"":{""construct"":1,""role"":""producer"",""taste"":1}}",3,0.4375,0.8125,0,0.5,sha256:68c05ab61f461132a9462697750238e243588b9ce96a23b739870db3e20fdf8b,sha256:eef6e86939a4cb48989706581a80682a9d17184e241c7f8aa81ea74a0598089f,False,0,False,0,0,0,0,0,0,2069,3601,-1532,,True,True,0,0,0,0
semantic-variation-v1,case-02,0,"[""movement"",""reproduce_at"",""require_uncrowded""]",7105,parent,exact_parent,"{""construction"":""always"",""movement"":""seek_opposite"",""reproduce_at"":14,""require_uncrowded"":false,""schema"":1,""traits"":{""construct"":1,""role"":""producer"",""taste"":1}}",0,0,0,0,0,sha256:0de3e94243530c8699e44537a6d85f4e3a1b139c6b905a797a9a601763f8b541,sha256:bd3b47c7f277917cb9fc94441c0ef6806c24fc36fa41835fb1ba2e80c43567d6,False,0,False,0,0,0,0,0,0,1301,1793,-492,,True,True,0,0,0,0
semantic-variation-v1,case-02,0,"[""movement"",""reproduce_at"",""require_uncrowded""]",7105,typed_macro,valid,"{""construction"":""always"",""movement"":""seek_resource"",""reproduce_at"":18,""require_uncrowded"":true,""schema"":1,""traits"":{""construct"":1,""role"":""producer"",""taste"":1}}",3,0.388888888889,0.75,0,0.416666666667,sha256:0de3e94243530c8699e44537a6d85f4e3a1b139c6b905a797a9a601763f8b541,sha256:bdfd63158e14243430b3d85ad77ca1da4039306ea8c16740bcd1f233d156108b,True,0.111773174404,True,13.2984561438,21.2777229316,-7.97926678779,235,321,-86,1027,888,139,6,False,True,0,0,0,0
semantic-variation-v1,case-02,0,"[""movement"",""reproduce_at"",""require_uncrowded""]",7105,random_same_mask,valid,"{""construction"":""always"",""movement"":""seek_resource"",""reproduce_at"":23,""require_uncrowded"":true,""schema"":1,""traits"":{""construct"":1,""role"":""producer"",""taste"":1}}",3,0.416666666667,0.75,0,0.5,sha256:0de3e94243530c8699e44537a6d85f4e3a1b139c6b905a797a9a601763f8b541,sha256:1e130ba4527859f6c971a8486917065e33b0cbd7583fb4ce1dde9c52ce315c2a,True,0.117195701641,True,13.409132515,8.14088893977,5.26824357522,301,205,96,1375,1463,-88,7,False,True,0,0,0,0
semantic-variation-v1,case-02,0,"[""movement"",""reproduce_at"",""require_uncrowded""]",7105,codex_agent_itt,valid,"{""construction"":""always"",""movement"":""stay_if_fed"",""reproduce_at"":20,""require_uncrowded"":true,""schema"":1,""traits"":{""construct"":1,""role"":""producer"",""taste"":1}}",3,0.4375,0.8125,0,0.5,sha256:0de3e94243530c8699e44537a6d85f4e3a1b139c6b905a797a9a601763f8b541,sha256:f35897c84a3ab166942e53726d9dcac33904918bec94d0ebafeb00a0dfb7c92e,False,0.0154186937933,False,0,0,0,0,0,0,356,298,58,6,False,True,0,0,0,0
semantic-variation-v1,case-02,0,"[""movement"",""reproduce_at"",""require_uncrowded""]",7106,parent,exact_parent,"{""construction"":""always"",""movement"":""seek_opposite"",""reproduce_at"":14,""require_uncrowded"":false,""schema"":1,""traits"":{""construct"":1,""role"":""producer"",""taste"":1}}",0,0,0,0,0,sha256:7c38697a374c73c1dfd3a1bc30000c94ef176d36672d9fbb1612c8c44797f5ce,sha256:2e3f8bfb8c2860b9ed22770da2fec256f6148dbeb76dfcdd1bcff961783a28c7,True,0.0554891443167,True,6.20828278992,0.0769230769231,6.131359713,123,1,122,1167,869,298,1,False,True,0,0,0,0
semantic-variation-v1,case-02,0,"[""movement"",""reproduce_at"",""require_uncrowded""]",7106,typed_macro,valid,"{""construction"":""always"",""movement"":""seek_resource"",""reproduce_at"":18,""require_uncrowded"":true,""schema"":1,""traits"":{""construct"":1,""role"":""producer"",""taste"":1}}",3,0.388888888889,0.75,0,0.416666666667,sha256:7c38697a374c73c1dfd3a1bc30000c94ef176d36672d9fbb1612c8c44797f5ce,sha256:e1fbbfca8713310fd634e61d5a35bcea17d89773ebbe2e0d0ec96f3f2122e2e0,False,0,False,0,0,0,0,0,0,478,889,-411,49,False,True,0,0,0,0
semantic-variation-v1,case-02,0,"[""movement"",""reproduce_at"",""require_uncrowded""]",7106,random_same_mask,valid,"{""construction"":""always"",""movement"":""seek_resource"",""reproduce_at"":23,""require_uncrowded"":true,""schema"":1,""traits"":{""construct"":1,""role"":""producer"",""taste"":1}}",3,0.416666666667,0.75,0,0.5,sha256:7c38697a374c73c1dfd3a1bc30000c94ef176d36672d9fbb1612c8c44797f5ce,sha256:6df6289bf9d8b6ed5734f885f0acab0a3083cba4b1f8d27c0d5fc68f31e430f8,True,0.107172902484,False,0,0,0,0,0,0,416,956,-540,,True,True,0,0,0,0
semantic-variation-v1,case-02,0,"[""movement"",""reproduce_at"",""require_uncrowded""]",7106,codex_agent_itt,valid,"{""construction"":""always"",""movement"":""stay_if_fed"",""reproduce_at"":20,""require_uncrowded"":true,""schema"":1,""traits"":{""construct"":1,""role"":""producer"",""taste"":1}}",3,0.4375,0.8125,0,0.5,sha256:7c38697a374c73c1dfd3a1bc30000c94ef176d36672d9fbb1612c8c44797f5ce,sha256:6081b8d0b6f706673b147c6bd8e7dc8b71bca594d2f4e9685786af757c668f5f,True,0.0840770604817,False,0,0,0,0,0,0,998,1493,-495,,True,True,0,0,0,0
semantic-variation-v1,case-02,0,"[""movement"",""reproduce_at"",""require_uncrowded""]",7107,parent,exact_parent,"{""construction"":""always"",""movement"":""seek_opposite"",""reproduce_at"":14,""require_uncrowded"":false,""schema"":1,""traits"":{""construct"":1,""role"":""producer"",""taste"":1}}",0,0,0,0,0,sha256:82e05853b640ba41a0ef5bd86c413edd2379b1f62a430d0783d27ce8f27ec096,sha256:d6db58840db5136923887141151ccf09523a7e30013d5319a1a65460645761fb,False,0.0613616456008,False,0,0,0,0,0,0,890,1832,-942,,True,True,0,0,0,0
semantic-variation-v1,case-02,0,"[""movement"",""reproduce_at"",""require_uncrowded""]",7107,typed_macro,valid,"{""construction"":""always"",""movement"":""seek_resource"",""reproduce_at"":18,""require_uncrowded"":true,""schema"":1,""traits"":{""construct"":1,""role"":""producer"",""taste"":1}}",3,0.388888888889,0.75,0,0.416666666667,sha256:82e05853b640ba41a0ef5bd86c413edd2379b1f62a430d0783d27ce8f27ec096,sha256:bf15cbcfef1f393e956e546cadc80b5f7d3d38a4e7111797b922cdb8888a48fb,False,0,False,0,0,0,0,0,0,923,875,48,7,False,True,0,0,0,0
semantic-variation-v1,case-02,0,"[""movement"",""reproduce_at"",""require_uncrowded""]",7107,random_same_mask,valid,"{""construction"":""always"",""movement"":""seek_resource"",""reproduce_at"":23,""require_uncrowded"":true,""schema"":1,""traits"":{""construct"":1,""role"":""producer"",""taste"":1}}",3,0.416666666667,0.75,0,0.5,sha256:82e05853b640ba41a0ef5bd86c413edd2379b1f62a430d0783d27ce8f27ec096,sha256:ec8df172a7e00c746d61beee8e498e941a0995a8eeecd2f4be5a44902acd023b,True,0.1008668652,True,6.27925102902,4.24729746111,2.03195356791,173,116,57,2201,1722,479,18,False,True,0,0,0,0
semantic-variation-v1,case-02,0,"[""movement"",""reproduce_at"",""require_uncrowded""]",7107,codex_agent_itt,valid,"{""construction"":""always"",""movement"":""stay_if_fed"",""reproduce_at"":20,""require_uncrowded"":true,""schema"":1,""traits"":{""construct"":1,""role"":""producer"",""taste"":1}}",3,0.4375,0.8125,0,0.5,sha256:82e05853b640ba41a0ef5bd86c413edd2379b1f62a430d0783d27ce8f27ec096,sha256:ee9ac7b34f2f93720816f835f4a97ed4d14a542dee7b9cddaad58807e3e7cd46,True,0.0829774386208,True,4.62480649688,0.833573528184,3.79123296869,79,20,59,1185,1476,-291,14,False,True,0,0,0,0
semantic-variation-v1,case-03,0,"[""construction"",""reproduce_at"",""require_uncrowded""]",7100,parent,exact_parent,"{""construction"":""always"",""movement"":""seek_opposite"",""reproduce_at"":14,""require_uncrowded"":false,""schema"":1,""traits"":{""construct"":1,""role"":""producer"",""taste"":1}}",0,0,0,0,0,sha256:e8bff0e4c74a22ccec8ffbd79b1add7bc7ac2b9f75300c1f75b14bc2e7267e6f,sha256:3403e982006b5ca049139e87461d2d4d1799e3c08be3e2a77fc41e96adf9cc9b,False,0,False,0,0,0,0,0,0,1382,1704,-322,36,False,True,0,0,0,0
semantic-variation-v1,case-03,0,"[""construction"",""reproduce_at"",""require_uncrowded""]",7100,typed_macro,valid,"{""construction"":""until_nonzero"",""movement"":""seek_opposite"",""reproduce_at"":18,""require_uncrowded"":true,""schema"":1,""traits"":{""construct"":1,""role"":""producer"",""taste"":1}}",3,0.361111111111,0,0.666666666667,0.416666666667,sha256:e8bff0e4c74a22ccec8ffbd79b1add7bc7ac2b9f75300c1f75b14bc2e7267e6f,sha256:4e8dc98e9e67401a6c1135a234ef94f9979a1f505777641f277d3a3c71162ffa,False,0,False,0,0,0,0,0,0,1028,1053,-25,15,False,True,0,0,0,0
semantic-variation-v1,case-03,0,"[""construction"",""reproduce_at"",""require_uncrowded""]",7100,random_same_mask,valid,"{""construction"":""until_nonzero"",""movement"":""seek_opposite"",""reproduce_at"":11,""require_uncrowded"":true,""schema"":1,""traits"":{""construct"":1,""role"":""producer"",""taste"":1}}",3,0.333333333333,0,0.666666666667,0.333333333333,sha256:e8bff0e4c74a22ccec8ffbd79b1add7bc7ac2b9f75300c1f75b14bc2e7267e6f,sha256:89d37ef646b9ee4295a0a997d0b7742cf20640e652dd744606d0644894de3edb,False,0,False,0,0,0,0,0,0,1028,1053,-25,15,False,True,0,0,0,0
semantic-variation-v1,case-03,0,"[""construction"",""reproduce_at"",""require_uncrowded""]",7100,codex_agent_itt,valid,"{""construction"":""until_nonzero"",""movement"":""seek_opposite"",""reproduce_at"":20,""require_uncrowded"":true,""schema"":1,""traits"":{""construct"":1,""role"":""producer"",""taste"":1}}",3,0.388888888889,0,0.666666666667,0.5,sha256:e8bff0e4c74a22ccec8ffbd79b1add7bc7ac2b9f75300c1f75b14bc2e7267e6f,sha256:8ae6cee03fd2cc304a2b0ca7c975503176ff9637bf9313b58064c284d2921665,False,0,False,0,0,0,0,0,0,1028,1053,-25,15,False,True,0,0,0,0
semantic-variation-v1,case-03,0,"[""construction"",""reproduce_at"",""require_uncrowded""]",7101,parent,exact_parent,"{""construction"":""always"",""movement"":""seek_opposite"",""reproduce_at"":14,""require_uncrowded"":false,""schema"":1,""traits"":{""construct"":1,""role"":""producer"",""taste"":1}}",0,0,0,0,0,sha256:c8be15f73aff0fa2bcd29b2469cc25f09d83a06ddb9aeda7e778dcbfd197b782,sha256:7ee60df3bcf7d8d40cd2e5a06c60176192768874f72ff1b12e84303f476ab2d8,True,0.0612045632189,False,0,0,0,0,0,0,2363,2394,-31,7,False,True,0,0,0,0
semantic-variation-v1,case-03,0,"[""construction"",""reproduce_at"",""require_uncrowded""]",7101,typed_macro,valid,"{""construction"":""until_nonzero"",""movement"":""seek_opposite"",""reproduce_at"":18,""require_uncrowded"":true,""schema"":1,""traits"":{""construct"":1,""role"":""producer"",""taste"":1}}",3,0.361111111111,0,0.666666666667,0.416666666667,sha256:c8be15f73aff0fa2bcd29b2469cc25f09d83a06ddb9aeda7e778dcbfd197b782,sha256:171264f851e30e82953b09a8385a3fb7dc02c0d49151093c9853ae78a096ecae,False,0,False,0,0,0,0,0,0,2317,2198,119,6,False,True,0,0,0,0
semantic-variation-v1,case-03,0,"[""construction"",""reproduce_at"",""require_uncrowded""]",7101,random_same_mask,valid,"{""construction"":""until_nonzero"",""movement"":""seek_opposite"",""reproduce_at"":11,""require_uncrowded"":true,""schema"":1,""traits"":{""construct"":1,""role"":""producer"",""taste"":1}}",3,0.333333333333,0,0.666666666667,0.333333333333,sha256:c8be15f73aff0fa2bcd29b2469cc25f09d83a06ddb9aeda7e778dcbfd197b782,sha256:eee8de643f61cfdbb8e3facb55945272bc531149d2d087e143196e53bc4eea6e,False,0,False,0,0,0,0,0,0,1447,1629,-182,22,False,True,0,0,0,0
semantic-variation-v1,case-03,0,"[""construction"",""reproduce_at"",""require_uncrowded""]",7101,codex_agent_itt,valid,"{""construction"":""until_nonzero"",""movement"":""seek_opposite"",""reproduce_at"":20,""require_uncrowded"":true,""schema"":1,""traits"":{""construct"":1,""role"":""producer"",""taste"":1}}",3,0.388888888889,0,0.666666666667,0.5,sha256:c8be15f73aff0fa2bcd29b2469cc25f09d83a06ddb9aeda7e778dcbfd197b782,sha256:8179fcb3b6af027187086f5e12a6d0e0f15770ad443e155fb30de93a9cda8752,False,0,False,0,0,0,0,0,0,2504,2652,-148,14,False,True,0,0,0,0
semantic-variation-v1,case-03,0,"[""construction"",""reproduce_at"",""require_uncrowded""]",7102,parent,exact_parent,"{""construction"":""always"",""movement"":""seek_opposite"",""reproduce_at"":14,""require_uncrowded"":false,""schema"":1,""traits"":{""construct"":1,""role"":""producer"",""taste"":1}}",0,0,0,0,0,sha256:4a0c2036a0b774d9a76313acad1cdc63869a11a581cfebc9f643294b46ce6be9,sha256:ba3325d23c73ca3a2a0eb657aa264130958288a173cc6b0f34738cbe3aad6f60,False,0,False,0,0,0,0,0,0,232,187,45,2,False,True,0,0,0,0
semantic-variation-v1,case-03,0,"[""construction"",""reproduce_at"",""require_uncrowded""]",7102,typed_macro,valid,"{""construction"":""until_nonzero"",""movement"":""seek_opposite"",""reproduce_at"":18,""require_uncrowded"":true,""schema"":1,""traits"":{""construct"":1,""role"":""producer"",""taste"":1}}",3,0.361111111111,0,0.666666666667,0.416666666667,sha256:4a0c2036a0b774d9a76313acad1cdc63869a11a581cfebc9f643294b46ce6be9,sha256:e16427bc9545e6b4417353fd57a174248679b722be9aeb3c3c70aef0f45db126,False,0,False,0,0,0,0,0,0,895,898,-3,3,False,True,0,0,0,0
semantic-variation-v1,case-03,0,"[""construction"",""reproduce_at"",""require_uncrowded""]",7102,random_same_mask,valid,"{""construction"":""until_nonzero"",""movement"":""seek_opposite"",""reproduce_at"":11,""require_uncrowded"":true,""schema"":1,""traits"":{""construct"":1,""role"":""producer"",""taste"":1}}",3,0.333333333333,0,0.666666666667,0.333333333333,sha256:4a0c2036a0b774d9a76313acad1cdc63869a11a581cfebc9f643294b46ce6be9,sha256:42f972738198918dbd3a996815fdd77c2afa87949b26cdff7aa2b26b98ae7888,False,0,False,0,0,0,0,0,0,1807,2411,-604,53,False,True,0,0,0,0
semantic-variation-v1,case-03,0,"[""construction"",""reproduce_at"",""require_uncrowded""]",7102,codex_agent_itt,valid,"{""construction"":""until_nonzero"",""movement"":""seek_opposite"",""reproduce_at"":20,""require_uncrowded"":true,""schema"":1,""traits"":{""construct"":1,""role"":""producer"",""taste"":1}}",3,0.388888888889,0,0.666666666667,0.5,sha256:4a0c2036a0b774d9a76313acad1cdc63869a11a581cfebc9f643294b46ce6be9,sha256:035448ebd05a4d615c64debf0617e238760cace54f28dc101faccb36d95171d9,False,0,False,0,0,0,0,0,0,895,898,-3,3,False,True,0,0,0,0
semantic-variation-v1,case-03,0,"[""construction"",""reproduce_at"",""require_uncrowded""]",7103,parent,exact_parent,"{""construction"":""always"",""movement"":""seek_opposite"",""reproduce_at"":14,""require_uncrowded"":false,""schema"":1,""traits"":{""construct"":1,""role"":""producer"",""taste"":1}}",0,0,0,0,0,sha256:2a2e035fd8ff68b1a8c03537ac21e113ac00d11d77a96ab524ddaad15637c961,sha256:c3344782656c505b5c5b220c9e95961e4eee26031b84d3b51b848c45a86f4e2e,False,0,False,0,0,0,0,0,0,1356,1903,-547,12,False,True,0,0,0,0
semantic-variation-v1,case-03,0,"[""construction"",""reproduce_at"",""require_uncrowded""]",7103,typed_macro,valid,"{""construction"":""until_nonzero"",""movement"":""seek_opposite"",""reproduce_at"":18,""require_uncrowded"":true,""schema"":1,""traits"":{""construct"":1,""role"":""producer"",""taste"":1}}",3,0.361111111111,0,0.666666666667,0.416666666667,sha256:2a2e035fd8ff68b1a8c03537ac21e113ac00d11d77a96ab524ddaad15637c961,sha256:3fdf9d8982aa8b3618659c601848845c5ade29d3885933a533df537d39f880ce,False,0,False,0,0,0,0,0,0,2316,2366,-50,30,False,True,0,0,0,0
semantic-variation-v1,case-03,0,"[""construction"",""reproduce_at"",""require_uncrowded""]",7103,random_same_mask,valid,"{""construction"":""until_nonzero"",""movement"":""seek_opposite"",""reproduce_at"":11,""require_uncrowded"":true,""schema"":1,""traits"":{""construct"":1,""role"":""producer"",""taste"":1}}",3,0.333333333333,0,0.666666666667,0.333333333333,sha256:2a2e035fd8ff68b1a8c03537ac21e113ac00d11d77a96ab524ddaad15637c961,sha256:f7cd2072b2803ccf8079e024362f1875ab9e1449289ee06743f9aef43571a89d,False,0,False,0,0,0,0,0,0,723,2855,-2132,,True,True,0,0,0,0
semantic-variation-v1,case-03,0,"[""construction"",""reproduce_at"",""require_uncrowded""]",7103,codex_agent_itt,valid,"{""construction"":""until_nonzero"",""movement"":""seek_opposite"",""reproduce_at"":20,""require_uncrowded"":true,""schema"":1,""traits"":{""construct"":1,""role"":""producer"",""taste"":1}}",3,0.388888888889,0,0.666666666667,0.5,sha256:2a2e035fd8ff68b1a8c03537ac21e113ac00d11d77a96ab524ddaad15637c961,sha256:4c339dda3fc1265dd7f48b18dd3951f14f4afe94cdec606f29db39377cb83e77,False,0,False,0,0,0,0,0,0,2322,3419,-1097,,True,True,0,0,0,0
semantic-variation-v1,case-03,0,"[""construction"",""reproduce_at"",""require_uncrowded""]",7104,parent,exact_parent,"{""construction"":""always"",""movement"":""seek_opposite"",""reproduce_at"":14,""require_uncrowded"":false,""schema"":1,""traits"":{""construct"":1,""role"":""producer"",""taste"":1}}",0,0,0,0,0,sha256:68c05ab61f461132a9462697750238e243588b9ce96a23b739870db3e20fdf8b,sha256:3cfc838cd1a96eba7acd1f9a8b183fa8a546bf49baa980b138033f25c189aa80,False,0,False,0,0,0,0,0,0,1765,1845,-80,7,False,True,0,0,0,0
semantic-variation-v1,case-03,0,"[""construction"",""reproduce_at"",""require_uncrowded""]",7104,typed_macro,valid,"{""construction"":""until_nonzero"",""movement"":""seek_opposite"",""reproduce_at"":18,""require_uncrowded"":true,""schema"":1,""traits"":{""construct"":1,""role"":""producer"",""taste"":1}}",3,0.361111111111,0,0.666666666667,0.416666666667,sha256:68c05ab61f461132a9462697750238e243588b9ce96a23b739870db3e20fdf8b,sha256:64738a1b543e5017fcf0e302f14192b7fa031ff1f9438d1b6fdcf117c5eb2de1,False,0,False,0,0,0,0,0,0,1548,1751,-203,25,False,True,0,0,0,0
semantic-variation-v1,case-03,0,"[""construction"",""reproduce_at"",""require_uncrowded""]",7104,random_same_mask,valid,"{""construction"":""until_nonzero"",""movement"":""seek_opposite"",""reproduce_at"":11,""require_uncrowded"":true,""schema"":1,""traits"":{""construct"":1,""role"":""producer"",""taste"":1}}",3,0.333333333333,0,0.666666666667,0.333333333333,sha256:68c05ab61f461132a9462697750238e243588b9ce96a23b739870db3e20fdf8b,sha256:64489acfd5a5a43b1e5b927f2f0d622e0d0ffeafc6312dae2e22504a54ba4ad0,False,0,False,0,0,0,0,0,0,496,1352,-856,,True,True,0,0,0,0
semantic-variation-v1,case-03,0,"[""construction"",""reproduce_at"",""require_uncrowded""]",7104,codex_agent_itt,valid,"{""construction"":""until_nonzero"",""movement"":""seek_opposite"",""reproduce_at"":20,""require_uncrowded"":true,""schema"":1,""traits"":{""construct"":1,""role"":""producer"",""taste"":1}}",3,0.388888888889,0,0.666666666667,0.5,sha256:68c05ab61f461132a9462697750238e243588b9ce96a23b739870db3e20fdf8b,sha256:a36d3453703e0f9e299402f3b524eb8e876bf1ea487527a7af2e1df250cea5f7,False,0,False,0,0,0,0,0,0,900,1462,-562,,True,True,0,0,0,0
semantic-variation-v1,case-03,0,"[""construction"",""reproduce_at"",""require_uncrowded""]",7105,parent,exact_parent,"{""construction"":""always"",""movement"":""seek_opposite"",""reproduce_at"":14,""require_uncrowded"":false,""schema"":1,""traits"":{""construct"":1,""role"":""producer"",""taste"":1}}",0,0,0,0,0,sha256:0de3e94243530c8699e44537a6d85f4e3a1b139c6b905a797a9a601763f8b541,sha256:aba82c8a6f6b912e3a2adfc198f36d52eaa47d968b589083abae900af6527678,False,0,False,0,0,0,0,0,0,1301,1793,-492,,True,True,0,0,0,0
semantic-variation-v1,case-03,0,"[""construction"",""reproduce_at"",""require_uncrowded""]",7105,typed_macro,valid,"{""construction"":""until_nonzero"",""movement"":""seek_opposite"",""reproduce_at"":18,""require_uncrowded"":true,""schema"":1,""traits"":{""construct"":1,""role"":""producer"",""taste"":1}}",3,0.361111111111,0,0.666666666667,0.416666666667,sha256:0de3e94243530c8699e44537a6d85f4e3a1b139c6b905a797a9a601763f8b541,sha256:5c06c7afad6484f8d00c6850a7376808996572860d7daa8f0eef1cc62c52e4a4,True,0.165918109668,True,21.2761904762,0.759773559774,20.5164169164,81,10,71,174,511,-337,,True,True,0,0,0,0
semantic-variation-v1,case-03,0,"[""construction"",""reproduce_at"",""require_uncrowded""]",7105,random_same_mask,valid,"{""construction"":""until_nonzero"",""movement"":""seek_opposite"",""reproduce_at"":11,""require_uncrowded"":true,""schema"":1,""traits"":{""construct"":1,""role"":""producer"",""taste"":1}}",3,0.333333333333,0,0.666666666667,0.333333333333,sha256:0de3e94243530c8699e44537a6d85f4e3a1b139c6b905a797a9a601763f8b541,sha256:c45b738e894c89f8567cf46f3dce3977523c6a8f974badcbb55b99d57bc0adcd,True,0.108285816036,True,7.57291546173,3.21560887513,4.3573065866,130,53,77,989,919,70,7,False,True,0,0,0,0
semantic-variation-v1,case-03,0,"[""construction"",""reproduce_at"",""require_uncrowded""]",7105,codex_agent_itt,valid,"{""construction"":""until_nonzero"",""movement"":""seek_opposite"",""reproduce_at"":20,""require_uncrowded"":true,""schema"":1,""traits"":{""construct"":1,""role"":""producer"",""taste"":1}}",3,0.388888888889,0,0.666666666667,0.5,sha256:0de3e94243530c8699e44537a6d85f4e3a1b139c6b905a797a9a601763f8b541,sha256:a8d293236865c740814193f32faa6c39e8950b8744f2950b8c86193dd76d03ed,True,0.0460905457289,True,12.8022540755,3.49172996425,9.31052411123,144,68,76,805,1215,-410,,True,True,0,0,0,0
semantic-variation-v1,case-03,0,"[""construction"",""reproduce_at"",""require_uncrowded""]",7106,parent,exact_parent,"{""construction"":""always"",""movement"":""seek_opposite"",""reproduce_at"":14,""require_uncrowded"":false,""schema"":1,""traits"":{""construct"":1,""role"":""producer"",""taste"":1}}",0,0,0,0,0,sha256:7c38697a374c73c1dfd3a1bc30000c94ef176d36672d9fbb1612c8c44797f5ce,sha256:629e6c4f6ae440b85f4e003936c7cdf7ccd84e4b861255b907de78de296f300c,True,0.0554891443167,True,6.20828278992,0.0769230769231,6.131359713,123,1,122,1167,869,298,1,False,True,0,0,0,0
semantic-variation-v1,case-03,0,"[""construction"",""reproduce_at"",""require_uncrowded""]",7106,typed_macro,valid,"{""construction"":""until_nonzero"",""movement"":""seek_opposite"",""reproduce_at"":18,""require_uncrowded"":true,""schema"":1,""traits"":{""construct"":1,""role"":""producer"",""taste"":1}}",3,0.361111111111,0,0.666666666667,0.416666666667,sha256:7c38697a374c73c1dfd3a1bc30000c94ef176d36672d9fbb1612c8c44797f5ce,sha256:b226bb704490a8d798a0c72e7ec34866f777213feb9fe9cfbadfdab0f27d2287,False,0,False,0,0,0,0,0,0,117,527,-410,,True,True,0,0,0,0
semantic-variation-v1,case-03,0,"[""construction"",""reproduce_at"",""require_uncrowded""]",7106,random_same_mask,valid,"{""construction"":""until_nonzero"",""movement"":""seek_opposite"",""reproduce_at"":11,""require_uncrowded"":true,""schema"":1,""traits"":{""construct"":1,""role"":""producer"",""taste"":1}}",3,0.333333333333,0,0.666666666667,0.333333333333,sha256:7c38697a374c73c1dfd3a1bc30000c94ef176d36672d9fbb1612c8c44797f5ce,sha256:9ac090de086f6b00300ad4524b2a303d7e61af212cf1688b5bc9188f27f00aae,True,0.125933032567,True,0.0889328063241,5.91058653529,-5.82165372897,2,170,-168,1265,1651,-386,44,False,True,0,0,0,0
semantic-variation-v1,case-03,0,"[""construction"",""reproduce_at"",""require_uncrowded""]",7106,codex_agent_itt,valid,"{""construction"":""until_nonzero"",""movement"":""seek_opposite"",""reproduce_at"":20,""require_uncrowded"":true,""schema"":1,""traits"":{""construct"":1,""role"":""producer"",""taste"":1}}",3,0.388888888889,0,0.666666666667,0.5,sha256:7c38697a374c73c1dfd3a1bc30000c94ef176d36672d9fbb1612c8c44797f5ce,sha256:914970378855a359b96d8d53844e45f01c364092f2cb0b2e2a4bba51f57aa92a,False,0,False,0,0,0,0,0,0,117,527,-410,,True,True,0,0,0,0
semantic-variation-v1,case-03,0,"[""construction"",""reproduce_at"",""require_uncrowded""]",7107,parent,exact_parent,"{""construction"":""always"",""movement"":""seek_opposite"",""reproduce_at"":14,""require_uncrowded"":false,""schema"":1,""traits"":{""construct"":1,""role"":""producer"",""taste"":1}}",0,0,0,0,0,sha256:82e05853b640ba41a0ef5bd86c413edd2379b1f62a430d0783d27ce8f27ec096,sha256:1d388c1d835842fa5d687ce24c79bb15227bb929a10802a0fcd377640a796a5f,False,0.0613616456008,False,0,0,0,0,0,0,890,1832,-942,,True,True,0,0,0,0
semantic-variation-v1,case-03,0,"[""construction"",""reproduce_at"",""require_uncrowded""]",7107,typed_macro,valid,"{""construction"":""until_nonzero"",""movement"":""seek_opposite"",""reproduce_at"":18,""require_uncrowded"":true,""schema"":1,""traits"":{""construct"":1,""role"":""producer"",""taste"":1}}",3,0.361111111111,0,0.666666666667,0.416666666667,sha256:82e05853b640ba41a0ef5bd86c413edd2379b1f62a430d0783d27ce8f27ec096,sha256:3f439c3a861db3aceac0a09d3a92a8d7731360f697574d5772d3a51e902a8626,False,0,False,0,0,0,0,0,0,2062,1241,821,6,False,True,0,0,0,0
semantic-variation-v1,case-03,0,"[""construction"",""reproduce_at"",""require_uncrowded""]",7107,random_same_mask,valid,"{""construction"":""until_nonzero"",""movement"":""seek_opposite"",""reproduce_at"":11,""require_uncrowded"":true,""schema"":1,""traits"":{""construct"":1,""role"":""producer"",""taste"":1}}",3,0.333333333333,0,0.666666666667,0.333333333333,sha256:82e05853b640ba41a0ef5bd86c413edd2379b1f62a430d0783d27ce8f27ec096,sha256:f0f7d77297f1592176e6ddda9ee6c6fe33117a00b34a0c5a9030c37a3b233458,False,0,False,0,0,0,0,0,0,1662,2377,-715,19,False,True,0,0,0,0
semantic-variation-v1,case-03,0,"[""construction"",""reproduce_at"",""require_uncrowded""]",7107,codex_agent_itt,valid,"{""construction"":""until_nonzero"",""movement"":""seek_opposite"",""reproduce_at"":20,""require_uncrowded"":true,""schema"":1,""traits"":{""construct"":1,""role"":""producer"",""taste"":1}}",3,0.388888888889,0,0.666666666667,0.5,sha256:82e05853b640ba41a0ef5bd86c413edd2379b1f62a430d0783d27ce8f27ec096,sha256:6c69ebc4872e12c1b8e06a66fc49182aef8257132af8fe292adce164714ed986,False,0,False,0,0,0,0,0,0,1487,1742,-255,32,False,True,0,0,0,0
semantic-variation-v1,case-04,1,"[""movement"",""construction"",""reproduce_at""]",7100,parent,exact_parent,"{""construction"":""always"",""movement"":""seek_opposite"",""reproduce_at"":20,""require_uncrowded"":false,""schema"":1,""traits"":{""construct"":-1,""role"":""recycler"",""taste"":-1}}",0,0,0,0,0,sha256:e8bff0e4c74a22ccec8ffbd79b1add7bc7ac2b9f75300c1f75b14bc2e7267e6f,sha256:7f546d23e0eda491aea1adb5e613b501e648cbc31d9de15f57db3be121f7b3dd,True,0.0737608728209,False,0,5.81893413646,-5.81893413646,0,164,-164,1382,1704,-322,36,False,True,0,0,0,0
semantic-variation-v1,case-04,1,"[""movement"",""construction"",""reproduce_at""]",7100,typed_macro,valid,"{""construction"":""until_nonzero"",""movement"":""seek_resource"",""reproduce_at"":12,""require_uncrowded"":false,""schema"":1,""traits"":{""construct"":-1,""role"":""recycler"",""taste"":-1}}",3,0.583333333333,0.75,0.666666666667,0.333333333333,sha256:e8bff0e4c74a22ccec8ffbd79b1add7bc7ac2b9f75300c1f75b14bc2e7267e6f,sha256:9d68ff92169b93c97cfc4aef9efd68c0282d1194487cc107f14f87ecab85ac58,False,0,False,0,0,0,0,0,0,2239,2617,-378,27,False,True,0,0,0,0
semantic-variation-v1,case-04,1,"[""movement"",""construction"",""reproduce_at""]",7100,random_same_mask,valid,"{""construction"":""never"",""movement"":""stay_if_fed"",""reproduce_at"":26,""require_uncrowded"":false,""schema"":1,""traits"":{""construct"":-1,""role"":""recycler"",""taste"":-1}}",3,0.659722222222,0.8125,1,0.166666666667,sha256:e8bff0e4c74a22ccec8ffbd79b1add7bc7ac2b9f75300c1f75b14bc2e7267e6f,sha256:e8a0d1f2847f2e61bd396f913bb4259bf9fea819f6fb860b78d3c87d0107957f,True,0.114062994232,True,3.33435672515,10.3840613992,-7.04970467401,60,218,-158,1084,1271,-187,32,False,True,0,0,0,0
semantic-variation-v1,case-04,1,"[""movement"",""construction"",""reproduce_at""]",7100,codex_agent_itt,valid,"{""construction"":""until_nonzero"",""movement"":""stay_if_fed"",""reproduce_at"":24,""require_uncrowded"":false,""schema"":1,""traits"":{""construct"":-1,""role"":""recycler"",""taste"":-1}}",3,0.493055555556,0.8125,0.666666666667,0,sha256:e8bff0e4c74a22ccec8ffbd79b1add7bc7ac2b9f75300c1f75b14bc2e7267e6f,sha256:74960db2c037254667b6f21392a637eedf89811d9a2f007fbcc5c828e3eea01a,False,0.00668745668746,False,0,0,0,0,0,0,1331,1314,17,22,False,True,0,0,0,0
semantic-variation-v1,case-04,1,"[""movement"",""construction"",""reproduce_at""]",7101,parent,exact_parent,"{""construction"":""always"",""movement"":""seek_opposite"",""reproduce_at"":20,""require_uncrowded"":false,""schema"":1,""traits"":{""construct"":-1,""role"":""recycler"",""taste"":-1}}",0,0,0,0,0,sha256:c8be15f73aff0fa2bcd29b2469cc25f09d83a06ddb9aeda7e778dcbfd197b782,sha256:478fac089ffede7bebeacbdeb85aca400da3e47ff9b63bc1395acbe2506862a2,False,0,False,0,0,0,0,0,0,2363,2394,-31,7,False,True,0,0,0,0
semantic-variation-v1,case-04,1,"[""movement"",""construction"",""reproduce_at""]",7101,typed_macro,valid,"{""construction"":""until_nonzero"",""movement"":""seek_resource"",""reproduce_at"":12,""require_uncrowded"":false,""schema"":1,""traits"":{""construct"":-1,""role"":""recycler"",""taste"":-1}}",3,0.583333333333,0.75,0.666666666667,0.333333333333,sha256:c8be15f73aff0fa2bcd29b2469cc25f09d83a06ddb9aeda7e778dcbfd197b782,sha256:2b603e4aedd9bdb49ae5d742cbf45880dd0fd8eb5efee28baa250eed02756f13,True,0.167035035909,True,13.8042409631,9.84938175744,3.95485920566,765,594,171,3316,3622,-306,11,False,True,0,0,0,0
semantic-variation-v1,case-04,1,"[""movement"",""construction"",""reproduce_at""]",7101,random_same_mask,valid,"{""construction"":""never"",""movement"":""stay_if_fed"",""reproduce_at"":26,""require_uncrowded"":false,""schema"":1,""traits"":{""construct"":-1,""role"":""recycler"",""taste"":-1}}",3,0.659722222222,0.8125,1,0.166666666667,sha256:c8be15f73aff0fa2bcd29b2469cc25f09d83a06ddb9aeda7e778dcbfd197b782,sha256:d4aad2fb432d025dd1854221953f529b4c98bf132b2e1cf7bc2907d56535373e,False,0.00493902439024,False,0,0,0,0,0,0,2392,3124,-732,,True,True,0,0,0,0
semantic-variation-v1,case-04,1,"[""movement"",""construction"",""reproduce_at""]",7101,codex_agent_itt,valid,"{""construction"":""until_nonzero"",""movement"":""stay_if_fed"",""reproduce_at"":24,""require_uncrowded"":false,""schema"":1,""traits"":{""construct"":-1,""role"":""recycler"",""taste"":-1}}",3,0.493055555556,0.8125,0.666666666667,0,sha256:c8be15f73aff0fa2bcd29b2469cc25f09d83a06ddb9aeda7e778dcbfd197b782,sha256:8f9e767b7dd46c312e96bf0fbe431d44ec7c5ac680061a667c624892426bb669,False,0,False,0,0,0,0,0,0,1855,2742,-887,7,False,True,0,0,0,0
semantic-variation-v1,case-04,1,"[""movement"",""construction"",""reproduce_at""]",7102,parent,exact_parent,"{""construction"":""always"",""movement"":""seek_opposite"",""reproduce_at"":20,""require_uncrowded"":false,""schema"":1,""traits"":{""construct"":-1,""role"":""recycler"",""taste"":-1}}",0,0,0,0,0,sha256:4a0c2036a0b774d9a76313acad1cdc63869a11a581cfebc9f643294b46ce6be9,sha256:e2295fdc1aa0d4dc5cf01d48708135b3e8ec5ce3e7d162d06f14e8041ff8739e,False,0,False,0,0,0,0,0,0,232,187,45,2,False,True,0,0,0,0
semantic-variation-v1,case-04,1,"[""movement"",""construction"",""reproduce_at""]",7102,typed_macro,valid,"{""construction"":""until_nonzero"",""movement"":""seek_resource"",""reproduce_at"":12,""require_uncrowded"":false,""schema"":1,""traits"":{""construct"":-1,""role"":""recycler"",""taste"":-1}}",3,0.583333333333,0.75,0.666666666667,0.333333333333,sha256:4a0c2036a0b774d9a76313acad1cdc63869a11a581cfebc9f643294b46ce6be9,sha256:c83c0cdaf91c90051cf159631ef89a09d8255b9aab5b67ff5f1334796825b8ae,True,0.422176813325,True,24.5150404172,27.4397598961,-2.9247194789,1272,1710,-438,3153,3737,-584,16,False,True,0,0,0,0
semantic-variation-v1,case-04,1,"[""movement"",""construction"",""reproduce_at""]",7102,random_same_mask,valid,"{""construction"":""never"",""movement"":""stay_if_fed"",""reproduce_at"":26,""require_uncrowded"":false,""schema"":1,""traits"":{""construct"":-1,""role"":""recycler"",""taste"":-1}}",3,0.659722222222,0.8125,1,0.166666666667,sha256:4a0c2036a0b774d9a76313acad1cdc63869a11a581cfebc9f643294b46ce6be9,sha256:b14aeef4831cbf8944c38fd920ad685a9977ef8679f57e0689426ad12d29d00c,False,0.0567758446467,False,0,0,0,0,0,0,844,2225,-1381,,True,True,0,0,0,0
semantic-variation-v1,case-04,1,"[""movement"",""construction"",""reproduce_at""]",7102,codex_agent_itt,valid,"{""construction"":""until_nonzero"",""movement"":""stay_if_fed"",""reproduce_at"":24,""require_uncrowded"":false,""schema"":1,""traits"":{""construct"":-1,""role"":""recycler"",""taste"":-1}}",3,0.493055555556,0.8125,0.666666666667,0,sha256:4a0c2036a0b774d9a76313acad1cdc63869a11a581cfebc9f643294b46ce6be9,sha256:fbf92aaef54877ddb353ff8a458c27118f4869648dd46feb6863d6b590ae2cdb,False,0,False,0,0,0,0,0,0,36,287,-251,,True,True,0,0,0,0
semantic-variation-v1,case-04,1,"[""movement"",""construction"",""reproduce_at""]",7103,parent,exact_parent,"{""construction"":""always"",""movement"":""seek_opposite"",""reproduce_at"":20,""require_uncrowded"":false,""schema"":1,""traits"":{""construct"":-1,""role"":""recycler"",""taste"":-1}}",0,0,0,0,0,sha256:2a2e035fd8ff68b1a8c03537ac21e113ac00d11d77a96ab524ddaad15637c961,sha256:5c8a3fefb6a1a911f00d7b3a7e5f56c3d1e8e330b02a4b57c755d3013178f0ea,False,0,False,0,0,0,0,0,0,1356,1903,-547,12,False,True,0,0,0,0
semantic-variation-v1,case-04,1,"[""movement"",""construction"",""reproduce_at""]",7103,typed_macro,valid,"{""construction"":""until_nonzero"",""movement"":""seek_resource"",""reproduce_at"":12,""require_uncrowded"":false,""schema"":1,""traits"":{""construct"":-1,""role"":""recycler"",""taste"":-1}}",3,0.583333333333,0.75,0.666666666667,0.333333333333,sha256:2a2e035fd8ff68b1a8c03537ac21e113ac00d11d77a96ab524ddaad15637c961,sha256:99bf5b835408b3b494011cf4508de78d147dcf3a904442b152eaec95a8552ab9,True,0.0801078511946,True,11.0236321652,7.42167909527,3.60195306989,482,393,89,2579,3180,-601,42,False,True,0,0,0,0
semantic-variation-v1,case-04,1,"[""movement"",""construction"",""reproduce_at""]",7103,random_same_mask,valid,"{""construction"":""never"",""movement"":""stay_if_fed"",""reproduce_at"":26,""require_uncrowded"":false,""schema"":1,""traits"":{""construct"":-1,""role"":""recycler"",""taste"":-1}}",3,0.659722222222,0.8125,1,0.166666666667,sha256:2a2e035fd8ff68b1a8c03537ac21e113ac00d11d77a96ab524ddaad15637c961,sha256:e55118122585e1bdf874bd3b698ba8474c57795d45b7beff21fb04e3439e534f,False,0.0180271959316,False,0,0,0,0,0,0,2597,2685,-88,19,False,True,0,0,0,0
semantic-variation-v1,case-04,1,"[""movement"",""construction"",""reproduce_at""]",7103,codex_agent_itt,valid,"{""construction"":""until_nonzero"",""movement"":""stay_if_fed"",""reproduce_at"":24,""require_uncrowded"":false,""schema"":1,""traits"":{""construct"":-1,""role"":""recycler"",""taste"":-1}}",3,0.493055555556,0.8125,0.666666666667,0,sha256:2a2e035fd8ff68b1a8c03537ac21e113ac00d11d77a96ab524ddaad15637c961,sha256:0b7d4f1f3a6039900d096380b8798add5f16a7038d7e87bcdb4867ca7df01a06,False,0,False,0,0,0,0,0,0,1307,1823,-516,,True,True,0,0,0,0
semantic-variation-v1,case-04,1,"[""movement"",""construction"",""reproduce_at""]",7104,parent,exact_parent,"{""construction"":""always"",""movement"":""seek_opposite"",""reproduce_at"":20,""require_uncrowded"":false,""schema"":1,""traits"":{""construct"":-1,""role"":""recycler"",""taste"":-1}}",0,0,0,0,0,sha256:68c05ab61f461132a9462697750238e243588b9ce96a23b739870db3e20fdf8b,sha256:4040a1af51ae8de6f13509341c61072465637e36e579f183a704f00bf28dca0b,True,0.159837424353,True,8.64441069966,13.0806782316,-4.43626753191,254,401,-147,1765,1845,-80,7,False,True,0,0,0,0
semantic-variation-v1,case-04,1,"[""movement"",""construction"",""reproduce_at""]",7104,typed_macro,valid,"{""construction"":""until_nonzero"",""movement"":""seek_resource"",""reproduce_at"":12,""require_uncrowded"":false,""schema"":1,""traits"":{""construct"":-1,""role"":""recycler"",""taste"":-1}}",3,0.583333333333,0.75,0.666666666667,0.333333333333,sha256:68c05ab61f461132a9462697750238e243588b9ce96a23b739870db3e20fdf8b,sha256:34c1f9a36970bc88485cd3a73f1e2b21f472ef2f6475375b2edf44fb3527b0d1,True,0.18952965207,True,12.9351570037,20.1946706289,-7.25951362524,648,996,-348,2930,3000,-70,21,False,True,0,0,0,0
semantic-variation-v1,case-04,1,"[""movement"",""construction"",""reproduce_at""]",7104,random_same_mask,valid,"{""construction"":""never"",""movement"":""stay_if_fed"",""reproduce_at"":26,""require_uncrowded"":false,""schema"":1,""traits"":{""construct"":-1,""role"":""recycler"",""taste"":-1}}",3,0.659722222222,0.8125,1,0.166666666667,sha256:68c05ab61f461132a9462697750238e243588b9ce96a23b739870db3e20fdf8b,sha256:33c5f464f1a8b3cfaa8ffc4ba55de7c0b855511fa927e5083d4f4cfc60680590,True,0.110212322421,True,9.52407301527,8.007190652,1.51688236327,326,369,-43,2068,2916,-848,3,False,True,0,0,0,0
semantic-variation-v1,case-04,1,"[""movement"",""construction"",""reproduce_at""]",7104,codex_agent_itt,valid,"{""construction"":""until_nonzero"",""movement"":""stay_if_fed"",""reproduce_at"":24,""require_uncrowded"":false,""schema"":1,""traits"":{""construct"":-1,""role"":""recycler"",""taste"":-1}}",3,0.493055555556,0.8125,0.666666666667,0,sha256:68c05ab61f461132a9462697750238e243588b9ce96a23b739870db3e20fdf8b,sha256:0fd2160931a034e909ad353970a0b9688f8946fb6da5a9d92132abbe49f99ccf,False,0.0458552407241,False,0,0,0,0,0,0,3214,3740,-526,26,False,True,0,0,0,0
semantic-variation-v1,case-04,1,"[""movement"",""construction"",""reproduce_at""]",7105,parent,exact_parent,"{""construction"":""always"",""movement"":""seek_opposite"",""reproduce_at"":20,""require_uncrowded"":false,""schema"":1,""traits"":{""construct"":-1,""role"":""recycler"",""taste"":-1}}",0,0,0,0,0,sha256:0de3e94243530c8699e44537a6d85f4e3a1b139c6b905a797a9a601763f8b541,sha256:639d21281b0266e14810b5783251c6dff2a72440bda579809f5856bc76628dc0,False,0,False,0,0,0,0,0,0,1301,1793,-492,,True,True,0,0,0,0
semantic-variation-v1,case-04,1,"[""movement"",""construction"",""reproduce_at""]",7105,typed_macro,valid,"{""construction"":""until_nonzero"",""movement"":""seek_resource"",""reproduce_at"":12,""require_uncrowded"":false,""schema"":1,""traits"":{""construct"":-1,""role"":""recycler"",""taste"":-1}}",3,0.583333333333,0.75,0.666666666667,0.333333333333,sha256:0de3e94243530c8699e44537a6d85f4e3a1b139c6b905a797a9a601763f8b541,sha256:07ab1210db9b142a4f376bd6d970456ce7052325492e7b023f5c2ebb26291524,False,0,False,0,0,0,0,0,0,229,596,-367,37,False,True,0,0,0,0
semantic-variation-v1,case-04,1,"[""movement"",""construction"",""reproduce_at""]",7105,random_same_mask,valid,"{""construction"":""never"",""movement"":""stay_if_fed"",""reproduce_at"":26,""require_uncrowded"":false,""schema"":1,""traits"":{""construct"":-1,""role"":""recycler"",""taste"":-1}}",3,0.659722222222,0.8125,1,0.166666666667,sha256:0de3e94243530c8699e44537a6d85f4e3a1b139c6b905a797a9a601763f8b541,sha256:618dffc8c306625089f62de8e3c8c086a85195fe412e221bca376406f9b2d3e3,False,0,False,0,0,0,0,0,0,272,558,-286,38,False,True,0,0,0,0
semantic-variation-v1,case-04,1,"[""movement"",""construction"",""reproduce_at""]",7105,codex_agent_itt,valid,"{""construction"":""until_nonzero"",""movement"":""stay_if_fed"",""reproduce_at"":24,""require_uncrowded"":false,""schema"":1,""traits"":{""construct"":-1,""role"":""recycler"",""taste"":-1}}",3,0.493055555556,0.8125,0.666666666667,0,sha256:0de3e94243530c8699e44537a6d85f4e3a1b139c6b905a797a9a601763f8b541,sha256:7d65c6a1965fce4186d9ca7d0b8837ff60966aeee89f6c66d38391a26fe7a402,False,0,False,0,0,0,0,0,0,131,144,-13,23,False,True,0,0,0,0
semantic-variation-v1,case-04,1,"[""movement"",""construction"",""reproduce_at""]",7106,parent,exact_parent,"{""construction"":""always"",""movement"":""seek_opposite"",""reproduce_at"":20,""require_uncrowded"":false,""schema"":1,""traits"":{""construct"":-1,""role"":""recycler"",""taste"":-1}}",0,0,0,0,0,sha256:7c38697a374c73c1dfd3a1bc30000c94ef176d36672d9fbb1612c8c44797f5ce,sha256:c22c88e5967fb9d0d6bd4c8217c635ea46224fad6534380f95a94ee911d2ccb2,False,0.0299475460682,False,0,0,0,0,0,0,1167,869,298,1,False,True,0,0,0,0
semantic-variation-v1,case-04,1,"[""movement"",""construction"",""reproduce_at""]",7106,typed_macro,valid,"{""construction"":""until_nonzero"",""movement"":""seek_resource"",""reproduce_at"":12,""require_uncrowded"":false,""schema"":1,""traits"":{""construct"":-1,""role"":""recycler"",""taste"":-1}}",3,0.583333333333,0.75,0.666666666667,0.333333333333,sha256:7c38697a374c73c1dfd3a1bc30000c94ef176d36672d9fbb1612c8c44797f5ce,sha256:87b2ea7ed4bef53a1eb4d9699e3e7ad764a69824a9e189727793ab452b520142,True,0.246500934806,True,4.17846775687,9.94419317838,-5.76572542151,69,181,-112,625,1065,-440,,True,True,0,0,0,0
semantic-variation-v1,case-04,1,"[""movement"",""construction"",""reproduce_at""]",7106,random_same_mask,valid,"{""construction"":""never"",""movement"":""stay_if_fed"",""reproduce_at"":26,""require_uncrowded"":false,""schema"":1,""traits"":{""construct"":-1,""role"":""recycler"",""taste"":-1}}",3,0.659722222222,0.8125,1,0.166666666667,sha256:7c38697a374c73c1dfd3a1bc30000c94ef176d36672d9fbb1612c8c44797f5ce,sha256:51eb00cdd51edbdf76e5f06f5c810ed1a4572f1a4bc463e4743971b28fa42038,False,0,False,0,0,0,0,0,0,911,1704,-793,,True,True,0,0,0,0
semantic-variation-v1,case-04,1,"[""movement"",""construction"",""reproduce_at""]",7106,codex_agent_itt,valid,"{""construction"":""until_nonzero"",""movement"":""stay_if_fed"",""reproduce_at"":24,""require_uncrowded"":false,""schema"":1,""traits"":{""construct"":-1,""role"":""recycler"",""taste"":-1}}",3,0.493055555556,0.8125,0.666666666667,0,sha256:7c38697a374c73c1dfd3a1bc30000c94ef176d36672d9fbb1612c8c44797f5ce,sha256:0a4b1875ae82bcc34925a796bd33c699365508567f7b0ffaa2de98b6103c15bb,False,0,False,0,0,0,0,0,0,691,1171,-480,,True,True,0,0,0,0
semantic-variation-v1,case-04,1,"[""movement"",""construction"",""reproduce_at""]",7107,parent,exact_parent,"{""construction"":""always"",""movement"":""seek_opposite"",""reproduce_at"":20,""require_uncrowded"":false,""schema"":1,""traits"":{""construct"":-1,""role"":""recycler"",""taste"":-1}}",0,0,0,0,0,sha256:82e05853b640ba41a0ef5bd86c413edd2379b1f62a430d0783d27ce8f27ec096,sha256:31ce56a02fcf6b932d7b85c9682d492717f811e810c1b78cee09b45683041bea,True,0.134228865338,True,1.22357642358,0.964486390802,0.259090032774,16,21,-5,890,1832,-942,,True,True,0,0,0,0
semantic-variation-v1,case-04,1,"[""movement"",""construction"",""reproduce_at""]",7107,typed_macro,valid,"{""construction"":""until_nonzero"",""movement"":""seek_resource"",""reproduce_at"":12,""require_uncrowded"":false,""schema"":1,""traits"":{""construct"":-1,""role"":""recycler"",""taste"":-1}}",3,0.583333333333,0.75,0.666666666667,0.333333333333,sha256:82e05853b640ba41a0ef5bd86c413edd2379b1f62a430d0783d27ce8f27ec096,sha256:21851833379f07c2ebdcc99c7d311026232518e21eaff3b79adf994518999314,True,0.297152276411,True,14.6770850402,12.8102335396,1.8668515006,636,717,-81,2649,3367,-718,28,False,True,0,0,0,0
semantic-variation-v1,case-04,1,"[""movement"",""construction"",""reproduce_at""]",7107,random_same_mask,valid,"{""construction"":""never"",""movement"":""stay_if_fed"",""reproduce_at"":26,""require_uncrowded"":false,""schema"":1,""traits"":{""construct"":-1,""role"":""recycler"",""taste"":-1}}",3,0.659722222222,0.8125,1,0.166666666667,sha256:82e05853b640ba41a0ef5bd86c413edd2379b1f62a430d0783d27ce8f27ec096,sha256:e7a277a55dc3f92c7e1e8fee191eaf0ffb941d45a5899057cf539cf5bbe6fb55,True,0.0304987965198,False,0,0,0,0,0,0,2267,2298,-31,9,False,True,0,0,0,0
semantic-variation-v1,case-04,1,"[""movement"",""construction"",""reproduce_at""]",7107,codex_agent_itt,valid,"{""construction"":""until_nonzero"",""movement"":""stay_if_fed"",""reproduce_at"":24,""require_uncrowded"":false,""schema"":1,""traits"":{""construct"":-1,""role"":""recycler"",""taste"":-1}}",3,0.493055555556,0.8125,0.666666666667,0,sha256:82e05853b640ba41a0ef5bd86c413edd2379b1f62a430d0783d27ce8f27ec096,sha256:6c83ee5a81e79b9acb2bc75431b02b0a461ee1b7a3aadedd6b78d87f718d4f2a,True,0.116622447985,True,1.175,1.17753561558,-0.00253561558435,18,30,-12,1418,1964,-546,52,False,True,0,0,0,0
semantic-variation-v1,case-05,1,"[""movement"",""construction"",""require_uncrowded""]",7100,parent,exact_parent,"{""construction"":""always"",""movement"":""seek_opposite"",""reproduce_at"":20,""require_uncrowded"":false,""schema"":1,""traits"":{""construct"":-1,""role"":""recycler"",""taste"":-1}}",0,0,0,0,0,sha256:e8bff0e4c74a22ccec8ffbd79b1add7bc7ac2b9f75300c1f75b14bc2e7267e6f,sha256:362f98417ccda27e4abfb7199efe9f55d02f8288f4d0fecf38eb2cf37a78259d,True,0.0737608728209,False,0,5.81893413646,-5.81893413646,0,164,-164,1382,1704,-322,36,False,True,0,0,0,0
semantic-variation-v1,case-05,1,"[""movement"",""construction"",""require_uncrowded""]",7100,typed_macro,valid,"{""construction"":""until_nonzero"",""movement"":""seek_resource"",""reproduce_at"":20,""require_uncrowded"":true,""schema"":1,""traits"":{""construct"":-1,""role"":""recycler"",""taste"":-1}}",3,0.527777777778,0.75,0.666666666667,0.166666666667,sha256:e8bff0e4c74a22ccec8ffbd79b1add7bc7ac2b9f75300c1f75b14bc2e7267e6f,sha256:f0e923e8222923003849a25b1aee019bc5513b1df3248faad3e98aa39f593dcb,False,0.0177080278592,False,0,0,0,0,0,0,1508,1402,106,11,False,True,0,0,0,0
semantic-variation-v1,case-05,1,"[""movement"",""construction"",""require_uncrowded""]",7100,random_same_mask,valid,"{""construction"":""until_nonzero"",""movement"":""stay_if_fed"",""reproduce_at"":20,""require_uncrowded"":true,""schema"":1,""traits"":{""construct"":-1,""role"":""recycler"",""taste"":-1}}",3,0.548611111111,0.8125,0.666666666667,0.166666666667,sha256:e8bff0e4c74a22ccec8ffbd79b1add7bc7ac2b9f75300c1f75b14bc2e7267e6f,sha256:1a97c243d74096dc0d58cfc9fd9918a19dbd2917b9a9661d627e30fa7a76d99d,True,0.094431531916,True,0.288778765095,0.0357142857143,0.25306447938,6,1,5,1267,1352,-85,23,False,True,0,0,0,0
semantic-variation-v1,case-05,1,"[""movement"",""construction"",""require_uncrowded""]",7100,codex_agent_itt,valid,"{""construction"":""until_nonzero"",""movement"":""stay_if_fed"",""reproduce_at"":20,""require_uncrowded"":true,""schema"":1,""traits"":{""construct"":-1,""role"":""recycler"",""taste"":-1}}",3,0.548611111111,0.8125,0.666666666667,0.166666666667,sha256:e8bff0e4c74a22ccec8ffbd79b1add7bc7ac2b9f75300c1f75b14bc2e7267e6f,sha256:1a97c243d74096dc0d58cfc9fd9918a19dbd2917b9a9661d627e30fa7a76d99d,True,0.094431531916,True,0.288778765095,0.0357142857143,0.25306447938,6,1,5,1267,1352,-85,23,False,True,0,0,0,0
semantic-variation-v1,case-05,1,"[""movement"",""construction"",""require_uncrowded""]",7101,parent,exact_parent,"{""construction"":""always"",""movement"":""seek_opposite"",""reproduce_at"":20,""require_uncrowded"":false,""schema"":1,""traits"":{""construct"":-1,""role"":""recycler"",""taste"":-1}}",0,0,0,0,0,sha256:c8be15f73aff0fa2bcd29b2469cc25f09d83a06ddb9aeda7e778dcbfd197b782,sha256:c69d7d92177344e3b9d2b57c7231642281907831e3ddfef4722c6eebfdb61167,False,0,False,0,0,0,0,0,0,2363,2394,-31,7,False,True,0,0,0,0
semantic-variation-v1,case-05,1,"[""movement"",""construction"",""require_uncrowded""]",7101,typed_macro,valid,"{""construction"":""until_nonzero"",""movement"":""seek_resource"",""reproduce_at"":20,""require_uncrowded"":true,""schema"":1,""traits"":{""construct"":-1,""role"":""recycler"",""taste"":-1}}",3,0.527777777778,0.75,0.666666666667,0.166666666667,sha256:c8be15f73aff0fa2bcd29b2469cc25f09d83a06ddb9aeda7e778dcbfd197b782,sha256:913808dfcf7762b12fbe9a8c0ba577cda9e5d646c9415516ffd1139913c3d03b,False,0.0185329051118,False,0,0,0,0,0,0,2524,3724,-1200,,True,True,0,0,0,0
semantic-variation-v1,case-05,1,"[""movement"",""construction"",""require_uncrowded""]",7101,random_same_mask,valid,"{""construction"":""until_nonzero"",""movement"":""stay_if_fed"",""reproduce_at"":20,""require_uncrowded"":true,""schema"":1,""traits"":{""construct"":-1,""role"":""recycler"",""taste"":-1}}",3,0.548611111111,0.8125,0.666666666667,0.166666666667,sha256:c8be15f73aff0fa2bcd29b2469cc25f09d83a06ddb9aeda7e778dcbfd197b782,sha256:6bd208be75be4f49782a6d526e526dd1034e3c13264378d6a791ed94793b2310,False,0,False,0,0,0,0,0,0,1855,2742,-887,7,False,True,0,0,0,0
semantic-variation-v1,case-05,1,"[""movement"",""construction"",""require_uncrowded""]",7101,codex_agent_itt,valid,"{""construction"":""until_nonzero"",""movement"":""stay_if_fed"",""reproduce_at"":20,""require_uncrowded"":true,""schema"":1,""traits"":{""construct"":-1,""role"":""recycler"",""taste"":-1}}",3,0.548611111111,0.8125,0.666666666667,0.166666666667,sha256:c8be15f73aff0fa2bcd29b2469cc25f09d83a06ddb9aeda7e778dcbfd197b782,sha256:6bd208be75be4f49782a6d526e526dd1034e3c13264378d6a791ed94793b2310,False,0,False,0,0,0,0,0,0,1855,2742,-887,7,False,True,0,0,0,0
semantic-variation-v1,case-05,1,"[""movement"",""construction"",""require_uncrowded""]",7102,parent,exact_parent,"{""construction"":""always"",""movement"":""seek_opposite"",""reproduce_at"":20,""require_uncrowded"":false,""schema"":1,""traits"":{""construct"":-1,""role"":""recycler"",""taste"":-1}}",0,0,0,0,0,sha256:4a0c2036a0b774d9a76313acad1cdc63869a11a581cfebc9f643294b46ce6be9,sha256:e01d2609185638baefca94351b767549919a417e39957bff0b8e3e56f5c65e14,False,0,False,0,0,0,0,0,0,232,187,45,2,False,True,0,0,0,0
semantic-variation-v1,case-05,1,"[""movement"",""construction"",""require_uncrowded""]",7102,typed_macro,valid,"{""construction"":""until_nonzero"",""movement"":""seek_resource"",""reproduce_at"":20,""require_uncrowded"":true,""schema"":1,""traits"":{""construct"":-1,""role"":""recycler"",""taste"":-1}}",3,0.527777777778,0.75,0.666666666667,0.166666666667,sha256:4a0c2036a0b774d9a76313acad1cdc63869a11a581cfebc9f643294b46ce6be9,sha256:970c0fd942d807b4a8479a1c20ed47bb0077c80dfed730dfe9ceff2f79b9e462,False,0,False,0,0,0,0,0,0,336,404,-68,2,False,True,0,0,0,0
semantic-variation-v1,case-05,1,"[""movement"",""construction"",""require_uncrowded""]",7102,random_same_mask,valid,"{""construction"":""until_nonzero"",""movement"":""stay_if_fed"",""reproduce_at"":20,""require_uncrowded"":true,""schema"":1,""traits"":{""construct"":-1,""role"":""recycler"",""taste"":-1}}",3,0.548611111111,0.8125,0.666666666667,0.166666666667,sha256:4a0c2036a0b774d9a76313acad1cdc63869a11a581cfebc9f643294b46ce6be9,sha256:737610979e53e45c6a5ac4dcb368222f27392a37e5d0baa9cac797083028ce7d,False,0,False,0,0,0,0,0,0,394,323,71,3,False,True,0,0,0,0
semantic-variation-v1,case-05,1,"[""movement"",""construction"",""require_uncrowded""]",7102,codex_agent_itt,valid,"{""construction"":""until_nonzero"",""movement"":""stay_if_fed"",""reproduce_at"":20,""require_uncrowded"":true,""schema"":1,""traits"":{""construct"":-1,""role"":""recycler"",""taste"":-1}}",3,0.548611111111,0.8125,0.666666666667,0.166666666667,sha256:4a0c2036a0b774d9a76313acad1cdc63869a11a581cfebc9f643294b46ce6be9,sha256:737610979e53e45c6a5ac4dcb368222f27392a37e5d0baa9cac797083028ce7d,False,0,False,0,0,0,0,0,0,394,323,71,3,False,True,0,0,0,0
semantic-variation-v1,case-05,1,"[""movement"",""construction"",""require_uncrowded""]",7103,parent,exact_parent,"{""construction"":""always"",""movement"":""seek_opposite"",""reproduce_at"":20,""require_uncrowded"":false,""schema"":1,""traits"":{""construct"":-1,""role"":""recycler"",""taste"":-1}}",0,0,0,0,0,sha256:2a2e035fd8ff68b1a8c03537ac21e113ac00d11d77a96ab524ddaad15637c961,sha256:94bcbe3a74fb73a4843c6f559bae671f95812c33087a88fe87251525820f2a13,False,0,False,0,0,0,0,0,0,1356,1903,-547,12,False,True,0,0,0,0
semantic-variation-v1,case-05,1,"[""movement"",""construction"",""require_uncrowded""]",7103,typed_macro,valid,"{""construction"":""until_nonzero"",""movement"":""seek_resource"",""reproduce_at"":20,""require_uncrowded"":true,""schema"":1,""traits"":{""construct"":-1,""role"":""recycler"",""taste"":-1}}",3,0.527777777778,0.75,0.666666666667,0.166666666667,sha256:2a2e035fd8ff68b1a8c03537ac21e113ac00d11d77a96ab524ddaad15637c961,sha256:210824bf9f4f5ba4d17c47a0c973df5d8d65d1d1fe2bafe330de1ff36e5389d5,True,0.126791336868,True,6.99323139267,3.8988468791,3.09438451357,350,215,135,2941,3366,-425,39,False,True,0,0,0,0
semantic-variation-v1,case-05,1,"[""movement"",""construction"",""require_uncrowded""]",7103,random_same_mask,valid,"{""construction"":""until_nonzero"",""movement"":""stay_if_fed"",""reproduce_at"":20,""require_uncrowded"":true,""schema"":1,""traits"":{""construct"":-1,""role"":""recycler"",""taste"":-1}}",3,0.548611111111,0.8125,0.666666666667,0.166666666667,sha256:2a2e035fd8ff68b1a8c03537ac21e113ac00d11d77a96ab524ddaad15637c961,sha256:de0be7d2437eda15ef09af04b4bf2d0d39f593b75f43782a2989e29bff89e4f4,False,0,False,0,0,0,0,0,0,1307,1823,-516,,True,True,0,0,0,0
semantic-variation-v1,case-05,1,"[""movement"",""construction"",""require_uncrowded""]",7103,codex_agent_itt,valid,"{""construction"":""until_nonzero"",""movement"":""stay_if_fed"",""reproduce_at"":20,""require_uncrowded"":true,""schema"":1,""traits"":{""construct"":-1,""role"":""recycler"",""taste"":-1}}",3,0.548611111111,0.8125,0.666666666667,0.166666666667,sha256:2a2e035fd8ff68b1a8c03537ac21e113ac00d11d77a96ab524ddaad15637c961,sha256:de0be7d2437eda15ef09af04b4bf2d0d39f593b75f43782a2989e29bff89e4f4,False,0,False,0,0,0,0,0,0,1307,1823,-516,,True,True,0,0,0,0
semantic-variation-v1,case-05,1,"[""movement"",""construction"",""require_uncrowded""]",7104,parent,exact_parent,"{""construction"":""always"",""movement"":""seek_opposite"",""reproduce_at"":20,""require_uncrowded"":false,""schema"":1,""traits"":{""construct"":-1,""role"":""recycler"",""taste"":-1}}",0,0,0,0,0,sha256:68c05ab61f461132a9462697750238e243588b9ce96a23b739870db3e20fdf8b,sha256:5131742394b12e47d6bd2827745b2109086f43907bfe62bfc5702d9bdbe4a53b,True,0.159837424353,True,8.64441069966,13.0806782316,-4.43626753191,254,401,-147,1765,1845,-80,7,False,True,0,0,0,0
semantic-variation-v1,case-05,1,"[""movement"",""construction"",""require_uncrowded""]",7104,typed_macro,valid,"{""construction"":""until_nonzero"",""movement"":""seek_resource"",""reproduce_at"":20,""require_uncrowded"":true,""schema"":1,""traits"":{""construct"":-1,""role"":""recycler"",""taste"":-1}}",3,0.527777777778,0.75,0.666666666667,0.166666666667,sha256:68c05ab61f461132a9462697750238e243588b9ce96a23b739870db3e20fdf8b,sha256:486a906c82a585557882392e2a176dacc2954ad302eedb8cc2fd269ff95aaf3c,True,0.0664942714811,True,4.52657732295,12.5898789814,-8.06330165846,154,515,-361,1963,2453,-490,14,False,True,0,0,0,0
semantic-variation-v1,case-05,1,"[""movement"",""construction"",""require_uncrowded""]",7104,random_same_mask,valid,"{""construction"":""until_nonzero"",""movement"":""stay_if_fed"",""reproduce_at"":20,""require_uncrowded"":true,""schema"":1,""traits"":{""construct"":-1,""role"":""recycler"",""taste"":-1}}",3,0.548611111111,0.8125,0.666666666667,0.166666666667,sha256:68c05ab61f461132a9462697750238e243588b9ce96a23b739870db3e20fdf8b,sha256:e0533645c9758239203611a7b7a6e604e63672301119540a49795cd433d06cda,True,0.0730233171681,False,0,0,0,0,0,0,1530,1911,-381,12,False,True,0,0,0,0
semantic-variation-v1,case-05,1,"[""movement"",""construction"",""require_uncrowded""]",7104,codex_agent_itt,valid,"{""construction"":""until_nonzero"",""movement"":""stay_if_fed"",""reproduce_at"":20,""require_uncrowded"":true,""schema"":1,""traits"":{""construct"":-1,""role"":""recycler"",""taste"":-1}}",3,0.548611111111,0.8125,0.666666666667,0.166666666667,sha256:68c05ab61f461132a9462697750238e243588b9ce96a23b739870db3e20fdf8b,sha256:e0533645c9758239203611a7b7a6e604e63672301119540a49795cd433d06cda,True,0.0730233171681,False,0,0,0,0,0,0,1530,1911,-381,12,False,True,0,0,0,0
semantic-variation-v1,case-05,1,"[""movement"",""construction"",""require_uncrowded""]",7105,parent,exact_parent,"{""construction"":""always"",""movement"":""seek_opposite"",""reproduce_at"":20,""require_uncrowded"":false,""schema"":1,""traits"":{""construct"":-1,""role"":""recycler"",""taste"":-1}}",0,0,0,0,0,sha256:0de3e94243530c8699e44537a6d85f4e3a1b139c6b905a797a9a601763f8b541,sha256:b9bf54295ba11f9309e50c9e84839f240eeacd053e65082dd096e3611dd288b8,False,0,False,0,0,0,0,0,0,1301,1793,-492,,True,True,0,0,0,0
semantic-variation-v1,case-05,1,"[""movement"",""construction"",""require_uncrowded""]",7105,typed_macro,valid,"{""construction"":""until_nonzero"",""movement"":""seek_resource"",""reproduce_at"":20,""require_uncrowded"":true,""schema"":1,""traits"":{""construct"":-1,""role"":""recycler"",""taste"":-1}}",3,0.527777777778,0.75,0.666666666667,0.166666666667,sha256:0de3e94243530c8699e44537a6d85f4e3a1b139c6b905a797a9a601763f8b541,sha256:7deb0ef5f8e129039b01c683eaf5cad99e6c324921de277426aa8823889c5502,False,0,False,0,0,0,0,0,0,229,596,-367,37,False,True,0,0,0,0
semantic-variation-v1,case-05,1,"[""movement"",""construction"",""require_uncrowded""]",7105,random_same_mask,valid,"{""construction"":""until_nonzero"",""movement"":""stay_if_fed"",""reproduce_at"":20,""require_uncrowded"":true,""schema"":1,""traits"":{""construct"":-1,""role"":""recycler"",""taste"":-1}}",3,0.548611111111,0.8125,0.666666666667,0.166666666667,sha256:0de3e94243530c8699e44537a6d85f4e3a1b139c6b905a797a9a601763f8b541,sha256:6c690b23f73eecc033ecd6e5dd556e219b323699af40e94a662a7ab4f3bebb39,False,0,False,0,0,0,0,0,0,131,144,-13,23,False,True,0,0,0,0
semantic-variation-v1,case-05,1,"[""movement"",""construction"",""require_uncrowded""]",7105,codex_agent_itt,valid,"{""construction"":""until_nonzero"",""movement"":""stay_if_fed"",""reproduce_at"":20,""require_uncrowded"":true,""schema"":1,""traits"":{""construct"":-1,""role"":""recycler"",""taste"":-1}}",3,0.548611111111,0.8125,0.666666666667,0.166666666667,sha256:0de3e94243530c8699e44537a6d85f4e3a1b139c6b905a797a9a601763f8b541,sha256:6c690b23f73eecc033ecd6e5dd556e219b323699af40e94a662a7ab4f3bebb39,False,0,False,0,0,0,0,0,0,131,144,-13,23,False,True,0,0,0,0
semantic-variation-v1,case-05,1,"[""movement"",""construction"",""require_uncrowded""]",7106,parent,exact_parent,"{""construction"":""always"",""movement"":""seek_opposite"",""reproduce_at"":20,""require_uncrowded"":false,""schema"":1,""traits"":{""construct"":-1,""role"":""recycler"",""taste"":-1}}",0,0,0,0,0,sha256:7c38697a374c73c1dfd3a1bc30000c94ef176d36672d9fbb1612c8c44797f5ce,sha256:bec17fdbf3bec2578cd0ed35e620c18ac9a5e230e2d143cfae88d0030c5d683d,False,0.0299475460682,False,0,0,0,0,0,0,1167,869,298,1,False,True,0,0,0,0
semantic-variation-v1,case-05,1,"[""movement"",""construction"",""require_uncrowded""]",7106,typed_macro,valid,"{""construction"":""until_nonzero"",""movement"":""seek_resource"",""reproduce_at"":20,""require_uncrowded"":true,""schema"":1,""traits"":{""construct"":-1,""role"":""recycler"",""taste"":-1}}",3,0.527777777778,0.75,0.666666666667,0.166666666667,sha256:7c38697a374c73c1dfd3a1bc30000c94ef176d36672d9fbb1612c8c44797f5ce,sha256:e881980ab04475abb1a4e169b5e427b4c8c0416278059c0ff4a31c1793c781b2,True,0.104773863955,True,5.01086968587,8.26905800168,-3.25818831581,58,126,-68,702,933,-231,19,False,True,0,0,0,0
semantic-variation-v1,case-05,1,"[""movement"",""construction"",""require_uncrowded""]",7106,random_same_mask,valid,"{""construction"":""until_nonzero"",""movement"":""stay_if_fed"",""reproduce_at"":20,""require_uncrowded"":true,""schema"":1,""traits"":{""construct"":-1,""role"":""recycler"",""taste"":-1}}",3,0.548611111111,0.8125,0.666666666667,0.166666666667,sha256:7c38697a374c73c1dfd3a1bc30000c94ef176d36672d9fbb1612c8c44797f5ce,sha256:d3b6275c20d5d008ac03f7619c2820bddc41a9756b2215311c8e64d12b1a4dfa,False,0.0481819761656,False,0,0,0,0,0,0,1513,1331,182,1,False,True,0,0,0,0
semantic-variation-v1,case-05,1,"[""movement"",""construction"",""require_uncrowded""]",7106,codex_agent_itt,valid,"{""construction"":""until_nonzero"",""movement"":""stay_if_fed"",""reproduce_at"":20,""require_uncrowded"":true,""schema"":1,""traits"":{""construct"":-1,""role"":""recycler"",""taste"":-1}}",3,0.548611111111,0.8125,0.666666666667,0.166666666667,sha256:7c38697a374c73c1dfd3a1bc30000c94ef176d36672d9fbb1612c8c44797f5ce,sha256:d3b6275c20d5d008ac03f7619c2820bddc41a9756b2215311c8e64d12b1a4dfa,False,0.0481819761656,False,0,0,0,0,0,0,1513,1331,182,1,False,True,0,0,0,0
semantic-variation-v1,case-05,1,"[""movement"",""construction"",""require_uncrowded""]",7107,parent,exact_parent,"{""construction"":""always"",""movement"":""seek_opposite"",""reproduce_at"":20,""require_uncrowded"":false,""schema"":1,""traits"":{""construct"":-1,""role"":""recycler"",""taste"":-1}}",0,0,0,0,0,sha256:82e05853b640ba41a0ef5bd86c413edd2379b1f62a430d0783d27ce8f27ec096,sha256:4c8e35920435acd3d0d1ec67a7ba9c7efe6eb2aca10e57eead2bc5d3867cdd20,True,0.134228865338,True,1.22357642358,0.964486390802,0.259090032774,16,21,-5,890,1832,-942,,True,True,0,0,0,0
semantic-variation-v1,case-05,1,"[""movement"",""construction"",""require_uncrowded""]",7107,typed_macro,valid,"{""construction"":""until_nonzero"",""movement"":""seek_resource"",""reproduce_at"":20,""require_uncrowded"":true,""schema"":1,""traits"":{""construct"":-1,""role"":""recycler"",""taste"":-1}}",3,0.527777777778,0.75,0.666666666667,0.166666666667,sha256:82e05853b640ba41a0ef5bd86c413edd2379b1f62a430d0783d27ce8f27ec096,sha256:24d904972014b6738bcd46573dc270eb58d0fb99bc20e91039ef5929f89f1d12,False,0.0219729135427,False,0,0,0,0,0,0,2090,2536,-446,40,False,True,0,0,0,0
semantic-variation-v1,case-05,1,"[""movement"",""construction"",""require_uncrowded""]",7107,random_same_mask,valid,"{""construction"":""until_nonzero"",""movement"":""stay_if_fed"",""reproduce_at"":20,""require_uncrowded"":true,""schema"":1,""traits"":{""construct"":-1,""role"":""recycler"",""taste"":-1}}",3,0.548611111111,0.8125,0.666666666667,0.166666666667,sha256:82e05853b640ba41a0ef5bd86c413edd2379b1f62a430d0783d27ce8f27ec096,sha256:7e165eb03085dd395b01282872e79ca28a33916d6ce7c42e04a173832f9934c6,True,0.133135330369,True,0.64489010989,1.3859484733,-0.741058363411,16,39,-23,1444,1680,-236,8,False,True,0,0,0,0
semantic-variation-v1,case-05,1,"[""movement"",""construction"",""require_uncrowded""]",7107,codex_agent_itt,valid,"{""construction"":""until_nonzero"",""movement"":""stay_if_fed"",""reproduce_at"":20,""require_uncrowded"":true,""schema"":1,""traits"":{""construct"":-1,""role"":""recycler"",""taste"":-1}}",3,0.548611111111,0.8125,0.666666666667,0.166666666667,sha256:82e05853b640ba41a0ef5bd86c413edd2379b1f62a430d0783d27ce8f27ec096,sha256:7e165eb03085dd395b01282872e79ca28a33916d6ce7c42e04a173832f9934c6,True,0.133135330369,True,0.64489010989,1.3859484733,-0.741058363411,16,39,-23,1444,1680,-236,8,False,True,0,0,0,0
semantic-variation-v1,case-06,1,"[""movement"",""reproduce_at"",""require_uncrowded""]",7100,parent,exact_parent,"{""construction"":""always"",""movement"":""seek_opposite"",""reproduce_at"":20,""require_uncrowded"":false,""schema"":1,""traits"":{""construct"":-1,""role"":""recycler"",""taste"":-1}}",0,0,0,0,0,sha256:e8bff0e4c74a22ccec8ffbd79b1add7bc7ac2b9f75300c1f75b14bc2e7267e6f,sha256:421c76e82a59cb707dbf0e891f8c02352015506c0a883add9866e90ac99f1a2b,True,0.0737608728209,False,0,5.81893413646,-5.81893413646,0,164,-164,1382,1704,-322,36,False,True,0,0,0,0
semantic-variation-v1,case-06,1,"[""movement"",""reproduce_at"",""require_uncrowded""]",7100,typed_macro,valid,"{""construction"":""always"",""movement"":""seek_resource"",""reproduce_at"":12,""require_uncrowded"":true,""schema"":1,""traits"":{""construct"":-1,""role"":""recycler"",""taste"":-1}}",3,0.361111111111,0.75,0,0.333333333333,sha256:e8bff0e4c74a22ccec8ffbd79b1add7bc7ac2b9f75300c1f75b14bc2e7267e6f,sha256:d5b3a36c2be0ccaa325b9ac4fac3559ba95b16e187a6e7d3580294c814640740,False,0,False,0,0,0,0,0,0,724,832,-108,7,False,True,0,0,0,0
semantic-variation-v1,case-06,1,"[""movement"",""reproduce_at"",""require_uncrowded""]",7100,random_same_mask,valid,"{""construction"":""always"",""movement"":""default"",""reproduce_at"":30,""require_uncrowded"":true,""schema"":1,""traits"":{""construct"":-1,""role"":""recycler"",""taste"":-1}}",3,0.333333333333,0.75,0,0.25,sha256:e8bff0e4c74a22ccec8ffbd79b1add7bc7ac2b9f75300c1f75b14bc2e7267e6f,sha256:2ba0afc495eb2eefe1e7f57c66651702284c386c3f6c37c924ed03455c794a73,False,0,False,0,0,0,0,0,0,1693,1856,-163,6,False,True,0,0,0,0
semantic-variation-v1,case-06,1,"[""movement"",""reproduce_at"",""require_uncrowded""]",7100,codex_agent_itt,valid,"{""construction"":""always"",""movement"":""stay_if_fed"",""reproduce_at"":24,""require_uncrowded"":true,""schema"":1,""traits"":{""construct"":-1,""role"":""recycler"",""taste"":-1}}",3,0.326388888889,0.8125,0,0.166666666667,sha256:e8bff0e4c74a22ccec8ffbd79b1add7bc7ac2b9f75300c1f75b14bc2e7267e6f,sha256:7de28601c5a253cae07c6c81d8d88ed46cb071f7fd9cf4f24e180f2c3fd0c46a,False,0.0167429914345,False,0,0,0,0,0,0,2637,3352,-715,45,False,True,0,0,0,0
semantic-variation-v1,case-06,1,"[""movement"",""reproduce_at"",""require_uncrowded""]",7101,parent,exact_parent,"{""construction"":""always"",""movement"":""seek_opposite"",""reproduce_at"":20,""require_uncrowded"":false,""schema"":1,""traits"":{""construct"":-1,""role"":""recycler"",""taste"":-1}}",0,0,0,0,0,sha256:c8be15f73aff0fa2bcd29b2469cc25f09d83a06ddb9aeda7e778dcbfd197b782,sha256:8896ea5951fb72d55f8d69e1bcee7212181a422694944ad455a00bf957be21b2,False,0,False,0,0,0,0,0,0,2363,2394,-31,7,False,True,0,0,0,0
semantic-variation-v1,case-06,1,"[""movement"",""reproduce_at"",""require_uncrowded""]",7101,typed_macro,valid,"{""construction"":""always"",""movement"":""seek_resource"",""reproduce_at"":12,""require_uncrowded"":true,""schema"":1,""traits"":{""construct"":-1,""role"":""recycler"",""taste"":-1}}",3,0.361111111111,0.75,0,0.333333333333,sha256:c8be15f73aff0fa2bcd29b2469cc25f09d83a06ddb9aeda7e778dcbfd197b782,sha256:b348f68c7c5ca5092a0c61c66068641b01f9431f9c20c0e38e30c3ee69481433,True,0.168041222634,True,18.141979516,21.4873703587,-3.34539084268,822,982,-160,2705,2731,-26,9,False,True,0,0,0,0
semantic-variation-v1,case-06,1,"[""movement"",""reproduce_at"",""require_uncrowded""]",7101,random_same_mask,valid,"{""construction"":""always"",""movement"":""default"",""reproduce_at"":30,""require_uncrowded"":true,""schema"":1,""traits"":{""construct"":-1,""role"":""recycler"",""taste"":-1}}",3,0.333333333333,0.75,0,0.25,sha256:c8be15f73aff0fa2bcd29b2469cc25f09d83a06ddb9aeda7e778dcbfd197b782,sha256:3e54999ff3e7d71bee859504f685903a9b79a6f493be2b6c8258641e5abe96f0,False,0,False,0,0,0,0,0,0,695,865,-170,35,False,True,0,0,0,0
semantic-variation-v1,case-06,1,"[""movement"",""reproduce_at"",""require_uncrowded""]",7101,codex_agent_itt,valid,"{""construction"":""always"",""movement"":""stay_if_fed"",""reproduce_at"":24,""require_uncrowded"":true,""schema"":1,""traits"":{""construct"":-1,""role"":""recycler"",""taste"":-1}}",3,0.326388888889,0.8125,0,0.166666666667,sha256:c8be15f73aff0fa2bcd29b2469cc25f09d83a06ddb9aeda7e778dcbfd197b782,sha256:a649ed1d911e113437c63cc0e4f344f0ee6c35d308c5efaf9aaf33db49e4916d,False,0,False,0,0,0,0,0,0,695,865,-170,35,False,True,0,0,0,0
semantic-variation-v1,case-06,1,"[""movement"",""reproduce_at"",""require_uncrowded""]",7102,parent,exact_parent,"{""construction"":""always"",""movement"":""seek_opposite"",""reproduce_at"":20,""require_uncrowded"":false,""schema"":1,""traits"":{""construct"":-1,""role"":""recycler"",""taste"":-1}}",0,0,0,0,0,sha256:4a0c2036a0b774d9a76313acad1cdc63869a11a581cfebc9f643294b46ce6be9,sha256:cacbf94fe3f7481513f6b51dba6b5f570046d172c90e31c5434f3ed39252ef31,False,0,False,0,0,0,0,0,0,232,187,45,2,False,True,0,0,0,0
semantic-variation-v1,case-06,1,"[""movement"",""reproduce_at"",""require_uncrowded""]",7102,typed_macro,valid,"{""construction"":""always"",""movement"":""seek_resource"",""reproduce_at"":12,""require_uncrowded"":true,""schema"":1,""traits"":{""construct"":-1,""role"":""recycler"",""taste"":-1}}",3,0.361111111111,0.75,0,0.333333333333,sha256:4a0c2036a0b774d9a76313acad1cdc63869a11a581cfebc9f643294b46ce6be9,sha256:6f38f10d99e1a6ece52b6a4c89b3a759795454be5a57844c3a2e7471d959e50f,False,0.00333333333333,False,0,0,0,0,0,0,1961,2389,-428,29,False,True,0,0,0,0
semantic-variation-v1,case-06,1,"[""movement"",""reproduce_at"",""require_uncrowded""]",7102,random_same_mask,valid,"{""construction"":""always"",""movement"":""default"",""reproduce_at"":30,""require_uncrowded"":true,""schema"":1,""traits"":{""construct"":-1,""role"":""recycler"",""taste"":-1}}",3,0.333333333333,0.75,0,0.25,sha256:4a0c2036a0b774d9a76313acad1cdc63869a11a581cfebc9f643294b46ce6be9,sha256:cb05f3fab56b87655d182076f8e671c3cd70d69f22015e4ec5ce3f8ed80a3bca,False,0,False,0,0,0,0,0,0,1595,1947,-352,31,False,True,0,0,0,0
semantic-variation-v1,case-06,1,"[""movement"",""reproduce_at"",""require_uncrowded""]",7102,codex_agent_itt,valid,"{""construction"":""always"",""movement"":""stay_if_fed"",""reproduce_at"":24,""require_uncrowded"":true,""schema"":1,""traits"":{""construct"":-1,""role"":""recycler"",""taste"":-1}}",3,0.326388888889,0.8125,0,0.166666666667,sha256:4a0c2036a0b774d9a76313acad1cdc63869a11a581cfebc9f643294b46ce6be9,sha256:d28bce3677507ce3706b8e14b67ffc690f1882acf23f08a88f576c30b386021e,False,0,False,0,0,0,0,0,0,1595,1947,-352,31,False,True,0,0,0,0
semantic-variation-v1,case-06,1,"[""movement"",""reproduce_at"",""require_uncrowded""]",7103,parent,exact_parent,"{""construction"":""always"",""movement"":""seek_opposite"",""reproduce_at"":20,""require_uncrowded"":false,""schema"":1,""traits"":{""construct"":-1,""role"":""recycler"",""taste"":-1}}",0,0,0,0,0,sha256:2a2e035fd8ff68b1a8c03537ac21e113ac00d11d77a96ab524ddaad15637c961,sha256:f9e6b3e4b3696a1692d0a5b86fd1ee254c360ec8bf583e8bfbff551a59591234,False,0,False,0,0,0,0,0,0,1356,1903,-547,12,False,True,0,0,0,0
semantic-variation-v1,case-06,1,"[""movement"",""reproduce_at"",""require_uncrowded""]",7103,typed_macro,valid,"{""construction"":""always"",""movement"":""seek_resource"",""reproduce_at"":12,""require_uncrowded"":true,""schema"":1,""traits"":{""construct"":-1,""role"":""recycler"",""taste"":-1}}",3,0.361111111111,0.75,0,0.333333333333,sha256:2a2e035fd8ff68b1a8c03537ac21e113ac00d11d77a96ab524ddaad15637c961,sha256:e977e0ef71afe432886fec3c264e51d0c0b45b25bcaa18897ce8c58da20a8f0c,True,0.187200149501,True,12.2387346063,10.2729745337,1.96576007253,627,695,-68,3057,4089,-1032,,True,True,0,0,0,0
semantic-variation-v1,case-06,1,"[""movement"",""reproduce_at"",""require_uncrowded""]",7103,random_same_mask,valid,"{""construction"":""always"",""movement"":""default"",""reproduce_at"":30,""require_uncrowded"":true,""schema"":1,""traits"":{""construct"":-1,""role"":""recycler"",""taste"":-1}}",3,0.333333333333,0.75,0,0.25,sha256:2a2e035fd8ff68b1a8c03537ac21e113ac00d11d77a96ab524ddaad15637c961,sha256:a152a9c26969f48b208c0ab211d671289f7591c1d970103c9628cd9135687674,True,0.110906558871,True,19.3247340894,6.15836900241,13.166365087,199,151,48,664,1738,-1074,4,False,True,0,0,0,0
semantic-variation-v1,case-06,1,"[""movement"",""reproduce_at"",""require_uncrowded""]",7103,codex_agent_itt,valid,"{""construction"":""always"",""movement"":""stay_if_fed"",""reproduce_at"":24,""require_uncrowded"":true,""schema"":1,""traits"":{""construct"":-1,""role"":""recycler"",""taste"":-1}}",3,0.326388888889,0.8125,0,0.166666666667,sha256:2a2e035fd8ff68b1a8c03537ac21e113ac00d11d77a96ab524ddaad15637c961,sha256:8646f7685ddb44bfa6c653fe9ac8f623efd6524bf57a73be38c972c54087c089,False,0,False,0,0,0,0,0,0,2644,3570,-926,47,False,True,0,0,0,0
semantic-variation-v1,case-06,1,"[""movement"",""reproduce_at"",""require_uncrowded""]",7104,parent,exact_parent,"{""construction"":""always"",""movement"":""seek_opposite"",""reproduce_at"":20,""require_uncrowded"":false,""schema"":1,""traits"":{""construct"":-1,""role"":""recycler"",""taste"":-1}}",0,0,0,0,0,sha256:68c05ab61f461132a9462697750238e243588b9ce96a23b739870db3e20fdf8b,sha256:acbfb9db011528247b8e929f8641a4a998e4afbc60953fb40662a1f770d7cc57,True,0.159837424353,True,8.64441069966,13.0806782316,-4.43626753191,254,401,-147,1765,1845,-80,7,False,True,0,0,0,0
semantic-variation-v1,case-06,1,"[""movement"",""reproduce_at"",""require_uncrowded""]",7104,typed_macro,valid,"{""construction"":""always"",""movement"":""seek_resource"",""reproduce_at"":12,""require_uncrowded"":true,""schema"":1,""traits"":{""construct"":-1,""role"":""recycler"",""taste"":-1}}",3,0.361111111111,0.75,0,0.333333333333,sha256:68c05ab61f461132a9462697750238e243588b9ce96a23b739870db3e20fdf8b,sha256:370b850dd77c682870e4eb40d6b081822a108c4c62abacd0ce29593371506e0f,True,0.211975499706,True,0.32523957524,7.84770159942,-7.52246202418,9,401,-392,1673,3068,-1395,,True,True,0,0,0,0
semantic-variation-v1,case-06,1,"[""movement"",""reproduce_at"",""require_uncrowded""]",7104,random_same_mask,valid,"{""construction"":""always"",""movement"":""default"",""reproduce_at"":30,""require_uncrowded"":true,""schema"":1,""traits"":{""construct"":-1,""role"":""recycler"",""taste"":-1}}",3,0.333333333333,0.75,0,0.25,sha256:68c05ab61f461132a9462697750238e243588b9ce96a23b739870db3e20fdf8b,sha256:f4d7788686da3f4c31a94846c4d7b3c9f7488cc82dd48ab7460d8c26a4bcffe7,True,0.054548753414,False,0,0.709060028362,-0.709060028362,0,43,-43,3056,3429,-373,35,False,True,0,0,0,0
semantic-variation-v1,case-06,1,"[""movement"",""reproduce_at"",""require_uncrowded""]",7104,codex_agent_itt,valid,"{""construction"":""always"",""movement"":""stay_if_fed"",""reproduce_at"":24,""require_uncrowded"":true,""schema"":1,""traits"":{""construct"":-1,""role"":""recycler"",""taste"":-1}}",3,0.326388888889,0.8125,0,0.166666666667,sha256:68c05ab61f461132a9462697750238e243588b9ce96a23b739870db3e20fdf8b,sha256:9c3df7b87ddb3aa26f3e2726e49705e8952cc0e221adb1f933a887b8641dc990,True,0.0288654773642,False,0,0,0,0,0,0,2245,2491,-246,13,False,True,0,0,0,0
semantic-variation-v1,case-06,1,"[""movement"",""reproduce_at"",""require_uncrowded""]",7105,parent,exact_parent,"{""construction"":""always"",""movement"":""seek_opposite"",""reproduce_at"":20,""require_uncrowded"":false,""schema"":1,""traits"":{""construct"":-1,""role"":""recycler"",""taste"":-1}}",0,0,0,0,0,sha256:0de3e94243530c8699e44537a6d85f4e3a1b139c6b905a797a9a601763f8b541,sha256:2b0a7d77b8beb60366340bf5ec11c5757215dc2f3b251ddb11b49bd73df65d16,False,0,False,0,0,0,0,0,0,1301,1793,-492,,True,True,0,0,0,0
semantic-variation-v1,case-06,1,"[""movement"",""reproduce_at"",""require_uncrowded""]",7105,typed_macro,valid,"{""construction"":""always"",""movement"":""seek_resource"",""reproduce_at"":12,""require_uncrowded"":true,""schema"":1,""traits"":{""construct"":-1,""role"":""recycler"",""taste"":-1}}",3,0.361111111111,0.75,0,0.333333333333,sha256:0de3e94243530c8699e44537a6d85f4e3a1b139c6b905a797a9a601763f8b541,sha256:6d1c49fb2ad93b69190de5782958c8c8feaa2d3dfc8b8703a39af5194486b39e,False,0,False,0,0,0,0,0,0,1018,685,333,1,False,True,0,0,0,0
semantic-variation-v1,case-06,1,"[""movement"",""reproduce_at"",""require_uncrowded""]",7105,random_same_mask,valid,"{""construction"":""always"",""movement"":""default"",""reproduce_at"":30,""require_uncrowded"":true,""schema"":1,""traits"":{""construct"":-1,""role"":""recycler"",""taste"":-1}}",3,0.333333333333,0.75,0,0.25,sha256:0de3e94243530c8699e44537a6d85f4e3a1b139c6b905a797a9a601763f8b541,sha256:bc2932776a30f92f43c528520342113c5efcd3d6f0fdaa11888b46539994f8ce,False,0,False,0,0,0,0,0,0,1301,1793,-492,,True,True,0,0,0,0
semantic-variation-v1,case-06,1,"[""movement"",""reproduce_at"",""require_uncrowded""]",7105,codex_agent_itt,valid,"{""construction"":""always"",""movement"":""stay_if_fed"",""reproduce_at"":24,""require_uncrowded"":true,""schema"":1,""traits"":{""construct"":-1,""role"":""recycler"",""taste"":-1}}",3,0.326388888889,0.8125,0,0.166666666667,sha256:0de3e94243530c8699e44537a6d85f4e3a1b139c6b905a797a9a601763f8b541,sha256:e37b5d66fb07aa57b7ac0cfc0b29dd85f50902da1f96bfc8f827d75a4cae7550,False,0,False,0,0,0,0,0,0,1301,1793,-492,,True,True,0,0,0,0
semantic-variation-v1,case-06,1,"[""movement"",""reproduce_at"",""require_uncrowded""]",7106,parent,exact_parent,"{""construction"":""always"",""movement"":""seek_opposite"",""reproduce_at"":20,""require_uncrowded"":false,""schema"":1,""traits"":{""construct"":-1,""role"":""recycler"",""taste"":-1}}",0,0,0,0,0,sha256:7c38697a374c73c1dfd3a1bc30000c94ef176d36672d9fbb1612c8c44797f5ce,sha256:4e1a9c5583a02224a730de8f7252b3c9b5ffac4ce1c03e2c1d31192091781c48,False,0.0299475460682,False,0,0,0,0,0,0,1167,869,298,1,False,True,0,0,0,0
semantic-variation-v1,case-06,1,"[""movement"",""reproduce_at"",""require_uncrowded""]",7106,typed_macro,valid,"{""construction"":""always"",""movement"":""seek_resource"",""reproduce_at"":12,""require_uncrowded"":true,""schema"":1,""traits"":{""construct"":-1,""role"":""recycler"",""taste"":-1}}",3,0.361111111111,0.75,0,0.333333333333,sha256:7c38697a374c73c1dfd3a1bc30000c94ef176d36672d9fbb1612c8c44797f5ce,sha256:3e965dec54bee8e9c0a4d5993cea833498703d4c1061513eb0f601b573918bc4,True,0.23859087767,True,17.3850635476,13.6800806461,3.70498290148,207,264,-57,700,1147,-447,,True,True,0,0,0,0
semantic-variation-v1,case-06,1,"[""movement"",""reproduce_at"",""require_uncrowded""]",7106,random_same_mask,valid,"{""construction"":""always"",""movement"":""default"",""reproduce_at"":30,""require_uncrowded"":true,""schema"":1,""traits"":{""construct"":-1,""role"":""recycler"",""taste"":-1}}",3,0.333333333333,0.75,0,0.25,sha256:7c38697a374c73c1dfd3a1bc30000c94ef176d36672d9fbb1612c8c44797f5ce,sha256:6d957325780508040674590b97e1e1c816467b50115a01c45b4ded23323c7f4a,False,0,False,0,0,0,0,0,0,1065,936,129,20,False,True,0,0,0,0
semantic-variation-v1,case-06,1,"[""movement"",""reproduce_at"",""require_uncrowded""]",7106,codex_agent_itt,valid,"{""construction"":""always"",""movement"":""stay_if_fed"",""reproduce_at"":24,""require_uncrowded"":true,""schema"":1,""traits"":{""construct"":-1,""role"":""recycler"",""taste"":-1}}",3,0.326388888889,0.8125,0,0.166666666667,sha256:7c38697a374c73c1dfd3a1bc30000c94ef176d36672d9fbb1612c8c44797f5ce,sha256:659a8bf8701de96ee1cd2e9572e1f656a30c05089e75ad07d8504b6d2bf3acc5,False,0,False,0,0,0,0,0,0,1065,936,129,20,False,True,0,0,0,0
semantic-variation-v1,case-06,1,"[""movement"",""reproduce_at"",""require_uncrowded""]",7107,parent,exact_parent,"{""construction"":""always"",""movement"":""seek_opposite"",""reproduce_at"":20,""require_uncrowded"":false,""schema"":1,""traits"":{""construct"":-1,""role"":""recycler"",""taste"":-1}}",0,0,0,0,0,sha256:82e05853b640ba41a0ef5bd86c413edd2379b1f62a430d0783d27ce8f27ec096,sha256:07dc1c0d4dbea75d276b21a9f408c1d0af6f03486b561c72330ad9578f27fc3d,True,0.134228865338,True,1.22357642358,0.964486390802,0.259090032774,16,21,-5,890,1832,-942,,True,True,0,0,0,0
semantic-variation-v1,case-06,1,"[""movement"",""reproduce_at"",""require_uncrowded""]",7107,typed_macro,valid,"{""construction"":""always"",""movement"":""seek_resource"",""reproduce_at"":12,""require_uncrowded"":true,""schema"":1,""traits"":{""construct"":-1,""role"":""recycler"",""taste"":-1}}",3,0.361111111111,0.75,0,0.333333333333,sha256:82e05853b640ba41a0ef5bd86c413edd2379b1f62a430d0783d27ce8f27ec096,sha256:ceaa5bdeffee33db81743898f2b9adb1832367ac4330cef76cd77a0be6c0f359,True,0.198793614307,True,11.7286635101,17.0788090554,-5.3501455453,505,1010,-505,2583,3535,-952,,True,True,0,0,0,0
semantic-variation-v1,case-06,1,"[""movement"",""reproduce_at"",""require_uncrowded""]",7107,random_same_mask,valid,"{""construction"":""always"",""movement"":""default"",""reproduce_at"":30,""require_uncrowded"":true,""schema"":1,""traits"":{""construct"":-1,""role"":""recycler"",""taste"":-1}}",3,0.333333333333,0.75,0,0.25,sha256:82e05853b640ba41a0ef5bd86c413edd2379b1f62a430d0783d27ce8f27ec096,sha256:7961a62cb5bebca7d9603003d3a1baf6bb7156835eead19ae27af2a7b2f8da48,False,0.0477908083296,False,0,0,0,0,0,0,1633,1875,-242,7,False,True,0,0,0,0
semantic-variation-v1,case-06,1,"[""movement"",""reproduce_at"",""require_uncrowded""]",7107,codex_agent_itt,valid,"{""construction"":""always"",""movement"":""stay_if_fed"",""reproduce_at"":24,""require_uncrowded"":true,""schema"":1,""traits"":{""construct"":-1,""role"":""recycler"",""taste"":-1}}",3,0.326388888889,0.8125,0,0.166666666667,sha256:82e05853b640ba41a0ef5bd86c413edd2379b1f62a430d0783d27ce8f27ec096,sha256:eac2e370f47dcbe15489d730575fdbae526583fecb797202eac3edccc5f8d2db,False,0.0423344844376,False,0,0,0,0,0,0,136,1158,-1022,,True,True,0,0,0,0
semantic-variation-v1,case-07,1,"[""construction"",""reproduce_at"",""require_uncrowded""]",7100,parent,exact_parent,"{""construction"":""always"",""movement"":""seek_opposite"",""reproduce_at"":20,""require_uncrowded"":false,""schema"":1,""traits"":{""construct"":-1,""role"":""recycler"",""taste"":-1}}",0,0,0,0,0,sha256:e8bff0e4c74a22ccec8ffbd79b1add7bc7ac2b9f75300c1f75b14bc2e7267e6f,sha256:aaed057bdf42d434bb42c351df2f6a0f25d292880bce15718a0c5bfd9eec21a9,True,0.0737608728209,False,0,5.81893413646,-5.81893413646,0,164,-164,1382,1704,-322,36,False,True,0,0,0,0
semantic-variation-v1,case-07,1,"[""construction"",""reproduce_at"",""require_uncrowded""]",7100,typed_macro,valid,"{""construction"":""until_nonzero"",""movement"":""seek_opposite"",""reproduce_at"":12,""require_uncrowded"":true,""schema"":1,""traits"":{""construct"":-1,""role"":""recycler"",""taste"":-1}}",3,0.333333333333,0,0.666666666667,0.333333333333,sha256:e8bff0e4c74a22ccec8ffbd79b1add7bc7ac2b9f75300c1f75b14bc2e7267e6f,sha256:7491f9cb6ee1cd7884de9f84b581207ba8c02cdab3e9498f9659bcfcaf13091f,False,0.0246392749024,False,0,0,0,0,0,0,1109,2052,-943,,True,True,0,0,0,0
semantic-variation-v1,case-07,1,"[""construction"",""reproduce_at"",""require_uncrowded""]",7100,random_same_mask,valid,"{""construction"":""until_nonzero"",""movement"":""seek_opposite"",""reproduce_at"":16,""require_uncrowded"":true,""schema"":1,""traits"":{""construct"":-1,""role"":""recycler"",""taste"":-1}}",3,0.305555555556,0,0.666666666667,0.25,sha256:e8bff0e4c74a22ccec8ffbd79b1add7bc7ac2b9f75300c1f75b14bc2e7267e6f,sha256:df7bb613b2e8d19b713060b1ba316f864be3deedbc69e3f167f89e4ad80419be,False,0,False,0,0,0,0,0,0,1369,1510,-141,4,False,True,0,0,0,0
semantic-variation-v1,case-07,1,"[""construction"",""reproduce_at"",""require_uncrowded""]",7100,codex_agent_itt,valid,"{""construction"":""until_nonzero"",""movement"":""seek_opposite"",""reproduce_at"":16,""require_uncrowded"":true,""schema"":1,""traits"":{""construct"":-1,""role"":""recycler"",""taste"":-1}}",3,0.305555555556,0,0.666666666667,0.25,sha256:e8bff0e4c74a22ccec8ffbd79b1add7bc7ac2b9f75300c1f75b14bc2e7267e6f,sha256:df7bb613b2e8d19b713060b1ba316f864be3deedbc69e3f167f89e4ad80419be,False,0,False,0,0,0,0,0,0,1369,1510,-141,4,False,True,0,0,0,0
semantic-variation-v1,case-07,1,"[""construction"",""reproduce_at"",""require_uncrowded""]",7101,parent,exact_parent,"{""construction"":""always"",""movement"":""seek_opposite"",""reproduce_at"":20,""require_uncrowded"":false,""schema"":1,""traits"":{""construct"":-1,""role"":""recycler"",""taste"":-1}}",0,0,0,0,0,sha256:c8be15f73aff0fa2bcd29b2469cc25f09d83a06ddb9aeda7e778dcbfd197b782,sha256:0227b3111730bc71a13649dd4953cd0885f73a58ca6531a1ae3e16cc0eec98e8,False,0,False,0,0,0,0,0,0,2363,2394,-31,7,False,True,0,0,0,0
semantic-variation-v1,case-07,1,"[""construction"",""reproduce_at"",""require_uncrowded""]",7101,typed_macro,valid,"{""construction"":""until_nonzero"",""movement"":""seek_opposite"",""reproduce_at"":12,""require_uncrowded"":true,""schema"":1,""traits"":{""construct"":-1,""role"":""recycler"",""taste"":-1}}",3,0.333333333333,0,0.666666666667,0.333333333333,sha256:c8be15f73aff0fa2bcd29b2469cc25f09d83a06ddb9aeda7e778dcbfd197b782,sha256:effb6bc7fabbbb3b223b99e2a1501424c60be9a33732ba85b1f8d6d1be7628b0,False,0,False,0,0,0,0,0,0,550,567,-17,2,False,True,0,0,0,0
semantic-variation-v1,case-07,1,"[""construction"",""reproduce_at"",""require_uncrowded""]",7101,random_same_mask,valid,"{""construction"":""until_nonzero"",""movement"":""seek_opposite"",""reproduce_at"":16,""require_uncrowded"":true,""schema"":1,""traits"":{""construct"":-1,""role"":""recycler"",""taste"":-1}}",3,0.305555555556,0,0.666666666667,0.25,sha256:c8be15f73aff0fa2bcd29b2469cc25f09d83a06ddb9aeda7e778dcbfd197b782,sha256:17209167cd2cd237da499dfd463e7080fec76e7e304bbe2c9dcb3eea87703c1e,False,0,False,0,0,0,0,0,0,1990,2500,-510,4,False,True,0,0,0,0
semantic-variation-v1,case-07,1,"[""construction"",""reproduce_at"",""require_uncrowded""]",7101,codex_agent_itt,valid,"{""construction"":""until_nonzero"",""movement"":""seek_opposite"",""reproduce_at"":16,""require_uncrowded"":true,""schema"":1,""traits"":{""construct"":-1,""role"":""recycler"",""taste"":-1}}",3,0.305555555556,0,0.666666666667,0.25,sha256:c8be15f73aff0fa2bcd29b2469cc25f09d83a06ddb9aeda7e778dcbfd197b782,sha256:17209167cd2cd237da499dfd463e7080fec76e7e304bbe2c9dcb3eea87703c1e,False,0,False,0,0,0,0,0,0,1990,2500,-510,4,False,True,0,0,0,0
semantic-variation-v1,case-07,1,"[""construction"",""reproduce_at"",""require_uncrowded""]",7102,parent,exact_parent,"{""construction"":""always"",""movement"":""seek_opposite"",""reproduce_at"":20,""require_uncrowded"":false,""schema"":1,""traits"":{""construct"":-1,""role"":""recycler"",""taste"":-1}}",0,0,0,0,0,sha256:4a0c2036a0b774d9a76313acad1cdc63869a11a581cfebc9f643294b46ce6be9,sha256:d16215cc14bf27776cc4d8a852abbb54b9fb9be9180cc6a4635605f0b812cd2f,False,0,False,0,0,0,0,0,0,232,187,45,2,False,True,0,0,0,0
semantic-variation-v1,case-07,1,"[""construction"",""reproduce_at"",""require_uncrowded""]",7102,typed_macro,valid,"{""construction"":""until_nonzero"",""movement"":""seek_opposite"",""reproduce_at"":12,""require_uncrowded"":true,""schema"":1,""traits"":{""construct"":-1,""role"":""recycler"",""taste"":-1}}",3,0.333333333333,0,0.666666666667,0.333333333333,sha256:4a0c2036a0b774d9a76313acad1cdc63869a11a581cfebc9f643294b46ce6be9,sha256:8f081a7ad5a880ef552937f23c0e22154e6ee2585999ab770ea81788cb7159ee,False,0,False,0,0,0,0,0,0,1134,2448,-1314,,True,True,0,0,0,0
semantic-variation-v1,case-07,1,"[""construction"",""reproduce_at"",""require_uncrowded""]",7102,random_same_mask,valid,"{""construction"":""until_nonzero"",""movement"":""seek_opposite"",""reproduce_at"":16,""require_uncrowded"":true,""schema"":1,""traits"":{""construct"":-1,""role"":""recycler"",""taste"":-1}}",3,0.305555555556,0,0.666666666667,0.25,sha256:4a0c2036a0b774d9a76313acad1cdc63869a11a581cfebc9f643294b46ce6be9,sha256:4336234f7dd1bbd6ab210bc712f1bcfdce7174e8eeb8d68ba91a078c0bc651bc,False,0,False,0,0,0,0,0,0,1188,1173,15,8,False,True,0,0,0,0
semantic-variation-v1,case-07,1,"[""construction"",""reproduce_at"",""require_uncrowded""]",7102,codex_agent_itt,valid,"{""construction"":""until_nonzero"",""movement"":""seek_opposite"",""reproduce_at"":16,""require_uncrowded"":true,""schema"":1,""traits"":{""construct"":-1,""role"":""recycler"",""taste"":-1}}",3,0.305555555556,0,0.666666666667,0.25,sha256:4a0c2036a0b774d9a76313acad1cdc63869a11a581cfebc9f643294b46ce6be9,sha256:4336234f7dd1bbd6ab210bc712f1bcfdce7174e8eeb8d68ba91a078c0bc651bc,False,0,False,0,0,0,0,0,0,1188,1173,15,8,False,True,0,0,0,0
semantic-variation-v1,case-07,1,"[""construction"",""reproduce_at"",""require_uncrowded""]",7103,parent,exact_parent,"{""construction"":""always"",""movement"":""seek_opposite"",""reproduce_at"":20,""require_uncrowded"":false,""schema"":1,""traits"":{""construct"":-1,""role"":""recycler"",""taste"":-1}}",0,0,0,0,0,sha256:2a2e035fd8ff68b1a8c03537ac21e113ac00d11d77a96ab524ddaad15637c961,sha256:3d6c98c54776b7ca24da7e52a15e3a3cf2c0a8f22523280de58dccf58760e195,False,0,False,0,0,0,0,0,0,1356,1903,-547,12,False,True,0,0,0,0
semantic-variation-v1,case-07,1,"[""construction"",""reproduce_at"",""require_uncrowded""]",7103,typed_macro,valid,"{""construction"":""until_nonzero"",""movement"":""seek_opposite"",""reproduce_at"":12,""require_uncrowded"":true,""schema"":1,""traits"":{""construct"":-1,""role"":""recycler"",""taste"":-1}}",3,0.333333333333,0,0.666666666667,0.333333333333,sha256:2a2e035fd8ff68b1a8c03537ac21e113ac00d11d77a96ab524ddaad15637c961,sha256:ee4ecf49a3807d19fbbee6ec227b8ac5490ff8096cdeb8f13a2a3829a527dd91,False,0,False,0,0,0,0,0,0,3063,3566,-503,45,False,True,0,0,0,0
semantic-variation-v1,case-07,1,"[""construction"",""reproduce_at"",""require_uncrowded""]",7103,random_same_mask,valid,"{""construction"":""until_nonzero"",""movement"":""seek_opposite"",""reproduce_at"":16,""require_uncrowded"":true,""schema"":1,""traits"":{""construct"":-1,""role"":""recycler"",""taste"":-1}}",3,0.305555555556,0,0.666666666667,0.25,sha256:2a2e035fd8ff68b1a8c03537ac21e113ac00d11d77a96ab524ddaad15637c961,sha256:21a00c7032e55335b31807c02dc2917277fb539ba4cc9a1bd0383d318067cd1f,False,0.00894276434721,False,0,0,0,0,0,0,1837,3517,-1680,,True,True,0,0,0,0
semantic-variation-v1,case-07,1,"[""construction"",""reproduce_at"",""require_uncrowded""]",7103,codex_agent_itt,valid,"{""construction"":""until_nonzero"",""movement"":""seek_opposite"",""reproduce_at"":16,""require_uncrowded"":true,""schema"":1,""traits"":{""construct"":-1,""role"":""recycler"",""taste"":-1}}",3,0.305555555556,0,0.666666666667,0.25,sha256:2a2e035fd8ff68b1a8c03537ac21e113ac00d11d77a96ab524ddaad15637c961,sha256:21a00c7032e55335b31807c02dc2917277fb539ba4cc9a1bd0383d318067cd1f,False,0.00894276434721,False,0,0,0,0,0,0,1837,3517,-1680,,True,True,0,0,0,0
semantic-variation-v1,case-07,1,"[""construction"",""reproduce_at"",""require_uncrowded""]",7104,parent,exact_parent,"{""construction"":""always"",""movement"":""seek_opposite"",""reproduce_at"":20,""require_uncrowded"":false,""schema"":1,""traits"":{""construct"":-1,""role"":""recycler"",""taste"":-1}}",0,0,0,0,0,sha256:68c05ab61f461132a9462697750238e243588b9ce96a23b739870db3e20fdf8b,sha256:7718511034ecd79cdab048574ba679a3ab89b86802393f657c634d0f90e0f4a8,True,0.159837424353,True,8.64441069966,13.0806782316,-4.43626753191,254,401,-147,1765,1845,-80,7,False,True,0,0,0,0
semantic-variation-v1,case-07,1,"[""construction"",""reproduce_at"",""require_uncrowded""]",7104,typed_macro,valid,"{""construction"":""until_nonzero"",""movement"":""seek_opposite"",""reproduce_at"":12,""require_uncrowded"":true,""schema"":1,""traits"":{""construct"":-1,""role"":""recycler"",""taste"":-1}}",3,0.333333333333,0,0.666666666667,0.333333333333,sha256:68c05ab61f461132a9462697750238e243588b9ce96a23b739870db3e20fdf8b,sha256:ae9cfe49598fa044a824181be1b504bb935fa84ad069eab5c44d0e0b139bee0d,True,0.0823961317571,True,13.8839632851,10.1685001676,3.71546311753,335,281,54,1424,1650,-226,19,False,True,0,0,0,0
semantic-variation-v1,case-07,1,"[""construction"",""reproduce_at"",""require_uncrowded""]",7104,random_same_mask,valid,"{""construction"":""until_nonzero"",""movement"":""seek_opposite"",""reproduce_at"":16,""require_uncrowded"":true,""schema"":1,""traits"":{""construct"":-1,""role"":""recycler"",""taste"":-1}}",3,0.305555555556,0,0.666666666667,0.25,sha256:68c05ab61f461132a9462697750238e243588b9ce96a23b739870db3e20fdf8b,sha256:1c31bffd0545309c8af5fd33d95ec24c12c64b775a03aadc8f638c3cd457f3e8,True,0.0374015569667,True,0.252553972312,0.60346275333,-0.350908781018,8,33,-25,2462,3567,-1105,,True,True,0,0,0,0
semantic-variation-v1,case-07,1,"[""construction"",""reproduce_at"",""require_uncrowded""]",7104,codex_agent_itt,valid,"{""construction"":""until_nonzero"",""movement"":""seek_opposite"",""reproduce_at"":16,""require_uncrowded"":true,""schema"":1,""traits"":{""construct"":-1,""role"":""recycler"",""taste"":-1}}",3,0.305555555556,0,0.666666666667,0.25,sha256:68c05ab61f461132a9462697750238e243588b9ce96a23b739870db3e20fdf8b,sha256:1c31bffd0545309c8af5fd33d95ec24c12c64b775a03aadc8f638c3cd457f3e8,True,0.0374015569667,True,0.252553972312,0.60346275333,-0.350908781018,8,33,-25,2462,3567,-1105,,True,True,0,0,0,0
semantic-variation-v1,case-07,1,"[""construction"",""reproduce_at"",""require_uncrowded""]",7105,parent,exact_parent,"{""construction"":""always"",""movement"":""seek_opposite"",""reproduce_at"":20,""require_uncrowded"":false,""schema"":1,""traits"":{""construct"":-1,""role"":""recycler"",""taste"":-1}}",0,0,0,0,0,sha256:0de3e94243530c8699e44537a6d85f4e3a1b139c6b905a797a9a601763f8b541,sha256:a4ff25639143c97093b3b2ecec744647a153a7d7fb51e40e0986c6386423f7d3,False,0,False,0,0,0,0,0,0,1301,1793,-492,,True,True,0,0,0,0
semantic-variation-v1,case-07,1,"[""construction"",""reproduce_at"",""require_uncrowded""]",7105,typed_macro,valid,"{""construction"":""until_nonzero"",""movement"":""seek_opposite"",""reproduce_at"":12,""require_uncrowded"":true,""schema"":1,""traits"":{""construct"":-1,""role"":""recycler"",""taste"":-1}}",3,0.333333333333,0,0.666666666667,0.333333333333,sha256:0de3e94243530c8699e44537a6d85f4e3a1b139c6b905a797a9a601763f8b541,sha256:03557e6e1b86e188c6367b33acc1632ac7345c349bc6dd3509792b76aaf4f4af,False,0,False,0,0,0,0,0,0,131,144,-13,23,False,True,0,0,0,0
semantic-variation-v1,case-07,1,"[""construction"",""reproduce_at"",""require_uncrowded""]",7105,random_same_mask,valid,"{""construction"":""until_nonzero"",""movement"":""seek_opposite"",""reproduce_at"":16,""require_uncrowded"":true,""schema"":1,""traits"":{""construct"":-1,""role"":""recycler"",""taste"":-1}}",3,0.305555555556,0,0.666666666667,0.25,sha256:0de3e94243530c8699e44537a6d85f4e3a1b139c6b905a797a9a601763f8b541,sha256:91419fb61073631549ace542074f359d2a3a12d8d6ac76c12af7a877822a9463,False,0,False,0,0,0,0,0,0,131,144,-13,23,False,True,0,0,0,0
semantic-variation-v1,case-07,1,"[""construction"",""reproduce_at"",""require_uncrowded""]",7105,codex_agent_itt,valid,"{""construction"":""until_nonzero"",""movement"":""seek_opposite"",""reproduce_at"":16,""require_uncrowded"":true,""schema"":1,""traits"":{""construct"":-1,""role"":""recycler"",""taste"":-1}}",3,0.305555555556,0,0.666666666667,0.25,sha256:0de3e94243530c8699e44537a6d85f4e3a1b139c6b905a797a9a601763f8b541,sha256:91419fb61073631549ace542074f359d2a3a12d8d6ac76c12af7a877822a9463,False,0,False,0,0,0,0,0,0,131,144,-13,23,False,True,0,0,0,0
semantic-variation-v1,case-07,1,"[""construction"",""reproduce_at"",""require_uncrowded""]",7106,parent,exact_parent,"{""construction"":""always"",""movement"":""seek_opposite"",""reproduce_at"":20,""require_uncrowded"":false,""schema"":1,""traits"":{""construct"":-1,""role"":""recycler"",""taste"":-1}}",0,0,0,0,0,sha256:7c38697a374c73c1dfd3a1bc30000c94ef176d36672d9fbb1612c8c44797f5ce,sha256:9f27abf3472c14123f602b8fe4aa9a2e94e4cc66dd6c748ada34133337c161a5,False,0.0299475460682,False,0,0,0,0,0,0,1167,869,298,1,False,True,0,0,0,0
semantic-variation-v1,case-07,1,"[""construction"",""reproduce_at"",""require_uncrowded""]",7106,typed_macro,valid,"{""construction"":""until_nonzero"",""movement"":""seek_opposite"",""reproduce_at"":12,""require_uncrowded"":true,""schema"":1,""traits"":{""construct"":-1,""role"":""recycler"",""taste"":-1}}",3,0.333333333333,0,0.666666666667,0.333333333333,sha256:7c38697a374c73c1dfd3a1bc30000c94ef176d36672d9fbb1612c8c44797f5ce,sha256:9a7b079a4d1350664f4ab5703729b2ce620ac9e747d50bcbe50fb9c4e304bf9f,False,0,False,0,0,0,0,0,0,448,948,-500,,True,True,0,0,0,0
semantic-variation-v1,case-07,1,"[""construction"",""reproduce_at"",""require_uncrowded""]",7106,random_same_mask,valid,"{""construction"":""until_nonzero"",""movement"":""seek_opposite"",""reproduce_at"":16,""require_uncrowded"":true,""schema"":1,""traits"":{""construct"":-1,""role"":""recycler"",""taste"":-1}}",3,0.305555555556,0,0.666666666667,0.25,sha256:7c38697a374c73c1dfd3a1bc30000c94ef176d36672d9fbb1612c8c44797f5ce,sha256:054156e0e2e7e66a9d8a29585a3f22f4e34e1e79708d0713ffe718463c169a61,True,0.0570738431896,False,0,0,0,0,0,0,411,1287,-876,,True,True,0,0,0,0
semantic-variation-v1,case-07,1,"[""construction"",""reproduce_at"",""require_uncrowded""]",7106,codex_agent_itt,valid,"{""construction"":""until_nonzero"",""movement"":""seek_opposite"",""reproduce_at"":16,""require_uncrowded"":true,""schema"":1,""traits"":{""construct"":-1,""role"":""recycler"",""taste"":-1}}",3,0.305555555556,0,0.666666666667,0.25,sha256:7c38697a374c73c1dfd3a1bc30000c94ef176d36672d9fbb1612c8c44797f5ce,sha256:054156e0e2e7e66a9d8a29585a3f22f4e34e1e79708d0713ffe718463c169a61,True,0.0570738431896,False,0,0,0,0,0,0,411,1287,-876,,True,True,0,0,0,0
semantic-variation-v1,case-07,1,"[""construction"",""reproduce_at"",""require_uncrowded""]",7107,parent,exact_parent,"{""construction"":""always"",""movement"":""seek_opposite"",""reproduce_at"":20,""require_uncrowded"":false,""schema"":1,""traits"":{""construct"":-1,""role"":""recycler"",""taste"":-1}}",0,0,0,0,0,sha256:82e05853b640ba41a0ef5bd86c413edd2379b1f62a430d0783d27ce8f27ec096,sha256:d0dd04df018523838336210454b4ab0f95a5969f9b19fa96effbc48de3055124,True,0.134228865338,True,1.22357642358,0.964486390802,0.259090032774,16,21,-5,890,1832,-942,,True,True,0,0,0,0
semantic-variation-v1,case-07,1,"[""construction"",""reproduce_at"",""require_uncrowded""]",7107,typed_macro,valid,"{""construction"":""until_nonzero"",""movement"":""seek_opposite"",""reproduce_at"":12,""require_uncrowded"":true,""schema"":1,""traits"":{""construct"":-1,""role"":""recycler"",""taste"":-1}}",3,0.333333333333,0,0.666666666667,0.333333333333,sha256:82e05853b640ba41a0ef5bd86c413edd2379b1f62a430d0783d27ce8f27ec096,sha256:597bf83d685c43057426ab6c00f21062339c4932e9f885139a4f4cb29b1da3e7,True,0.108402216907,True,9.73146235411,3.89999224601,5.8314701081,137,138,-1,896,2127,-1231,,True,True,0,0,0,0
semantic-variation-v1,case-07,1,"[""construction"",""reproduce_at"",""require_uncrowded""]",7107,random_same_mask,valid,"{""construction"":""until_nonzero"",""movement"":""seek_opposite"",""reproduce_at"":16,""require_uncrowded"":true,""schema"":1,""traits"":{""construct"":-1,""role"":""recycler"",""taste"":-1}}",3,0.305555555556,0,0.666666666667,0.25,sha256:82e05853b640ba41a0ef5bd86c413edd2379b1f62a430d0783d27ce8f27ec096,sha256:724f690cf4c6e4bd4e8dac75c9b73cb5df5512e15436cf55a8664bdb14942fe7,True,0.109867273763,True,0.229458689459,1.91238719038,-1.68292850092,6,54,-48,1679,1564,115,4,False,True,0,0,0,0
semantic-variation-v1,case-07,1,"[""construction"",""reproduce_at"",""require_uncrowded""]",7107,codex_agent_itt,valid,"{""construction"":""until_nonzero"",""movement"":""seek_opposite"",""reproduce_at"":16,""require_uncrowded"":true,""schema"":1,""traits"":{""construct"":-1,""role"":""recycler"",""taste"":-1}}",3,0.305555555556,0,0.666666666667,0.25,sha256:82e05853b640ba41a0ef5bd86c413edd2379b1f62a430d0783d27ce8f27ec096,sha256:724f690cf4c6e4bd4e8dac75c9b73cb5df5512e15436cf55a8664bdb14942fe7,True,0.109867273763,True,0.229458689459,1.91238719038,-1.68292850092,6,54,-48,1679,1564,115,4,False,True,0,0,0,0
semantic-variation-v1,case-08,3,"[""movement"",""construction"",""reproduce_at""]",7100,parent,exact_parent,"{""construction"":""always"",""movement"":""seek_resource"",""reproduce_at"":20,""require_uncrowded"":false,""schema"":1,""traits"":{""construct"":-1,""role"":""recycler"",""taste"":-1}}",0,0,0,0,0,sha256:e8bff0e4c74a22ccec8ffbd79b1add7bc7ac2b9f75300c1f75b14bc2e7267e6f,sha256:b590b603767156fffc6de723f0f5339d7a148f4dba2d4ec95898795133f56c08,True,0.0601430036111,True,0.83579537078,4.24133857475,-3.40554320397,16,119,-103,1382,1704,-322,36,False,True,0,0,0,0
semantic-variation-v1,case-08,3,"[""movement"",""construction"",""reproduce_at""]",7100,typed_macro,valid,"{""construction"":""until_nonzero"",""movement"":""seek_opposite"",""reproduce_at"":12,""require_uncrowded"":false,""schema"":1,""traits"":{""construct"":-1,""role"":""recycler"",""taste"":-1}}",3,0.583333333333,0.75,0.666666666667,0.333333333333,sha256:e8bff0e4c74a22ccec8ffbd79b1add7bc7ac2b9f75300c1f75b14bc2e7267e6f,sha256:f73f5df2387b467cadc65f33a633c8cd39d4c14f5fa8d37c6e62c797208ab5f0,False,0,False,0,0,0,0,0,0,1137,2672,-1535,,True,True,0,0,0,0
semantic-variation-v1,case-08,3,"[""movement"",""construction"",""reproduce_at""]",7100,random_same_mask,valid,"{""construction"":""until_nonzero"",""movement"":""stay_if_fed"",""reproduce_at"":23,""require_uncrowded"":false,""schema"":1,""traits"":{""construct"":-1,""role"":""recycler"",""taste"":-1}}",3,0.472222222222,0.75,0.666666666667,0,sha256:e8bff0e4c74a22ccec8ffbd79b1add7bc7ac2b9f75300c1f75b14bc2e7267e6f,sha256:6f0083dfa9472834a4b6931c8b59812da7a15a964d055e29dde00be291214f4e,False,0,False,0,0,0,0,0,0,1945,1920,25,16,False,True,0,0,0,0
semantic-variation-v1,case-08,3,"[""movement"",""construction"",""reproduce_at""]",7100,codex_agent_itt,valid,"{""construction"":""until_nonzero"",""movement"":""stay_if_fed"",""reproduce_at"":14,""require_uncrowded"":false,""schema"":1,""traits"":{""construct"":-1,""role"":""recycler"",""taste"":-1}}",3,0.583333333333,0.75,0.666666666667,0.333333333333,sha256:e8bff0e4c74a22ccec8ffbd79b1add7bc7ac2b9f75300c1f75b14bc2e7267e6f,sha256:bbc8f656306b8d3f3dc93351c4ba3e78e5674b638919401e1a4b797316ebc897,True,0.0524667283181,True,5.19706674285,5.76868760325,-0.571620860397,99,78,21,1277,772,505,9,False,True,0,0,0,0
semantic-variation-v1,case-08,3,"[""movement"",""construction"",""reproduce_at""]",7101,parent,exact_parent,"{""construction"":""always"",""movement"":""seek_resource"",""reproduce_at"":20,""require_uncrowded"":false,""schema"":1,""traits"":{""construct"":-1,""role"":""recycler"",""taste"":-1}}",0,0,0,0,0,sha256:c8be15f73aff0fa2bcd29b2469cc25f09d83a06ddb9aeda7e778dcbfd197b782,sha256:cc99c63ad7593dff4244f9426e8ff8ca7feffa912db2848c3b92ac406d97d573,False,0,False,0,0,0,0,0,0,2363,2394,-31,7,False,True,0,0,0,0
semantic-variation-v1,case-08,3,"[""movement"",""construction"",""reproduce_at""]",7101,typed_macro,valid,"{""construction"":""until_nonzero"",""movement"":""seek_opposite"",""reproduce_at"":12,""require_uncrowded"":false,""schema"":1,""traits"":{""construct"":-1,""role"":""recycler"",""taste"":-1}}",3,0.583333333333,0.75,0.666666666667,0.333333333333,sha256:c8be15f73aff0fa2bcd29b2469cc25f09d83a06ddb9aeda7e778dcbfd197b782,sha256:cba8a48de8dc9b25df49395897134778fbd0cd4175dd3fa582a6d50193db70f2,False,0,False,0,0,0,0,0,0,955,1376,-421,,True,True,0,0,0,0
semantic-variation-v1,case-08,3,"[""movement"",""construction"",""reproduce_at""]",7101,random_same_mask,valid,"{""construction"":""until_nonzero"",""movement"":""stay_if_fed"",""reproduce_at"":23,""require_uncrowded"":false,""schema"":1,""traits"":{""construct"":-1,""role"":""recycler"",""taste"":-1}}",3,0.472222222222,0.75,0.666666666667,0,sha256:c8be15f73aff0fa2bcd29b2469cc25f09d83a06ddb9aeda7e778dcbfd197b782,sha256:2cc68948bf3b359f72febf95c4796a3688c8a0bf2c231c041b3e2d1b980aab8a,False,0,False,0,0,0,0,0,0,955,1376,-421,,True,True,0,0,0,0
semantic-variation-v1,case-08,3,"[""movement"",""construction"",""reproduce_at""]",7101,codex_agent_itt,valid,"{""construction"":""until_nonzero"",""movement"":""stay_if_fed"",""reproduce_at"":14,""require_uncrowded"":false,""schema"":1,""traits"":{""construct"":-1,""role"":""recycler"",""taste"":-1}}",3,0.583333333333,0.75,0.666666666667,0.333333333333,sha256:c8be15f73aff0fa2bcd29b2469cc25f09d83a06ddb9aeda7e778dcbfd197b782,sha256:5766f15747c4558f93a94508b01865e8c7353fec2cbf9c511d47ddcaa8b956fa,False,0,False,0,0,0,0,0,0,955,1376,-421,,True,True,0,0,0,0
semantic-variation-v1,case-08,3,"[""movement"",""construction"",""reproduce_at""]",7102,parent,exact_parent,"{""construction"":""always"",""movement"":""seek_resource"",""reproduce_at"":20,""require_uncrowded"":false,""schema"":1,""traits"":{""construct"":-1,""role"":""recycler"",""taste"":-1}}",0,0,0,0,0,sha256:4a0c2036a0b774d9a76313acad1cdc63869a11a581cfebc9f643294b46ce6be9,sha256:bdd69c123eb3b6758da3c9821b00c6833b11930e8eff4c88161a7475f447b6b2,False,0,False,0,0,0,0,0,0,232,187,45,2,False,True,0,0,0,0
semantic-variation-v1,case-08,3,"[""movement"",""construction"",""reproduce_at""]",7102,typed_macro,valid,"{""construction"":""until_nonzero"",""movement"":""seek_opposite"",""reproduce_at"":12,""require_uncrowded"":false,""schema"":1,""traits"":{""construct"":-1,""role"":""recycler"",""taste"":-1}}",3,0.583333333333,0.75,0.666666666667,0.333333333333,sha256:4a0c2036a0b774d9a76313acad1cdc63869a11a581cfebc9f643294b46ce6be9,sha256:63bcd6a0cad803bbf62abd59d0842fde850250a13e7cd4da87c7f83fc5322789,True,0.15814707917,True,8.98890996623,1.30420676024,7.68470320599,360,76,284,2416,3468,-1052,,True,True,0,0,0,0
semantic-variation-v1,case-08,3,"[""movement"",""construction"",""reproduce_at""]",7102,random_same_mask,valid,"{""construction"":""until_nonzero"",""movement"":""stay_if_fed"",""reproduce_at"":23,""require_uncrowded"":false,""schema"":1,""traits"":{""construct"":-1,""role"":""recycler"",""taste"":-1}}",3,0.472222222222,0.75,0.666666666667,0,sha256:4a0c2036a0b774d9a76313acad1cdc63869a11a581cfebc9f643294b46ce6be9,sha256:f5af46d83b1fa8994f31aa99c796f2b3662b43c85d26920cb976c8bfb6afe153,True,0.166298678354,True,9.75692408726,21.062193266,-11.3052691788,138,449,-311,941,1263,-322,5,False,True,0,0,0,0
semantic-variation-v1,case-08,3,"[""movement"",""construction"",""reproduce_at""]",7102,codex_agent_itt,valid,"{""construction"":""until_nonzero"",""movement"":""stay_if_fed"",""reproduce_at"":14,""require_uncrowded"":false,""schema"":1,""traits"":{""construct"":-1,""role"":""recycler"",""taste"":-1}}",3,0.583333333333,0.75,0.666666666667,0.333333333333,sha256:4a0c2036a0b774d9a76313acad1cdc63869a11a581cfebc9f643294b46ce6be9,sha256:6b6f9927b0c970fc0675fb142bce0e2f3b19b6288336186f1907cd380dab7180,True,0.260339361918,True,14.8722674516,15.2104201099,-0.33815265834,504,422,82,1965,1682,283,10,False,True,0,0,0,0
semantic-variation-v1,case-08,3,"[""movement"",""construction"",""reproduce_at""]",7103,parent,exact_parent,"{""construction"":""always"",""movement"":""seek_resource"",""reproduce_at"":20,""require_uncrowded"":false,""schema"":1,""traits"":{""construct"":-1,""role"":""recycler"",""taste"":-1}}",0,0,0,0,0,sha256:2a2e035fd8ff68b1a8c03537ac21e113ac00d11d77a96ab524ddaad15637c961,sha256:57634675a11f7b0118f8c2ec23659954b1dc36ba88c4c70f608f1c9d24417484,False,0,False,0,0,0,0,0,0,1356,1903,-547,12,False,True,0,0,0,0
semantic-variation-v1,case-08,3,"[""movement"",""construction"",""reproduce_at""]",7103,typed_macro,valid,"{""construction"":""until_nonzero"",""movement"":""seek_opposite"",""reproduce_at"":12,""require_uncrowded"":false,""schema"":1,""traits"":{""construct"":-1,""role"":""recycler"",""taste"":-1}}",3,0.583333333333,0.75,0.666666666667,0.333333333333,sha256:2a2e035fd8ff68b1a8c03537ac21e113ac00d11d77a96ab524ddaad15637c961,sha256:36e38187f3c3e2e2f1dc4c7ae1dbea00609bee91a61369137b32b578f728b789,True,0.175346606852,True,3.50927726843,10.9599667103,-7.45068944183,100,673,-573,1499,3684,-2185,,True,True,0,0,0,0
semantic-variation-v1,case-08,3,"[""movement"",""construction"",""reproduce_at""]",7103,random_same_mask,valid,"{""construction"":""until_nonzero"",""movement"":""stay_if_fed"",""reproduce_at"":23,""require_uncrowded"":false,""schema"":1,""traits"":{""construct"":-1,""role"":""recycler"",""taste"":-1}}",3,0.472222222222,0.75,0.666666666667,0,sha256:2a2e035fd8ff68b1a8c03537ac21e113ac00d11d77a96ab524ddaad15637c961,sha256:9b752ae9d88c6caa47e2b3740025f51552504b7846ea08f5eb4a49a846b3eca6,True,0.133142834538,True,1.55777555778,0.314379084967,1.24339647281,19,6,13,635,1268,-633,,True,True,0,0,0,0
semantic-variation-v1,case-08,3,"[""movement"",""construction"",""reproduce_at""]",7103,codex_agent_itt,valid,"{""construction"":""until_nonzero"",""movement"":""stay_if_fed"",""reproduce_at"":14,""require_uncrowded"":false,""schema"":1,""traits"":{""construct"":-1,""role"":""recycler"",""taste"":-1}}",3,0.583333333333,0.75,0.666666666667,0.333333333333,sha256:2a2e035fd8ff68b1a8c03537ac21e113ac00d11d77a96ab524ddaad15637c961,sha256:9e5491e830dcce4d3e3821cd75798669152aeb66304500a1be43ef242640da9d,True,0.0997266198853,False,0,0,0,0,0,0,1487,2185,-698,55,False,True,0,0,0,0
semantic-variation-v1,case-08,3,"[""movement"",""construction"",""reproduce_at""]",7104,parent,exact_parent,"{""construction"":""always"",""movement"":""seek_resource"",""reproduce_at"":20,""require_uncrowded"":false,""schema"":1,""traits"":{""construct"":-1,""role"":""recycler"",""taste"":-1}}",0,0,0,0,0,sha256:68c05ab61f461132a9462697750238e243588b9ce96a23b739870db3e20fdf8b,sha256:91d0a0f3351c5da3c4902aaf1abd75e003fd2fafb5feecb5baf78c8e377fdc01,False,0,False,0,0,0,0,0,0,1765,1845,-80,7,False,True,0,0,0,0
semantic-variation-v1,case-08,3,"[""movement"",""construction"",""reproduce_at""]",7104,typed_macro,valid,"{""construction"":""until_nonzero"",""movement"":""seek_opposite"",""reproduce_at"":12,""require_uncrowded"":false,""schema"":1,""traits"":{""construct"":-1,""role"":""recycler"",""taste"":-1}}",3,0.583333333333,0.75,0.666666666667,0.333333333333,sha256:68c05ab61f461132a9462697750238e243588b9ce96a23b739870db3e20fdf8b,sha256:6211f045f394806f95be122cdff8c32db51b28427edb4035e32c0bc9652ec661,False,0,False,0,0,0,0,0,0,1650,2684,-1034,,True,True,0,0,0,0
semantic-variation-v1,case-08,3,"[""movement"",""construction"",""reproduce_at""]",7104,random_same_mask,valid,"{""construction"":""until_nonzero"",""movement"":""stay_if_fed"",""reproduce_at"":23,""require_uncrowded"":false,""schema"":1,""traits"":{""construct"":-1,""role"":""recycler"",""taste"":-1}}",3,0.472222222222,0.75,0.666666666667,0,sha256:68c05ab61f461132a9462697750238e243588b9ce96a23b739870db3e20fdf8b,sha256:10cd341d5a3c4dd5356dd0504973096b642d40e779ba81556ed60cc4eef6a840,True,0.033223238603,True,0.689576807322,0.427603657222,0.261973150099,26,18,8,2572,2355,217,7,False,True,0,0,0,0
semantic-variation-v1,case-08,3,"[""movement"",""construction"",""reproduce_at""]",7104,codex_agent_itt,valid,"{""construction"":""until_nonzero"",""movement"":""stay_if_fed"",""reproduce_at"":14,""require_uncrowded"":false,""schema"":1,""traits"":{""construct"":-1,""role"":""recycler"",""taste"":-1}}",3,0.583333333333,0.75,0.666666666667,0.333333333333,sha256:68c05ab61f461132a9462697750238e243588b9ce96a23b739870db3e20fdf8b,sha256:1bdaf134f35c14de16736748983b29bfb3849da6be512eaa6e708629e49c3cc8,False,0,False,0,0,0,0,0,0,1535,3179,-1644,,True,True,0,0,0,0
semantic-variation-v1,case-08,3,"[""movement"",""construction"",""reproduce_at""]",7105,parent,exact_parent,"{""construction"":""always"",""movement"":""seek_resource"",""reproduce_at"":20,""require_uncrowded"":false,""schema"":1,""traits"":{""construct"":-1,""role"":""recycler"",""taste"":-1}}",0,0,0,0,0,sha256:0de3e94243530c8699e44537a6d85f4e3a1b139c6b905a797a9a601763f8b541,sha256:af4a8d2662b398b109016493773f84c04ed447c103d2d84943142ec18f4b4ad8,False,0,False,0,0,0,0,0,0,1301,1793,-492,,True,True,0,0,0,0
semantic-variation-v1,case-08,3,"[""movement"",""construction"",""reproduce_at""]",7105,typed_macro,valid,"{""construction"":""until_nonzero"",""movement"":""seek_opposite"",""reproduce_at"":12,""require_uncrowded"":false,""schema"":1,""traits"":{""construct"":-1,""role"":""recycler"",""taste"":-1}}",3,0.583333333333,0.75,0.666666666667,0.333333333333,sha256:0de3e94243530c8699e44537a6d85f4e3a1b139c6b905a797a9a601763f8b541,sha256:18cc79176363582b50cfad216ad7a5f3ca179e34831f95505a0e49cf1f470e91,False,0,False,0,0,0,0,0,0,758,1043,-285,9,False,True,0,0,0,0
semantic-variation-v1,case-08,3,"[""movement"",""construction"",""reproduce_at""]",7105,random_same_mask,valid,"{""construction"":""until_nonzero"",""movement"":""stay_if_fed"",""reproduce_at"":23,""require_uncrowded"":false,""schema"":1,""traits"":{""construct"":-1,""role"":""recycler"",""taste"":-1}}",3,0.472222222222,0.75,0.666666666667,0,sha256:0de3e94243530c8699e44537a6d85f4e3a1b139c6b905a797a9a601763f8b541,sha256:189a7c306bfcfe62030246a747fc753acf36ba4f198f0f789285757b44a2377f,False,0,False,0,0,0,0,0,0,758,1043,-285,9,False,True,0,0,0,0
semantic-variation-v1,case-08,3,"[""movement"",""construction"",""reproduce_at""]",7105,codex_agent_itt,valid,"{""construction"":""until_nonzero"",""movement"":""stay_if_fed"",""reproduce_at"":14,""require_uncrowded"":false,""schema"":1,""traits"":{""construct"":-1,""role"":""recycler"",""taste"":-1}}",3,0.583333333333,0.75,0.666666666667,0.333333333333,sha256:0de3e94243530c8699e44537a6d85f4e3a1b139c6b905a797a9a601763f8b541,sha256:114a1f474bf4ddc4ce01732f1b23a8b6cbdbbcb508ce21392e05e99d6b6e73bd,False,0,False,0,0,0,0,0,0,758,1043,-285,9,False,True,0,0,0,0
semantic-variation-v1,case-08,3,"[""movement"",""construction"",""reproduce_at""]",7106,parent,exact_parent,"{""construction"":""always"",""movement"":""seek_resource"",""reproduce_at"":20,""require_uncrowded"":false,""schema"":1,""traits"":{""construct"":-1,""role"":""recycler"",""taste"":-1}}",0,0,0,0,0,sha256:7c38697a374c73c1dfd3a1bc30000c94ef176d36672d9fbb1612c8c44797f5ce,sha256:f8c76734a6665f7786155e03d9661f5c47b8e01608ca77e53c0d038a7a8727fd,False,0,False,0,0,0,0,0,0,1167,869,298,1,False,True,0,0,0,0
semantic-variation-v1,case-08,3,"[""movement"",""construction"",""reproduce_at""]",7106,typed_macro,valid,"{""construction"":""until_nonzero"",""movement"":""seek_opposite"",""reproduce_at"":12,""require_uncrowded"":false,""schema"":1,""traits"":{""construct"":-1,""role"":""recycler"",""taste"":-1}}",3,0.583333333333,0.75,0.666666666667,0.333333333333,sha256:7c38697a374c73c1dfd3a1bc30000c94ef176d36672d9fbb1612c8c44797f5ce,sha256:277d391a80dac27bf7107d69d586b22fb432c8b3f5de0f2f516bc2d6451177a0,False,0,False,0,0,0,0,0,0,610,897,-287,1,False,True,0,0,0,0
semantic-variation-v1,case-08,3,"[""movement"",""construction"",""reproduce_at""]",7106,random_same_mask,valid,"{""construction"":""until_nonzero"",""movement"":""stay_if_fed"",""reproduce_at"":23,""require_uncrowded"":false,""schema"":1,""traits"":{""construct"":-1,""role"":""recycler"",""taste"":-1}}",3,0.472222222222,0.75,0.666666666667,0,sha256:7c38697a374c73c1dfd3a1bc30000c94ef176d36672d9fbb1612c8c44797f5ce,sha256:24da3275d2f8368856ab370a897fa84311f52cd86f65cc70f5dee159d02e9492,False,0,False,0,0,0,0,0,0,1331,1307,24,10,False,True,0,0,0,0
semantic-variation-v1,case-08,3,"[""movement"",""construction"",""reproduce_at""]",7106,codex_agent_itt,valid,"{""construction"":""until_nonzero"",""movement"":""stay_if_fed"",""reproduce_at"":14,""require_uncrowded"":false,""schema"":1,""traits"":{""construct"":-1,""role"":""recycler"",""taste"":-1}}",3,0.583333333333,0.75,0.666666666667,0.333333333333,sha256:7c38697a374c73c1dfd3a1bc30000c94ef176d36672d9fbb1612c8c44797f5ce,sha256:f3ebb70bb8d05f8ec8978b49c3080974cd53e69eae8170266ae42585f7132eba,False,0,False,0,0,0,0,0,0,852,852,0,27,False,True,0,0,0,0
semantic-variation-v1,case-08,3,"[""movement"",""construction"",""reproduce_at""]",7107,parent,exact_parent,"{""construction"":""always"",""movement"":""seek_resource"",""reproduce_at"":20,""require_uncrowded"":false,""schema"":1,""traits"":{""construct"":-1,""role"":""recycler"",""taste"":-1}}",0,0,0,0,0,sha256:82e05853b640ba41a0ef5bd86c413edd2379b1f62a430d0783d27ce8f27ec096,sha256:9f0ca6f09c7867f66625123d7aececaaeac5ff663ed085d01890e23fee1b9688,True,0.116072105431,False,0,5.78893248142,-5.78893248142,0,191,-191,890,1832,-942,,True,True,0,0,0,0
semantic-variation-v1,case-08,3,"[""movement"",""construction"",""reproduce_at""]",7107,typed_macro,valid,"{""construction"":""until_nonzero"",""movement"":""seek_opposite"",""reproduce_at"":12,""require_uncrowded"":false,""schema"":1,""traits"":{""construct"":-1,""role"":""recycler"",""taste"":-1}}",3,0.583333333333,0.75,0.666666666667,0.333333333333,sha256:82e05853b640ba41a0ef5bd86c413edd2379b1f62a430d0783d27ce8f27ec096,sha256:5195c33b9c872f32a728daad8fbe2cfd922587ffe89faeb0ddf5373a009cb671,False,0,False,0,0,0,0,0,0,1191,1540,-349,1,False,True,0,0,0,0
semantic-variation-v1,case-08,3,"[""movement"",""construction"",""reproduce_at""]",7107,random_same_mask,valid,"{""construction"":""until_nonzero"",""movement"":""stay_if_fed"",""reproduce_at"":23,""require_uncrowded"":false,""schema"":1,""traits"":{""construct"":-1,""role"":""recycler"",""taste"":-1}}",3,0.472222222222,0.75,0.666666666667,0,sha256:82e05853b640ba41a0ef5bd86c413edd2379b1f62a430d0783d27ce8f27ec096,sha256:e5718d01723ca6f6953328d6e14f4af7a5e9e0c003d0c225788abfd2467f0981,False,0,False,0,0,0,0,0,0,1430,2037,-607,,True,True,0,0,0,0
semantic-variation-v1,case-08,3,"[""movement"",""construction"",""reproduce_at""]",7107,codex_agent_itt,valid,"{""construction"":""until_nonzero"",""movement"":""stay_if_fed"",""reproduce_at"":14,""require_uncrowded"":false,""schema"":1,""traits"":{""construct"":-1,""role"":""recycler"",""taste"":-1}}",3,0.583333333333,0.75,0.666666666667,0.333333333333,sha256:82e05853b640ba41a0ef5bd86c413edd2379b1f62a430d0783d27ce8f27ec096,sha256:e726175adcaca347d76bdf248e0dd4b607843cb407eb99d6172782e892a34863,False,0,False,0,0,0,0,0,0,2422,2692,-270,30,False,True,0,0,0,0
semantic-variation-v1,case-09,3,"[""movement"",""construction"",""require_uncrowded""]",7100,parent,exact_parent,"{""construction"":""always"",""movement"":""seek_resource"",""reproduce_at"":20,""require_uncrowded"":false,""schema"":1,""traits"":{""construct"":-1,""role"":""recycler"",""taste"":-1}}",0,0,0,0,0,sha256:e8bff0e4c74a22ccec8ffbd79b1add7bc7ac2b9f75300c1f75b14bc2e7267e6f,sha256:5fe5115850edc8d521f9db96070358bb2d533b199786f9d99ebc97d554b6a05c,True,0.0601430036111,True,0.83579537078,4.24133857475,-3.40554320397,16,119,-103,1382,1704,-322,36,False,True,0,0,0,0
semantic-variation-v1,case-09,3,"[""movement"",""construction"",""require_uncrowded""]",7100,typed_macro,valid,"{""construction"":""until_nonzero"",""movement"":""seek_opposite"",""reproduce_at"":20,""require_uncrowded"":true,""schema"":1,""traits"":{""construct"":-1,""role"":""recycler"",""taste"":-1}}",3,0.527777777778,0.75,0.666666666667,0.166666666667,sha256:e8bff0e4c74a22ccec8ffbd79b1add7bc7ac2b9f75300c1f75b14bc2e7267e6f,sha256:95872d56a9e8ee80edbdea48c5b9b83c8b99a103302d20459d680fceac3083f7,False,0,False,0,0,0,0,0,0,2248,2893,-645,,True,True,0,0,0,0
semantic-variation-v1,case-09,3,"[""movement"",""construction"",""require_uncrowded""]",7100,random_same_mask,valid,"{""construction"":""never"",""movement"":""default"",""reproduce_at"":20,""require_uncrowded"":true,""schema"":1,""traits"":{""construct"":-1,""role"":""recycler"",""taste"":-1}}",3,0.722222222222,1,1,0.166666666667,sha256:e8bff0e4c74a22ccec8ffbd79b1add7bc7ac2b9f75300c1f75b14bc2e7267e6f,sha256:2879da88c923fa7a0869bc65c38a6705afee65f89f3e3cc0847154a0403ec458,False,0.0321361195994,False,0,0,0,0,0,0,1228,2225,-997,,True,True,0,0,0,0
semantic-variation-v1,case-09,3,"[""movement"",""construction"",""require_uncrowded""]",7100,codex_agent_itt,valid,"{""construction"":""until_nonzero"",""movement"":""stay_if_fed"",""reproduce_at"":20,""require_uncrowded"":true,""schema"":1,""traits"":{""construct"":-1,""role"":""recycler"",""taste"":-1}}",3,0.527777777778,0.75,0.666666666667,0.166666666667,sha256:e8bff0e4c74a22ccec8ffbd79b1add7bc7ac2b9f75300c1f75b14bc2e7267e6f,sha256:dfd5a1b96a5f7c39216c21ab33f6d0a61e2b2e0a8ebf69375305abb14e8d0ef7,False,0,False,0,0,0,0,0,0,1161,1996,-835,,True,True,0,0,0,0
semantic-variation-v1,case-09,3,"[""movement"",""construction"",""require_uncrowded""]",7101,parent,exact_parent,"{""construction"":""always"",""movement"":""seek_resource"",""reproduce_at"":20,""require_uncrowded"":false,""schema"":1,""traits"":{""construct"":-1,""role"":""recycler"",""taste"":-1}}",0,0,0,0,0,sha256:c8be15f73aff0fa2bcd29b2469cc25f09d83a06ddb9aeda7e778dcbfd197b782,sha256:3b440e2b2ea9761d6d48ff9ac85c8783ebbf43b688e7ae6575bc3e4db8da9648,False,0,False,0,0,0,0,0,0,2363,2394,-31,7,False,True,0,0,0,0
semantic-variation-v1,case-09,3,"[""movement"",""construction"",""require_uncrowded""]",7101,typed_macro,valid,"{""construction"":""until_nonzero"",""movement"":""seek_opposite"",""reproduce_at"":20,""require_uncrowded"":true,""schema"":1,""traits"":{""construct"":-1,""role"":""recycler"",""taste"":-1}}",3,0.527777777778,0.75,0.666666666667,0.166666666667,sha256:c8be15f73aff0fa2bcd29b2469cc25f09d83a06ddb9aeda7e778dcbfd197b782,sha256:e13f325d8746a36045b476db9cea83511bd4d6826abcb4287b87615c11b25ec3,False,0,False,0,0,0,0,0,0,955,1376,-421,,True,True,0,0,0,0
semantic-variation-v1,case-09,3,"[""movement"",""construction"",""require_uncrowded""]",7101,random_same_mask,valid,"{""construction"":""never"",""movement"":""default"",""reproduce_at"":20,""require_uncrowded"":true,""schema"":1,""traits"":{""construct"":-1,""role"":""recycler"",""taste"":-1}}",3,0.722222222222,1,1,0.166666666667,sha256:c8be15f73aff0fa2bcd29b2469cc25f09d83a06ddb9aeda7e778dcbfd197b782,sha256:6cb71f68a333a0b95fe4adea7fa96cca3626fbc80b97174c4dfd80b2c153bc3b,False,0,False,0,0,0,0,0,0,1350,1787,-437,18,False,True,0,0,0,0
semantic-variation-v1,case-09,3,"[""movement"",""construction"",""require_uncrowded""]",7101,codex_agent_itt,valid,"{""construction"":""until_nonzero"",""movement"":""stay_if_fed"",""reproduce_at"":20,""require_uncrowded"":true,""schema"":1,""traits"":{""construct"":-1,""role"":""recycler"",""taste"":-1}}",3,0.527777777778,0.75,0.666666666667,0.166666666667,sha256:c8be15f73aff0fa2bcd29b2469cc25f09d83a06ddb9aeda7e778dcbfd197b782,sha256:3d1b1c56bb2711a0fcbad24dcea542fc13d31e9154df1dd6a2f49894bdaf3061,False,0,False,0,0,0,0,0,0,955,1376,-421,,True,True,0,0,0,0
semantic-variation-v1,case-09,3,"[""movement"",""construction"",""require_uncrowded""]",7102,parent,exact_parent,"{""construction"":""always"",""movement"":""seek_resource"",""reproduce_at"":20,""require_uncrowded"":false,""schema"":1,""traits"":{""construct"":-1,""role"":""recycler"",""taste"":-1}}",0,0,0,0,0,sha256:4a0c2036a0b774d9a76313acad1cdc63869a11a581cfebc9f643294b46ce6be9,sha256:874d83239e6ca4298424146ca098968c54e8a6ca06b655e1bb1e9e845083bce7,False,0,False,0,0,0,0,0,0,232,187,45,2,False,True,0,0,0,0
semantic-variation-v1,case-09,3,"[""movement"",""construction"",""require_uncrowded""]",7102,typed_macro,valid,"{""construction"":""until_nonzero"",""movement"":""seek_opposite"",""reproduce_at"":20,""require_uncrowded"":true,""schema"":1,""traits"":{""construct"":-1,""role"":""recycler"",""taste"":-1}}",3,0.527777777778,0.75,0.666666666667,0.166666666667,sha256:4a0c2036a0b774d9a76313acad1cdc63869a11a581cfebc9f643294b46ce6be9,sha256:86ac481f84bc70b57c81b0e5c991fb9111d961d2aba7f5991ccce20072ccabfe,False,0,False,0,0,0,0,0,0,315,715,-400,,True,True,0,0,0,0
semantic-variation-v1,case-09,3,"[""movement"",""construction"",""require_uncrowded""]",7102,random_same_mask,valid,"{""construction"":""never"",""movement"":""default"",""reproduce_at"":20,""require_uncrowded"":true,""schema"":1,""traits"":{""construct"":-1,""role"":""recycler"",""taste"":-1}}",3,0.722222222222,1,1,0.166666666667,sha256:4a0c2036a0b774d9a76313acad1cdc63869a11a581cfebc9f643294b46ce6be9,sha256:e2c226632be242e134f3b3156e336c0ded9636f746a73aeb8938f6420565d8ee,True,0.107598130871,False,0,0,0,0,0,0,1533,3096,-1563,,True,True,0,0,0,0
semantic-variation-v1,case-09,3,"[""movement"",""construction"",""require_uncrowded""]",7102,codex_agent_itt,valid,"{""construction"":""until_nonzero"",""movement"":""stay_if_fed"",""reproduce_at"":20,""require_uncrowded"":true,""schema"":1,""traits"":{""construct"":-1,""role"":""recycler"",""taste"":-1}}",3,0.527777777778,0.75,0.666666666667,0.166666666667,sha256:4a0c2036a0b774d9a76313acad1cdc63869a11a581cfebc9f643294b46ce6be9,sha256:e2124a8364986effa1d7b34c7cb9e74bdfeca39b569adcb9d675bd18e2282d6a,False,0,False,0,0,0,0,0,0,315,715,-400,,True,True,0,0,0,0
semantic-variation-v1,case-09,3,"[""movement"",""construction"",""require_uncrowded""]",7103,parent,exact_parent,"{""construction"":""always"",""movement"":""seek_resource"",""reproduce_at"":20,""require_uncrowded"":false,""schema"":1,""traits"":{""construct"":-1,""role"":""recycler"",""taste"":-1}}",0,0,0,0,0,sha256:2a2e035fd8ff68b1a8c03537ac21e113ac00d11d77a96ab524ddaad15637c961,sha256:662ed42ecdea91dbb04f8c2fbbbd56f0077ffe576f6abee455e15b7f2e1b1e6e,False,0,False,0,0,0,0,0,0,1356,1903,-547,12,False,True,0,0,0,0
semantic-variation-v1,case-09,3,"[""movement"",""construction"",""require_uncrowded""]",7103,typed_macro,valid,"{""construction"":""until_nonzero"",""movement"":""seek_opposite"",""reproduce_at"":20,""require_uncrowded"":true,""schema"":1,""traits"":{""construct"":-1,""role"":""recycler"",""taste"":-1}}",3,0.527777777778,0.75,0.666666666667,0.166666666667,sha256:2a2e035fd8ff68b1a8c03537ac21e113ac00d11d77a96ab524ddaad15637c961,sha256:c04c7c079b467539c7fca3b7aa743b2e14d6d5f60355c3092806cb0dec9d733b,False,0.0513414761996,False,0,0,0,0,0,0,1294,2209,-915,16,False,True,0,0,0,0
semantic-variation-v1,case-09,3,"[""movement"",""construction"",""require_uncrowded""]",7103,random_same_mask,valid,"{""construction"":""never"",""movement"":""default"",""reproduce_at"":20,""require_uncrowded"":true,""schema"":1,""traits"":{""construct"":-1,""role"":""recycler"",""taste"":-1}}",3,0.722222222222,1,1,0.166666666667,sha256:2a2e035fd8ff68b1a8c03537ac21e113ac00d11d77a96ab524ddaad15637c961,sha256:da0092ea7cdb680d60ba09d41640f7f309787f0e07495f255258d8e07792d7ad,False,0,False,0,0,0,0,0,0,816,1443,-627,,True,True,0,0,0,0
semantic-variation-v1,case-09,3,"[""movement"",""construction"",""require_uncrowded""]",7103,codex_agent_itt,valid,"{""construction"":""until_nonzero"",""movement"":""stay_if_fed"",""reproduce_at"":20,""require_uncrowded"":true,""schema"":1,""traits"":{""construct"":-1,""role"":""recycler"",""taste"":-1}}",3,0.527777777778,0.75,0.666666666667,0.166666666667,sha256:2a2e035fd8ff68b1a8c03537ac21e113ac00d11d77a96ab524ddaad15637c961,sha256:a3012c308dfcc07f3b3e83d0d1384f2b0dfc50781c5f853a26b888c44aaa4fd8,True,0.130508120915,True,9.95252367407,11.5196318941,-1.56710822007,368,503,-135,2253,2628,-375,35,False,True,0,0,0,0
semantic-variation-v1,case-09,3,"[""movement"",""construction"",""require_uncrowded""]",7104,parent,exact_parent,"{""construction"":""always"",""movement"":""seek_resource"",""reproduce_at"":20,""require_uncrowded"":false,""schema"":1,""traits"":{""construct"":-1,""role"":""recycler"",""taste"":-1}}",0,0,0,0,0,sha256:68c05ab61f461132a9462697750238e243588b9ce96a23b739870db3e20fdf8b,sha256:cc0bd1c1cbc4ad7c064824dd37e792462b0cf05915b8a7e45d06908023d2fe4f,False,0,False,0,0,0,0,0,0,1765,1845,-80,7,False,True,0,0,0,0
semantic-variation-v1,case-09,3,"[""movement"",""construction"",""require_uncrowded""]",7104,typed_macro,valid,"{""construction"":""until_nonzero"",""movement"":""seek_opposite"",""reproduce_at"":20,""require_uncrowded"":true,""schema"":1,""traits"":{""construct"":-1,""role"":""recycler"",""taste"":-1}}",3,0.527777777778,0.75,0.666666666667,0.166666666667,sha256:68c05ab61f461132a9462697750238e243588b9ce96a23b739870db3e20fdf8b,sha256:08408bdb42680a8569c52248dca1b54eeffa4c68cc22a045bfaaa341a3a3863d,False,0,False,0,0,0,0,0,0,2722,3468,-746,40,False,True,0,0,0,0
semantic-variation-v1,case-09,3,"[""movement"",""construction"",""require_uncrowded""]",7104,random_same_mask,valid,"{""construction"":""never"",""movement"":""default"",""reproduce_at"":20,""require_uncrowded"":true,""schema"":1,""traits"":{""construct"":-1,""role"":""recycler"",""taste"":-1}}",3,0.722222222222,1,1,0.166666666667,sha256:68c05ab61f461132a9462697750238e243588b9ce96a23b739870db3e20fdf8b,sha256:cbf42dd4e063258ab24a919443946cecd041b6700d5ace56ce05a7947eee19c6,False,0,False,0,0,0,0,0,0,2231,2071,160,11,False,True,0,0,0,0
semantic-variation-v1,case-09,3,"[""movement"",""construction"",""require_uncrowded""]",7104,codex_agent_itt,valid,"{""construction"":""until_nonzero"",""movement"":""stay_if_fed"",""reproduce_at"":20,""require_uncrowded"":true,""schema"":1,""traits"":{""construct"":-1,""role"":""recycler"",""taste"":-1}}",3,0.527777777778,0.75,0.666666666667,0.166666666667,sha256:68c05ab61f461132a9462697750238e243588b9ce96a23b739870db3e20fdf8b,sha256:ec16e6182150db893d8769a046a0226913832a7b7fcba9f9d38d64eb01a437a2,True,0.158201130033,True,4.09275756873,10.7419078729,-6.64915030412,99,382,-283,1278,2140,-862,6,False,True,0,0,0,0
semantic-variation-v1,case-09,3,"[""movement"",""construction"",""require_uncrowded""]",7105,parent,exact_parent,"{""construction"":""always"",""movement"":""seek_resource"",""reproduce_at"":20,""require_uncrowded"":false,""schema"":1,""traits"":{""construct"":-1,""role"":""recycler"",""taste"":-1}}",0,0,0,0,0,sha256:0de3e94243530c8699e44537a6d85f4e3a1b139c6b905a797a9a601763f8b541,sha256:f647c73b704b23c0a65a570b33151d122ef7e444c15896739e9a39629cb2bc2e,False,0,False,0,0,0,0,0,0,1301,1793,-492,,True,True,0,0,0,0
semantic-variation-v1,case-09,3,"[""movement"",""construction"",""require_uncrowded""]",7105,typed_macro,valid,"{""construction"":""until_nonzero"",""movement"":""seek_opposite"",""reproduce_at"":20,""require_uncrowded"":true,""schema"":1,""traits"":{""construct"":-1,""role"":""recycler"",""taste"":-1}}",3,0.527777777778,0.75,0.666666666667,0.166666666667,sha256:0de3e94243530c8699e44537a6d85f4e3a1b139c6b905a797a9a601763f8b541,sha256:3928f3929952c84c6a4deb514e183a0ba6e69b1f2b35bd6137a5655369b64bf7,False,0,False,0,0,0,0,0,0,758,1043,-285,9,False,True,0,0,0,0
semantic-variation-v1,case-09,3,"[""movement"",""construction"",""require_uncrowded""]",7105,random_same_mask,valid,"{""construction"":""never"",""movement"":""default"",""reproduce_at"":20,""require_uncrowded"":true,""schema"":1,""traits"":{""construct"":-1,""role"":""recycler"",""taste"":-1}}",3,0.722222222222,1,1,0.166666666667,sha256:0de3e94243530c8699e44537a6d85f4e3a1b139c6b905a797a9a601763f8b541,sha256:d5cb00965509ca65a7eeeebeee0fb485963c12afa04570988de4a39d49b97ae0,False,0,False,0,0,0,0,0,0,672,1336,-664,,True,True,0,0,0,0
semantic-variation-v1,case-09,3,"[""movement"",""construction"",""require_uncrowded""]",7105,codex_agent_itt,valid,"{""construction"":""until_nonzero"",""movement"":""stay_if_fed"",""reproduce_at"":20,""require_uncrowded"":true,""schema"":1,""traits"":{""construct"":-1,""role"":""recycler"",""taste"":-1}}",3,0.527777777778,0.75,0.666666666667,0.166666666667,sha256:0de3e94243530c8699e44537a6d85f4e3a1b139c6b905a797a9a601763f8b541,sha256:d90b9c183031b0ed370dd7bb80b3c1db5e125c7d6eeaa330809348744e73afca,False,0,False,0,0,0,0,0,0,758,1043,-285,9,False,True,0,0,0,0
semantic-variation-v1,case-09,3,"[""movement"",""construction"",""require_uncrowded""]",7106,parent,exact_parent,"{""construction"":""always"",""movement"":""seek_resource"",""reproduce_at"":20,""require_uncrowded"":false,""schema"":1,""traits"":{""construct"":-1,""role"":""recycler"",""taste"":-1}}",0,0,0,0,0,sha256:7c38697a374c73c1dfd3a1bc30000c94ef176d36672d9fbb1612c8c44797f5ce,sha256:71d361582af806d0f9eb1b326b4415bbb75c842de835b747f937b0cf4fd47d13,False,0,False,0,0,0,0,0,0,1167,869,298,1,False,True,0,0,0,0
semantic-variation-v1,case-09,3,"[""movement"",""construction"",""require_uncrowded""]",7106,typed_macro,valid,"{""construction"":""until_nonzero"",""movement"":""seek_opposite"",""reproduce_at"":20,""require_uncrowded"":true,""schema"":1,""traits"":{""construct"":-1,""role"":""recycler"",""taste"":-1}}",3,0.527777777778,0.75,0.666666666667,0.166666666667,sha256:7c38697a374c73c1dfd3a1bc30000c94ef176d36672d9fbb1612c8c44797f5ce,sha256:e34fd4a9d144cee7079248b97151eec92971b611a61eef9ef42f9ed239d2f263,False,0,False,0,0,0,0,0,0,1419,1987,-568,51,False,True,0,0,0,0
semantic-variation-v1,case-09,3,"[""movement"",""construction"",""require_uncrowded""]",7106,random_same_mask,valid,"{""construction"":""never"",""movement"":""default"",""reproduce_at"":20,""require_uncrowded"":true,""schema"":1,""traits"":{""construct"":-1,""role"":""recycler"",""taste"":-1}}",3,0.722222222222,1,1,0.166666666667,sha256:7c38697a374c73c1dfd3a1bc30000c94ef176d36672d9fbb1612c8c44797f5ce,sha256:5172b2bc4c29eb8ab53cd583f0ed64cc5a2f2ae55677ca60229d6d6221fdcbad,True,0.102234266463,False,0,0,0,0,0,0,717,535,182,7,False,True,0,0,0,0
semantic-variation-v1,case-09,3,"[""movement"",""construction"",""require_uncrowded""]",7106,codex_agent_itt,valid,"{""construction"":""until_nonzero"",""movement"":""stay_if_fed"",""reproduce_at"":20,""require_uncrowded"":true,""schema"":1,""traits"":{""construct"":-1,""role"":""recycler"",""taste"":-1}}",3,0.527777777778,0.75,0.666666666667,0.166666666667,sha256:7c38697a374c73c1dfd3a1bc30000c94ef176d36672d9fbb1612c8c44797f5ce,sha256:a0144bb6698a9c21ac7320ac912006a3978e1965e3f8a04fe55268550e4b175b,False,0,False,0,0,0,0,0,0,1419,1987,-568,51,False,True,0,0,0,0
semantic-variation-v1,case-09,3,"[""movement"",""construction"",""require_uncrowded""]",7107,parent,exact_parent,"{""construction"":""always"",""movement"":""seek_resource"",""reproduce_at"":20,""require_uncrowded"":false,""schema"":1,""traits"":{""construct"":-1,""role"":""recycler"",""taste"":-1}}",0,0,0,0,0,sha256:82e05853b640ba41a0ef5bd86c413edd2379b1f62a430d0783d27ce8f27ec096,sha256:92d760517975d9caddcbd227d803196a3a4a9e1718917b675ec2e117eb813bf8,True,0.116072105431,False,0,5.78893248142,-5.78893248142,0,191,-191,890,1832,-942,,True,True,0,0,0,0
semantic-variation-v1,case-09,3,"[""movement"",""construction"",""require_uncrowded""]",7107,typed_macro,valid,"{""construction"":""until_nonzero"",""movement"":""seek_opposite"",""reproduce_at"":20,""require_uncrowded"":true,""schema"":1,""traits"":{""construct"":-1,""role"":""recycler"",""taste"":-1}}",3,0.527777777778,0.75,0.666666666667,0.166666666667,sha256:82e05853b640ba41a0ef5bd86c413edd2379b1f62a430d0783d27ce8f27ec096,sha256:c302c54e4cf720a1814db1b70a619b8b7938fbcf741ef8fc374fb93c7753eb4c,False,0,False,0,0,0,0,0,0,1577,2336,-759,,True,True,0,0,0,0
semantic-variation-v1,case-09,3,"[""movement"",""construction"",""require_uncrowded""]",7107,random_same_mask,valid,"{""construction"":""never"",""movement"":""default"",""reproduce_at"":20,""require_uncrowded"":true,""schema"":1,""traits"":{""construct"":-1,""role"":""recycler"",""taste"":-1}}",3,0.722222222222,1,1,0.166666666667,sha256:82e05853b640ba41a0ef5bd86c413edd2379b1f62a430d0783d27ce8f27ec096,sha256:4e319b5018b183df7504386c8404631cdcbf4a3c9e96659dba195a00e15397c8,False,0,False,0,0,0,0,0,0,364,798,-434,,True,True,0,0,0,0
semantic-variation-v1,case-09,3,"[""movement"",""construction"",""require_uncrowded""]",7107,codex_agent_itt,valid,"{""construction"":""until_nonzero"",""movement"":""stay_if_fed"",""reproduce_at"":20,""require_uncrowded"":true,""schema"":1,""traits"":{""construct"":-1,""role"":""recycler"",""taste"":-1}}",3,0.527777777778,0.75,0.666666666667,0.166666666667,sha256:82e05853b640ba41a0ef5bd86c413edd2379b1f62a430d0783d27ce8f27ec096,sha256:14ef0ddf1dbf0c6db84a22c0502c16bfb738f73b2492b40e8c140a3658124cb4,False,0,False,0,0,0,0,0,0,1577,2336,-759,,True,True,0,0,0,0
semantic-variation-v1,case-10,3,"[""movement"",""reproduce_at"",""require_uncrowded""]",7100,parent,exact_parent,"{""construction"":""always"",""movement"":""seek_resource"",""reproduce_at"":20,""require_uncrowded"":false,""schema"":1,""traits"":{""construct"":-1,""role"":""recycler"",""taste"":-1}}",0,0,0,0,0,sha256:e8bff0e4c74a22ccec8ffbd79b1add7bc7ac2b9f75300c1f75b14bc2e7267e6f,sha256:52af5fce32661a735323430b1aa50ffc8436dc9a086795b5c1569372d428a6e7,True,0.0601430036111,True,0.83579537078,4.24133857475,-3.40554320397,16,119,-103,1382,1704,-322,36,False,True,0,0,0,0
semantic-variation-v1,case-10,3,"[""movement"",""reproduce_at"",""require_uncrowded""]",7100,typed_macro,valid,"{""construction"":""always"",""movement"":""seek_opposite"",""reproduce_at"":12,""require_uncrowded"":true,""schema"":1,""traits"":{""construct"":-1,""role"":""recycler"",""taste"":-1}}",3,0.361111111111,0.75,0,0.333333333333,sha256:e8bff0e4c74a22ccec8ffbd79b1add7bc7ac2b9f75300c1f75b14bc2e7267e6f,sha256:4711da886513db22c31747cbe5618bd660c1b5d33113c3b9de4e4d169b0e8c06,True,0.036736031122,False,0,0,0,0,0,0,1484,2260,-776,34,False,True,0,0,0,0
semantic-variation-v1,case-10,3,"[""movement"",""reproduce_at"",""require_uncrowded""]",7100,random_same_mask,valid,"{""construction"":""always"",""movement"":""default"",""reproduce_at"":25,""require_uncrowded"":true,""schema"":1,""traits"":{""construct"":-1,""role"":""recycler"",""taste"":-1}}",3,0.416666666667,1,0,0.25,sha256:e8bff0e4c74a22ccec8ffbd79b1add7bc7ac2b9f75300c1f75b14bc2e7267e6f,sha256:ad5ac2d1c5a177a6da0ff47f532a632d23a91bb5e932ce2b4144f6af1e94c7f4,False,0,False,0,0,0,0,0,0,2201,2450,-249,12,False,True,0,0,0,0
semantic-variation-v1,case-10,3,"[""movement"",""reproduce_at"",""require_uncrowded""]",7100,codex_agent_itt,valid,"{""construction"":""always"",""movement"":""stay_if_fed"",""reproduce_at"":14,""require_uncrowded"":true,""schema"":1,""traits"":{""construct"":-1,""role"":""recycler"",""taste"":-1}}",3,0.361111111111,0.75,0,0.333333333333,sha256:e8bff0e4c74a22ccec8ffbd79b1add7bc7ac2b9f75300c1f75b14bc2e7267e6f,sha256:a3f09929e72e785fb057f6ec5424612baae01f4a57983a97e9023313cfa83a18,True,0.0457285373843,True,7.02550999918,0.947084912073,6.07842508711,182,25,157,1629,1455,174,1,False,True,0,0,0,0
semantic-variation-v1,case-10,3,"[""movement"",""reproduce_at"",""require_uncrowded""]",7101,parent,exact_parent,"{""construction"":""always"",""movement"":""seek_resource"",""reproduce_at"":20,""require_uncrowded"":false,""schema"":1,""traits"":{""construct"":-1,""role"":""recycler"",""taste"":-1}}",0,0,0,0,0,sha256:c8be15f73aff0fa2bcd29b2469cc25f09d83a06ddb9aeda7e778dcbfd197b782,sha256:088142ebb3a1786d5ef355583e5c966815add44a4e37dada53efd35c3f6f82a6,False,0,False,0,0,0,0,0,0,2363,2394,-31,7,False,True,0,0,0,0
semantic-variation-v1,case-10,3,"[""movement"",""reproduce_at"",""require_uncrowded""]",7101,typed_macro,valid,"{""construction"":""always"",""movement"":""seek_opposite"",""reproduce_at"":12,""require_uncrowded"":true,""schema"":1,""traits"":{""construct"":-1,""role"":""recycler"",""taste"":-1}}",3,0.361111111111,0.75,0,0.333333333333,sha256:c8be15f73aff0fa2bcd29b2469cc25f09d83a06ddb9aeda7e778dcbfd197b782,sha256:c81050ae40ae661573651cfa245f8476df5b9870eaa57879d0454933f67d6551,False,0,False,0,0,0,0,0,0,2363,2394,-31,7,False,True,0,0,0,0
semantic-variation-v1,case-10,3,"[""movement"",""reproduce_at"",""require_uncrowded""]",7101,random_same_mask,valid,"{""construction"":""always"",""movement"":""default"",""reproduce_at"":25,""require_uncrowded"":true,""schema"":1,""traits"":{""construct"":-1,""role"":""recycler"",""taste"":-1}}",3,0.416666666667,1,0,0.25,sha256:c8be15f73aff0fa2bcd29b2469cc25f09d83a06ddb9aeda7e778dcbfd197b782,sha256:c5a498046558c8f0fbdbb7c7e4927d92f77181a81fc070bf9887b19297ae73c1,False,0,False,0,0,0,0,0,0,2363,2394,-31,7,False,True,0,0,0,0
semantic-variation-v1,case-10,3,"[""movement"",""reproduce_at"",""require_uncrowded""]",7101,codex_agent_itt,valid,"{""construction"":""always"",""movement"":""stay_if_fed"",""reproduce_at"":14,""require_uncrowded"":true,""schema"":1,""traits"":{""construct"":-1,""role"":""recycler"",""taste"":-1}}",3,0.361111111111,0.75,0,0.333333333333,sha256:c8be15f73aff0fa2bcd29b2469cc25f09d83a06ddb9aeda7e778dcbfd197b782,sha256:1f60b925786bd15869463ccb362932f4ceb321110ce9e7df687bd79229fe13d5,False,0,False,0,0,0,0,0,0,2363,2394,-31,7,False,True,0,0,0,0
semantic-variation-v1,case-10,3,"[""movement"",""reproduce_at"",""require_uncrowded""]",7102,parent,exact_parent,"{""construction"":""always"",""movement"":""seek_resource"",""reproduce_at"":20,""require_uncrowded"":false,""schema"":1,""traits"":{""construct"":-1,""role"":""recycler"",""taste"":-1}}",0,0,0,0,0,sha256:4a0c2036a0b774d9a76313acad1cdc63869a11a581cfebc9f643294b46ce6be9,sha256:ccb9dbba01e542a7cf1c07d2d434bd7ca1006e943e1de3cddff2e941a7235067,False,0,False,0,0,0,0,0,0,232,187,45,2,False,True,0,0,0,0
semantic-variation-v1,case-10,3,"[""movement"",""reproduce_at"",""require_uncrowded""]",7102,typed_macro,valid,"{""construction"":""always"",""movement"":""seek_opposite"",""reproduce_at"":12,""require_uncrowded"":true,""schema"":1,""traits"":{""construct"":-1,""role"":""recycler"",""taste"":-1}}",3,0.361111111111,0.75,0,0.333333333333,sha256:4a0c2036a0b774d9a76313acad1cdc63869a11a581cfebc9f643294b46ce6be9,sha256:c158e9a6e57b958648dc213343b5466ad802fab82fe60c7de9a0d6e8ad811521,True,0.126763664094,False,0,5.53224015407,-5.53224015407,0,90,-90,507,706,-199,27,False,True,0,0,0,0
semantic-variation-v1,case-10,3,"[""movement"",""reproduce_at"",""require_uncrowded""]",7102,random_same_mask,valid,"{""construction"":""always"",""movement"":""default"",""reproduce_at"":25,""require_uncrowded"":true,""schema"":1,""traits"":{""construct"":-1,""role"":""recycler"",""taste"":-1}}",3,0.416666666667,1,0,0.25,sha256:4a0c2036a0b774d9a76313acad1cdc63869a11a581cfebc9f643294b46ce6be9,sha256:3ec11f14a58d6fa8a011ba7cc009080e2296c61a30074290307adfcb594fc129,True,0.318842823843,True,5.1589022089,19.4527306027,-14.2938283938,61,215,-154,518,677,-159,6,False,True,0,0,0,0
semantic-variation-v1,case-10,3,"[""movement"",""reproduce_at"",""require_uncrowded""]",7102,codex_agent_itt,valid,"{""construction"":""always"",""movement"":""stay_if_fed"",""reproduce_at"":14,""require_uncrowded"":true,""schema"":1,""traits"":{""construct"":-1,""role"":""recycler"",""taste"":-1}}",3,0.361111111111,0.75,0,0.333333333333,sha256:4a0c2036a0b774d9a76313acad1cdc63869a11a581cfebc9f643294b46ce6be9,sha256:29b1841c7ea6886ef32d7d060c4919d66cd46dfff7670615177267f6e34fb82d,True,0.0820946347259,False,0,9.74899259791,-9.74899259791,0,254,-254,1000,1579,-579,20,False,True,0,0,0,0
semantic-variation-v1,case-10,3,"[""movement"",""reproduce_at"",""require_uncrowded""]",7103,parent,exact_parent,"{""construction"":""always"",""movement"":""seek_resource"",""reproduce_at"":20,""require_uncrowded"":false,""schema"":1,""traits"":{""construct"":-1,""role"":""recycler"",""taste"":-1}}",0,0,0,0,0,sha256:2a2e035fd8ff68b1a8c03537ac21e113ac00d11d77a96ab524ddaad15637c961,sha256:f4012feef0fa7d6b8fbefc04fd03b9b78501c16e9dfad1bd72810d97c3eb1f64,False,0,False,0,0,0,0,0,0,1356,1903,-547,12,False,True,0,0,0,0
semantic-variation-v1,case-10,3,"[""movement"",""reproduce_at"",""require_uncrowded""]",7103,typed_macro,valid,"{""construction"":""always"",""movement"":""seek_opposite"",""reproduce_at"":12,""require_uncrowded"":true,""schema"":1,""traits"":{""construct"":-1,""role"":""recycler"",""taste"":-1}}",3,0.361111111111,0.75,0,0.333333333333,sha256:2a2e035fd8ff68b1a8c03537ac21e113ac00d11d77a96ab524ddaad15637c961,sha256:161d345e19a73cbeef262f28161629dc81aa8e6fe139123186dc36b291a0b6ed,True,0.195419808568,True,8.28210981086,9.14322257765,-0.861112766788,349,559,-210,2672,3728,-1056,47,False,True,0,0,0,0
semantic-variation-v1,case-10,3,"[""movement"",""reproduce_at"",""require_uncrowded""]",7103,random_same_mask,valid,"{""construction"":""always"",""movement"":""default"",""reproduce_at"":25,""require_uncrowded"":true,""schema"":1,""traits"":{""construct"":-1,""role"":""recycler"",""taste"":-1}}",3,0.416666666667,1,0,0.25,sha256:2a2e035fd8ff68b1a8c03537ac21e113ac00d11d77a96ab524ddaad15637c961,sha256:f8f52be735fbb92d13567b982a1524e1348e22114a8195fe4d03c459ad898bb8,True,0.0531886057672,True,7.42852729166,7.67695397043,-0.248426678769,215,247,-32,1770,1939,-169,13,False,True,0,0,0,0
semantic-variation-v1,case-10,3,"[""movement"",""reproduce_at"",""require_uncrowded""]",7103,codex_agent_itt,valid,"{""construction"":""always"",""movement"":""stay_if_fed"",""reproduce_at"":14,""require_uncrowded"":true,""schema"":1,""traits"":{""construct"":-1,""role"":""recycler"",""taste"":-1}}",3,0.361111111111,0.75,0,0.333333333333,sha256:2a2e035fd8ff68b1a8c03537ac21e113ac00d11d77a96ab524ddaad15637c961,sha256:db54e37dacaa1d9e9b5bd7f600927d9636fba0b42e1137975cba664ac3c6a440,True,0.132692998003,True,8.5654833373,4.05438082271,4.51110251459,174,114,60,1408,1845,-437,57,False,True,0,0,0,0
semantic-variation-v1,case-10,3,"[""movement"",""reproduce_at"",""require_uncrowded""]",7104,parent,exact_parent,"{""construction"":""always"",""movement"":""seek_resource"",""reproduce_at"":20,""require_uncrowded"":false,""schema"":1,""traits"":{""construct"":-1,""role"":""recycler"",""taste"":-1}}",0,0,0,0,0,sha256:68c05ab61f461132a9462697750238e243588b9ce96a23b739870db3e20fdf8b,sha256:82f96474f2e00ae2e62a565380d3d49cef3ddfc12a9ea64b2c145ec79574e2d8,False,0,False,0,0,0,0,0,0,1765,1845,-80,7,False,True,0,0,0,0
semantic-variation-v1,case-10,3,"[""movement"",""reproduce_at"",""require_uncrowded""]",7104,typed_macro,valid,"{""construction"":""always"",""movement"":""seek_opposite"",""reproduce_at"":12,""require_uncrowded"":true,""schema"":1,""traits"":{""construct"":-1,""role"":""recycler"",""taste"":-1}}",3,0.361111111111,0.75,0,0.333333333333,sha256:68c05ab61f461132a9462697750238e243588b9ce96a23b739870db3e20fdf8b,sha256:b5463c1d2c314f05e23e4a3dfd7c5379e0e025746e14a3750266488d0ea48f97,False,0.00798434093363,False,0,0,0,0,0,0,1361,1495,-134,4,False,True,0,0,0,0
semantic-variation-v1,case-10,3,"[""movement"",""reproduce_at"",""require_uncrowded""]",7104,random_same_mask,valid,"{""construction"":""always"",""movement"":""default"",""reproduce_at"":25,""require_uncrowded"":true,""schema"":1,""traits"":{""construct"":-1,""role"":""recycler"",""taste"":-1}}",3,0.416666666667,1,0,0.25,sha256:68c05ab61f461132a9462697750238e243588b9ce96a23b739870db3e20fdf8b,sha256:61c06f1fcf4cb93cd829a613749f1a6e666909884e14d2dacd0ac7ade6840203,False,0.0446869549579,False,0,0,0,0,0,0,1155,1706,-551,9,False,True,0,0,0,0
semantic-variation-v1,case-10,3,"[""movement"",""reproduce_at"",""require_uncrowded""]",7104,codex_agent_itt,valid,"{""construction"":""always"",""movement"":""stay_if_fed"",""reproduce_at"":14,""require_uncrowded"":true,""schema"":1,""traits"":{""construct"":-1,""role"":""recycler"",""taste"":-1}}",3,0.361111111111,0.75,0,0.333333333333,sha256:68c05ab61f461132a9462697750238e243588b9ce96a23b739870db3e20fdf8b,sha256:70865304baa305a185d612148016de1bf1443348e32ca4ae386be9e70c7187f6,False,0.007279335934,False,0,0,0,0,0,0,2488,2817,-329,14,False,True,0,0,0,0
semantic-variation-v1,case-10,3,"[""movement"",""reproduce_at"",""require_uncrowded""]",7105,parent,exact_parent,"{""construction"":""always"",""movement"":""seek_resource"",""reproduce_at"":20,""require_uncrowded"":false,""schema"":1,""traits"":{""construct"":-1,""role"":""recycler"",""taste"":-1}}",0,0,0,0,0,sha256:0de3e94243530c8699e44537a6d85f4e3a1b139c6b905a797a9a601763f8b541,sha256:68cf4f6f04fa38556f292c4d7fbfeabbdc75248365c0c0f45d6132cf533343dd,False,0,False,0,0,0,0,0,0,1301,1793,-492,,True,True,0,0,0,0
semantic-variation-v1,case-10,3,"[""movement"",""reproduce_at"",""require_uncrowded""]",7105,typed_macro,valid,"{""construction"":""always"",""movement"":""seek_opposite"",""reproduce_at"":12,""require_uncrowded"":true,""schema"":1,""traits"":{""construct"":-1,""role"":""recycler"",""taste"":-1}}",3,0.361111111111,0.75,0,0.333333333333,sha256:0de3e94243530c8699e44537a6d85f4e3a1b139c6b905a797a9a601763f8b541,sha256:e34b5452a31fbdbd9c2254e21c83f3a77cd421014dab67f5d90afbde65d3bc11,False,0,False,0,0,0,0,0,0,725,635,90,1,False,True,0,0,0,0
semantic-variation-v1,case-10,3,"[""movement"",""reproduce_at"",""require_uncrowded""]",7105,random_same_mask,valid,"{""construction"":""always"",""movement"":""default"",""reproduce_at"":25,""require_uncrowded"":true,""schema"":1,""traits"":{""construct"":-1,""role"":""recycler"",""taste"":-1}}",3,0.416666666667,1,0,0.25,sha256:0de3e94243530c8699e44537a6d85f4e3a1b139c6b905a797a9a601763f8b541,sha256:9aab17cf9318966e702a4ff93469d3bb0ff555e8f37b71d8fda4cd95ba3a25c0,False,0,False,0,0,0,0,0,0,725,635,90,1,False,True,0,0,0,0
semantic-variation-v1,case-10,3,"[""movement"",""reproduce_at"",""require_uncrowded""]",7105,codex_agent_itt,valid,"{""construction"":""always"",""movement"":""stay_if_fed"",""reproduce_at"":14,""require_uncrowded"":true,""schema"":1,""traits"":{""construct"":-1,""role"":""recycler"",""taste"":-1}}",3,0.361111111111,0.75,0,0.333333333333,sha256:0de3e94243530c8699e44537a6d85f4e3a1b139c6b905a797a9a601763f8b541,sha256:32eb3fc8d6ee39c8370a649cd895e1d571173c4eb0aae245fd6179ad2c4098ca,False,0,False,0,0,0,0,0,0,725,635,90,1,False,True,0,0,0,0
semantic-variation-v1,case-10,3,"[""movement"",""reproduce_at"",""require_uncrowded""]",7106,parent,exact_parent,"{""construction"":""always"",""movement"":""seek_resource"",""reproduce_at"":20,""require_uncrowded"":false,""schema"":1,""traits"":{""construct"":-1,""role"":""recycler"",""taste"":-1}}",0,0,0,0,0,sha256:7c38697a374c73c1dfd3a1bc30000c94ef176d36672d9fbb1612c8c44797f5ce,sha256:a7141b701fe1e96fd8c8817a5e4bd395ed1f1e674c3ee20a3bfae1b656efebc5,False,0,False,0,0,0,0,0,0,1167,869,298,1,False,True,0,0,0,0
semantic-variation-v1,case-10,3,"[""movement"",""reproduce_at"",""require_uncrowded""]",7106,typed_macro,valid,"{""construction"":""always"",""movement"":""seek_opposite"",""reproduce_at"":12,""require_uncrowded"":true,""schema"":1,""traits"":{""construct"":-1,""role"":""recycler"",""taste"":-1}}",3,0.361111111111,0.75,0,0.333333333333,sha256:7c38697a374c73c1dfd3a1bc30000c94ef176d36672d9fbb1612c8c44797f5ce,sha256:4f82141004bafcc7a527f09605cb38c619f36a5a354b67f3284e8d9754c65975,False,0,False,0,0,0,0,0,0,177,338,-161,,True,True,0,0,0,0
semantic-variation-v1,case-10,3,"[""movement"",""reproduce_at"",""require_uncrowded""]",7106,random_same_mask,valid,"{""construction"":""always"",""movement"":""default"",""reproduce_at"":25,""require_uncrowded"":true,""schema"":1,""traits"":{""construct"":-1,""role"":""recycler"",""taste"":-1}}",3,0.416666666667,1,0,0.25,sha256:7c38697a374c73c1dfd3a1bc30000c94ef176d36672d9fbb1612c8c44797f5ce,sha256:914d4dd4898f54ca9d5782fe4c9a2cacd6f7f45d7b821ed0634e020eaf17fc98,False,0,False,0,0,0,0,0,0,764,1202,-438,,True,True,0,0,0,0
semantic-variation-v1,case-10,3,"[""movement"",""reproduce_at"",""require_uncrowded""]",7106,codex_agent_itt,valid,"{""construction"":""always"",""movement"":""stay_if_fed"",""reproduce_at"":14,""require_uncrowded"":true,""schema"":1,""traits"":{""construct"":-1,""role"":""recycler"",""taste"":-1}}",3,0.361111111111,0.75,0,0.333333333333,sha256:7c38697a374c73c1dfd3a1bc30000c94ef176d36672d9fbb1612c8c44797f5ce,sha256:baf1538f269c57fcb5b83ce124b6c592d79ff4e791dc8ec56bdda58791181009,False,0,False,0,0,0,0,0,0,868,968,-100,1,False,True,0,0,0,0
semantic-variation-v1,case-10,3,"[""movement"",""reproduce_at"",""require_uncrowded""]",7107,parent,exact_parent,"{""construction"":""always"",""movement"":""seek_resource"",""reproduce_at"":20,""require_uncrowded"":false,""schema"":1,""traits"":{""construct"":-1,""role"":""recycler"",""taste"":-1}}",0,0,0,0,0,sha256:82e05853b640ba41a0ef5bd86c413edd2379b1f62a430d0783d27ce8f27ec096,sha256:c9ad740bd809f2c8d81639b8f2dc0bec58c4acb6787306e19772fbeb3aa52bd2,True,0.116072105431,False,0,5.78893248142,-5.78893248142,0,191,-191,890,1832,-942,,True,True,0,0,0,0
semantic-variation-v1,case-10,3,"[""movement"",""reproduce_at"",""require_uncrowded""]",7107,typed_macro,valid,"{""construction"":""always"",""movement"":""seek_opposite"",""reproduce_at"":12,""require_uncrowded"":true,""schema"":1,""traits"":{""construct"":-1,""role"":""recycler"",""taste"":-1}}",3,0.361111111111,0.75,0,0.333333333333,sha256:82e05853b640ba41a0ef5bd86c413edd2379b1f62a430d0783d27ce8f27ec096,sha256:f1b0b5ceefe2ee4d1321b7221db031be8efd2dd1ad4da68c848520742cdf3f10,False,0.0685681189884,False,0,0,0,0,0,0,797,1355,-558,,True,True,0,0,0,0
semantic-variation-v1,case-10,3,"[""movement"",""reproduce_at"",""require_uncrowded""]",7107,random_same_mask,valid,"{""construction"":""always"",""movement"":""default"",""reproduce_at"":25,""require_uncrowded"":true,""schema"":1,""traits"":{""construct"":-1,""role"":""recycler"",""taste"":-1}}",3,0.416666666667,1,0,0.25,sha256:82e05853b640ba41a0ef5bd86c413edd2379b1f62a430d0783d27ce8f27ec096,sha256:e77eb15a736c975544f1faa4d8ba16fc04fdb19c06a35e0920ebca1086e4f41e,False,0.0225952380952,False,0,0,0,0,0,0,687,850,-163,11,False,True,0,0,0,0
semantic-variation-v1,case-10,3,"[""movement"",""reproduce_at"",""require_uncrowded""]",7107,codex_agent_itt,valid,"{""construction"":""always"",""movement"":""stay_if_fed"",""reproduce_at"":14,""require_uncrowded"":true,""schema"":1,""traits"":{""construct"":-1,""role"":""recycler"",""taste"":-1}}",3,0.361111111111,0.75,0,0.333333333333,sha256:82e05853b640ba41a0ef5bd86c413edd2379b1f62a430d0783d27ce8f27ec096,sha256:528d96f39d9389eda28ef91a4f43de0eb27aca97008fe324cbe2c8ee7c18d538,True,0.182557100601,True,2.70357975358,0.142857142857,2.56072261072,29,2,27,449,158,291,1,False,True,0,0,0,0
semantic-variation-v1,case-11,3,"[""construction"",""reproduce_at"",""require_uncrowded""]",7100,parent,exact_parent,"{""construction"":""always"",""movement"":""seek_resource"",""reproduce_at"":20,""require_uncrowded"":false,""schema"":1,""traits"":{""construct"":-1,""role"":""recycler"",""taste"":-1}}",0,0,0,0,0,sha256:e8bff0e4c74a22ccec8ffbd79b1add7bc7ac2b9f75300c1f75b14bc2e7267e6f,sha256:44e6421990f2ab43142e36a13baea6d14edc40dce4832f858b84123d0e2e9e1c,True,0.0601430036111,True,0.83579537078,4.24133857475,-3.40554320397,16,119,-103,1382,1704,-322,36,False,True,0,0,0,0
semantic-variation-v1,case-11,3,"[""construction"",""reproduce_at"",""require_uncrowded""]",7100,typed_macro,valid,"{""construction"":""until_nonzero"",""movement"":""seek_resource"",""reproduce_at"":12,""require_uncrowded"":true,""schema"":1,""traits"":{""construct"":-1,""role"":""recycler"",""taste"":-1}}",3,0.333333333333,0,0.666666666667,0.333333333333,sha256:e8bff0e4c74a22ccec8ffbd79b1add7bc7ac2b9f75300c1f75b14bc2e7267e6f,sha256:08f6ac684637aa96a711c62de56fbdb3ca257062b34fec8a1c5c7d5919a1e106,True,0.167336728489,True,18.8133232065,9.36206190839,9.45126129808,596,290,306,1863,1872,-9,16,False,True,0,0,0,0
semantic-variation-v1,case-11,3,"[""construction"",""reproduce_at"",""require_uncrowded""]",7100,random_same_mask,valid,"{""construction"":""never"",""movement"":""seek_resource"",""reproduce_at"":23,""require_uncrowded"":true,""schema"":1,""traits"":{""construct"":-1,""role"":""recycler"",""taste"":-1}}",3,0.388888888889,0,1,0.166666666667,sha256:e8bff0e4c74a22ccec8ffbd79b1add7bc7ac2b9f75300c1f75b14bc2e7267e6f,sha256:d3f12de1f4954c3aa809e80d001290543a1bbb67cc72d2caf52ddb35c693b997,False,0,False,0,0,0,0,0,0,1507,2043,-536,40,False,True,0,0,0,0
semantic-variation-v1,case-11,3,"[""construction"",""reproduce_at"",""require_uncrowded""]",7100,codex_agent_itt,valid,"{""construction"":""until_nonzero"",""movement"":""seek_resource"",""reproduce_at"":14,""require_uncrowded"":true,""schema"":1,""traits"":{""construct"":-1,""role"":""recycler"",""taste"":-1}}",3,0.333333333333,0,0.666666666667,0.333333333333,sha256:e8bff0e4c74a22ccec8ffbd79b1add7bc7ac2b9f75300c1f75b14bc2e7267e6f,sha256:a02d7d07862c07b24b24acddb8799b9ce7272940e20ec1fb49038cd95f757765,True,0.0555502110698,True,7.48961905754,6.31995869452,1.16966036302,219,188,31,1840,1819,21,27,False,True,0,0,0,0
semantic-variation-v1,case-11,3,"[""construction"",""reproduce_at"",""require_uncrowded""]",7101,parent,exact_parent,"{""construction"":""always"",""movement"":""seek_resource"",""reproduce_at"":20,""require_uncrowded"":false,""schema"":1,""traits"":{""construct"":-1,""role"":""recycler"",""taste"":-1}}",0,0,0,0,0,sha256:c8be15f73aff0fa2bcd29b2469cc25f09d83a06ddb9aeda7e778dcbfd197b782,sha256:d15ee51bda46dcc291100d80459530cb0f2bf772f7b893961c40d28c54996715,False,0,False,0,0,0,0,0,0,2363,2394,-31,7,False,True,0,0,0,0
semantic-variation-v1,case-11,3,"[""construction"",""reproduce_at"",""require_uncrowded""]",7101,typed_macro,valid,"{""construction"":""until_nonzero"",""movement"":""seek_resource"",""reproduce_at"":12,""require_uncrowded"":true,""schema"":1,""traits"":{""construct"":-1,""role"":""recycler"",""taste"":-1}}",3,0.333333333333,0,0.666666666667,0.333333333333,sha256:c8be15f73aff0fa2bcd29b2469cc25f09d83a06ddb9aeda7e778dcbfd197b782,sha256:cd240b07fb3c8e99f79962361183a31a59a3d9a495ee5cf870bf67bfc7876f40,False,0,False,0,0,0,0,0,0,1936,2178,-242,33,False,True,0,0,0,0
semantic-variation-v1,case-11,3,"[""construction"",""reproduce_at"",""require_uncrowded""]",7101,random_same_mask,valid,"{""construction"":""never"",""movement"":""seek_resource"",""reproduce_at"":23,""require_uncrowded"":true,""schema"":1,""traits"":{""construct"":-1,""role"":""recycler"",""taste"":-1}}",3,0.388888888889,0,1,0.166666666667,sha256:c8be15f73aff0fa2bcd29b2469cc25f09d83a06ddb9aeda7e778dcbfd197b782,sha256:42e018ebdcfdd43866f0ba6641f9916ef5963845e312796f1e729edc5713f6d8,False,0,False,0,0,0,0,0,0,1196,1598,-402,2,False,True,0,0,0,0
semantic-variation-v1,case-11,3,"[""construction"",""reproduce_at"",""require_uncrowded""]",7101,codex_agent_itt,valid,"{""construction"":""until_nonzero"",""movement"":""seek_resource"",""reproduce_at"":14,""require_uncrowded"":true,""schema"":1,""traits"":{""construct"":-1,""role"":""recycler"",""taste"":-1}}",3,0.333333333333,0,0.666666666667,0.333333333333,sha256:c8be15f73aff0fa2bcd29b2469cc25f09d83a06ddb9aeda7e778dcbfd197b782,sha256:650b52370e55761c55c99783aaa5ad4a400cdd1cd674871282934341dcb572ec,False,0,False,0,0,0,0,0,0,1936,2178,-242,33,False,True,0,0,0,0
semantic-variation-v1,case-11,3,"[""construction"",""reproduce_at"",""require_uncrowded""]",7102,parent,exact_parent,"{""construction"":""always"",""movement"":""seek_resource"",""reproduce_at"":20,""require_uncrowded"":false,""schema"":1,""traits"":{""construct"":-1,""role"":""recycler"",""taste"":-1}}",0,0,0,0,0,sha256:4a0c2036a0b774d9a76313acad1cdc63869a11a581cfebc9f643294b46ce6be9,sha256:4cd3c2d81d20871ab1396d58e882f2982c1b1989e102de6531265bd3c0478a21,False,0,False,0,0,0,0,0,0,232,187,45,2,False,True,0,0,0,0
semantic-variation-v1,case-11,3,"[""construction"",""reproduce_at"",""require_uncrowded""]",7102,typed_macro,valid,"{""construction"":""until_nonzero"",""movement"":""seek_resource"",""reproduce_at"":12,""require_uncrowded"":true,""schema"":1,""traits"":{""construct"":-1,""role"":""recycler"",""taste"":-1}}",3,0.333333333333,0,0.666666666667,0.333333333333,sha256:4a0c2036a0b774d9a76313acad1cdc63869a11a581cfebc9f643294b46ce6be9,sha256:6b92010f7ecf7dc38df7365110e9a927d6745d01cde5fef2af941ed3d7686d88,False,0,False,0,0,0,0,0,0,376,420,-44,4,False,True,0,0,0,0
semantic-variation-v1,case-11,3,"[""construction"",""reproduce_at"",""require_uncrowded""]",7102,random_same_mask,valid,"{""construction"":""never"",""movement"":""seek_resource"",""reproduce_at"":23,""require_uncrowded"":true,""schema"":1,""traits"":{""construct"":-1,""role"":""recycler"",""taste"":-1}}",3,0.388888888889,0,1,0.166666666667,sha256:4a0c2036a0b774d9a76313acad1cdc63869a11a581cfebc9f643294b46ce6be9,sha256:fe96187c20868a19c032838704b2cdc23f58ab9e32d085f0343167f1010f159f,True,0.0725069831524,True,0.527279950018,0.187707641196,0.339572308822,17,8,9,2103,2291,-188,14,False,True,0,0,0,0
semantic-variation-v1,case-11,3,"[""construction"",""reproduce_at"",""require_uncrowded""]",7102,codex_agent_itt,valid,"{""construction"":""until_nonzero"",""movement"":""seek_resource"",""reproduce_at"":14,""require_uncrowded"":true,""schema"":1,""traits"":{""construct"":-1,""role"":""recycler"",""taste"":-1}}",3,0.333333333333,0,0.666666666667,0.333333333333,sha256:4a0c2036a0b774d9a76313acad1cdc63869a11a581cfebc9f643294b46ce6be9,sha256:65c648af727f5adb4a7fa21907d02b1c3b0c7c4d6e9c7ae3ce11768c92ce6d88,True,0.0940268041469,False,0,1.53974532714,-1.53974532714,0,36,-36,1409,1356,53,13,False,True,0,0,0,0
semantic-variation-v1,case-11,3,"[""construction"",""reproduce_at"",""require_uncrowded""]",7103,parent,exact_parent,"{""construction"":""always"",""movement"":""seek_resource"",""reproduce_at"":20,""require_uncrowded"":false,""schema"":1,""traits"":{""construct"":-1,""role"":""recycler"",""taste"":-1}}",0,0,0,0,0,sha256:2a2e035fd8ff68b1a8c03537ac21e113ac00d11d77a96ab524ddaad15637c961,sha256:40e4232769224aab92cbc34bd86ec01632971e73e28d3a69e7801779afed2f21,False,0,False,0,0,0,0,0,0,1356,1903,-547,12,False,True,0,0,0,0
semantic-variation-v1,case-11,3,"[""construction"",""reproduce_at"",""require_uncrowded""]",7103,typed_macro,valid,"{""construction"":""until_nonzero"",""movement"":""seek_resource"",""reproduce_at"":12,""require_uncrowded"":true,""schema"":1,""traits"":{""construct"":-1,""role"":""recycler"",""taste"":-1}}",3,0.333333333333,0,0.666666666667,0.333333333333,sha256:2a2e035fd8ff68b1a8c03537ac21e113ac00d11d77a96ab524ddaad15637c961,sha256:8f3436fa8678eb2b0413fd16b307f97765e276e1c9d62fdf21c670296288c44d,True,0.319142926862,True,16.6105082752,22.2190479956,-5.60853972042,689,1177,-488,2535,3174,-639,42,False,True,0,0,0,0
semantic-variation-v1,case-11,3,"[""construction"",""reproduce_at"",""require_uncrowded""]",7103,random_same_mask,valid,"{""construction"":""never"",""movement"":""seek_resource"",""reproduce_at"":23,""require_uncrowded"":true,""schema"":1,""traits"":{""construct"":-1,""role"":""recycler"",""taste"":-1}}",3,0.388888888889,0,1,0.166666666667,sha256:2a2e035fd8ff68b1a8c03537ac21e113ac00d11d77a96ab524ddaad15637c961,sha256:82e7ed0608775efe147dbac12d5aa175a1559adb06eafa0dde8656fb8960c1fc,True,0.189299620205,True,14.3682968739,18.1611266481,-3.79282977426,484,844,-360,2007,2802,-795,51,False,True,0,0,0,0
semantic-variation-v1,case-11,3,"[""construction"",""reproduce_at"",""require_uncrowded""]",7103,codex_agent_itt,valid,"{""construction"":""until_nonzero"",""movement"":""seek_resource"",""reproduce_at"":14,""require_uncrowded"":true,""schema"":1,""traits"":{""construct"":-1,""role"":""recycler"",""taste"":-1}}",3,0.333333333333,0,0.666666666667,0.333333333333,sha256:2a2e035fd8ff68b1a8c03537ac21e113ac00d11d77a96ab524ddaad15637c961,sha256:fb5f8457fe5b45a0e598252c5e77bb70c16140d02adf989143f8961ecce6dea6,True,0.284428250294,True,20.882552992,24.408928198,-3.52637520604,1260,1724,-464,3587,4223,-636,30,False,True,0,0,0,0
semantic-variation-v1,case-11,3,"[""construction"",""reproduce_at"",""require_uncrowded""]",7104,parent,exact_parent,"{""construction"":""always"",""movement"":""seek_resource"",""reproduce_at"":20,""require_uncrowded"":false,""schema"":1,""traits"":{""construct"":-1,""role"":""recycler"",""taste"":-1}}",0,0,0,0,0,sha256:68c05ab61f461132a9462697750238e243588b9ce96a23b739870db3e20fdf8b,sha256:cf307bdc53bc6be36ca1273d2256f78c6fa7c810d231812ab250bd069a900491,False,0,False,0,0,0,0,0,0,1765,1845,-80,7,False,True,0,0,0,0
semantic-variation-v1,case-11,3,"[""construction"",""reproduce_at"",""require_uncrowded""]",7104,typed_macro,valid,"{""construction"":""until_nonzero"",""movement"":""seek_resource"",""reproduce_at"":12,""require_uncrowded"":true,""schema"":1,""traits"":{""construct"":-1,""role"":""recycler"",""taste"":-1}}",3,0.333333333333,0,0.666666666667,0.333333333333,sha256:68c05ab61f461132a9462697750238e243588b9ce96a23b739870db3e20fdf8b,sha256:1fc0bc048a3ae8fde10588059216ba6d3b28ab47bdafd9d634e6d52f4c1d6c0c,True,0.188896307048,True,24.8245049954,25.2000502482,-0.375545252806,1080,1301,-221,2526,3098,-572,41,False,True,0,0,0,0
semantic-variation-v1,case-11,3,"[""construction"",""reproduce_at"",""require_uncrowded""]",7104,random_same_mask,valid,"{""construction"":""never"",""movement"":""seek_resource"",""reproduce_at"":23,""require_uncrowded"":true,""schema"":1,""traits"":{""construct"":-1,""role"":""recycler"",""taste"":-1}}",3,0.388888888889,0,1,0.166666666667,sha256:68c05ab61f461132a9462697750238e243588b9ce96a23b739870db3e20fdf8b,sha256:281b9425bf6d9c71f78c2d1942bc5c94a3e2213bda68c211cba61a0f758332d1,False,0,False,0,0,0,0,0,0,3267,3509,-242,5,False,True,0,0,0,0
semantic-variation-v1,case-11,3,"[""construction"",""reproduce_at"",""require_uncrowded""]",7104,codex_agent_itt,valid,"{""construction"":""until_nonzero"",""movement"":""seek_resource"",""reproduce_at"":14,""require_uncrowded"":true,""schema"":1,""traits"":{""construct"":-1,""role"":""recycler"",""taste"":-1}}",3,0.333333333333,0,0.666666666667,0.333333333333,sha256:68c05ab61f461132a9462697750238e243588b9ce96a23b739870db3e20fdf8b,sha256:d1450f925d4a3534323c168427259d648145774dfe019210a685d8c3ff97cb05,False,0.0358995090612,False,0,5.40166130313,-5.40166130313,0,307,-307,2743,3382,-639,46,False,True,0,0,0,0
semantic-variation-v1,case-11,3,"[""construction"",""reproduce_at"",""require_uncrowded""]",7105,parent,exact_parent,"{""construction"":""always"",""movement"":""seek_resource"",""reproduce_at"":20,""require_uncrowded"":false,""schema"":1,""traits"":{""construct"":-1,""role"":""recycler"",""taste"":-1}}",0,0,0,0,0,sha256:0de3e94243530c8699e44537a6d85f4e3a1b139c6b905a797a9a601763f8b541,sha256:face0a07ec103cc0bbaab424a10f33236f47a93d2338274947eda716e19c3569,False,0,False,0,0,0,0,0,0,1301,1793,-492,,True,True,0,0,0,0
semantic-variation-v1,case-11,3,"[""construction"",""reproduce_at"",""require_uncrowded""]",7105,typed_macro,valid,"{""construction"":""until_nonzero"",""movement"":""seek_resource"",""reproduce_at"":12,""require_uncrowded"":true,""schema"":1,""traits"":{""construct"":-1,""role"":""recycler"",""taste"":-1}}",3,0.333333333333,0,0.666666666667,0.333333333333,sha256:0de3e94243530c8699e44537a6d85f4e3a1b139c6b905a797a9a601763f8b541,sha256:b2c09655d9e02243028dd634c90120631a023e7697d6a03003b2c80c97709aba,False,0,False,0,0,0,0,0,0,504,708,-204,27,False,True,0,0,0,0
semantic-variation-v1,case-11,3,"[""construction"",""reproduce_at"",""require_uncrowded""]",7105,random_same_mask,valid,"{""construction"":""never"",""movement"":""seek_resource"",""reproduce_at"":23,""require_uncrowded"":true,""schema"":1,""traits"":{""construct"":-1,""role"":""recycler"",""taste"":-1}}",3,0.388888888889,0,1,0.166666666667,sha256:0de3e94243530c8699e44537a6d85f4e3a1b139c6b905a797a9a601763f8b541,sha256:54f7c38c347befd7a019a7ab31935c95ae40f10b583e6191a6d05d40a5a4898a,False,0,False,0,0,0,0,0,0,672,1336,-664,,True,True,0,0,0,0
semantic-variation-v1,case-11,3,"[""construction"",""reproduce_at"",""require_uncrowded""]",7105,codex_agent_itt,valid,"{""construction"":""until_nonzero"",""movement"":""seek_resource"",""reproduce_at"":14,""require_uncrowded"":true,""schema"":1,""traits"":{""construct"":-1,""role"":""recycler"",""taste"":-1}}",3,0.333333333333,0,0.666666666667,0.333333333333,sha256:0de3e94243530c8699e44537a6d85f4e3a1b139c6b905a797a9a601763f8b541,sha256:d2e269d66c92b537a7260df23465dde71a9a768df4b7e0333016f399a99b6255,False,0,False,0,0,0,0,0,0,855,1397,-542,,True,True,0,0,0,0
semantic-variation-v1,case-11,3,"[""construction"",""reproduce_at"",""require_uncrowded""]",7106,parent,exact_parent,"{""construction"":""always"",""movement"":""seek_resource"",""reproduce_at"":20,""require_uncrowded"":false,""schema"":1,""traits"":{""construct"":-1,""role"":""recycler"",""taste"":-1}}",0,0,0,0,0,sha256:7c38697a374c73c1dfd3a1bc30000c94ef176d36672d9fbb1612c8c44797f5ce,sha256:98879e6a41b866ffb0f96fb9c763d55d878bbc934575f85ac6327343c8fb08e2,False,0,False,0,0,0,0,0,0,1167,869,298,1,False,True,0,0,0,0
semantic-variation-v1,case-11,3,"[""construction"",""reproduce_at"",""require_uncrowded""]",7106,typed_macro,valid,"{""construction"":""until_nonzero"",""movement"":""seek_resource"",""reproduce_at"":12,""require_uncrowded"":true,""schema"":1,""traits"":{""construct"":-1,""role"":""recycler"",""taste"":-1}}",3,0.333333333333,0,0.666666666667,0.333333333333,sha256:7c38697a374c73c1dfd3a1bc30000c94ef176d36672d9fbb1612c8c44797f5ce,sha256:e4c19da70a444ea72dea4cbf468a81447efcf1307bdfc9a33ffd58104888b332,False,0,False,0,0,0,0,0,0,173,139,34,1,False,True,0,0,0,0
semantic-variation-v1,case-11,3,"[""construction"",""reproduce_at"",""require_uncrowded""]",7106,random_same_mask,valid,"{""construction"":""never"",""movement"":""seek_resource"",""reproduce_at"":23,""require_uncrowded"":true,""schema"":1,""traits"":{""construct"":-1,""role"":""recycler"",""taste"":-1}}",3,0.388888888889,0,1,0.166666666667,sha256:7c38697a374c73c1dfd3a1bc30000c94ef176d36672d9fbb1612c8c44797f5ce,sha256:7ad38768a1928c7bc07cd9a76e3f279730c9dfdd320fc5531572943fb397dedc,False,0,False,0,0,0,0,0,0,433,1348,-915,,True,True,0,0,0,0
semantic-variation-v1,case-11,3,"[""construction"",""reproduce_at"",""require_uncrowded""]",7106,codex_agent_itt,valid,"{""construction"":""until_nonzero"",""movement"":""seek_resource"",""reproduce_at"":14,""require_uncrowded"":true,""schema"":1,""traits"":{""construct"":-1,""role"":""recycler"",""taste"":-1}}",3,0.333333333333,0,0.666666666667,0.333333333333,sha256:7c38697a374c73c1dfd3a1bc30000c94ef176d36672d9fbb1612c8c44797f5ce,sha256:4352ae005d2605976c46139162aeeff8530e874e9393b8574830459f52e71436,False,0,False,0,0,0,0,0,0,298,459,-161,20,False,True,0,0,0,0
semantic-variation-v1,case-11,3,"[""construction"",""reproduce_at"",""require_uncrowded""]",7107,parent,exact_parent,"{""construction"":""always"",""movement"":""seek_resource"",""reproduce_at"":20,""require_uncrowded"":false,""schema"":1,""traits"":{""construct"":-1,""role"":""recycler"",""taste"":-1}}",0,0,0,0,0,sha256:82e05853b640ba41a0ef5bd86c413edd2379b1f62a430d0783d27ce8f27ec096,sha256:8797c15da0054d2a6172f5301039c2ed100c5fade93129480a7281d46f453183,True,0.116072105431,False,0,5.78893248142,-5.78893248142,0,191,-191,890,1832,-942,,True,True,0,0,0,0
semantic-variation-v1,case-11,3,"[""construction"",""reproduce_at"",""require_uncrowded""]",7107,typed_macro,valid,"{""construction"":""until_nonzero"",""movement"":""seek_resource"",""reproduce_at"":12,""require_uncrowded"":true,""schema"":1,""traits"":{""construct"":-1,""role"":""recycler"",""taste"":-1}}",3,0.333333333333,0,0.666666666667,0.333333333333,sha256:82e05853b640ba41a0ef5bd86c413edd2379b1f62a430d0783d27ce8f27ec096,sha256:ed32b3b06afa99507b89c9999c45165aeab5618af8ec32e497787935216c7a65,False,0,False,0,0,0,0,0,0,925,1011,-86,21,False,True,0,0,0,0
semantic-variation-v1,case-11,3,"[""construction"",""reproduce_at"",""require_uncrowded""]",7107,random_same_mask,valid,"{""construction"":""never"",""movement"":""seek_resource"",""reproduce_at"":23,""require_uncrowded"":true,""schema"":1,""traits"":{""construct"":-1,""role"":""recycler"",""taste"":-1}}",3,0.388888888889,0,1,0.166666666667,sha256:82e05853b640ba41a0ef5bd86c413edd2379b1f62a430d0783d27ce8f27ec096,sha256:7ab8c21c18faab6cc30f2b9401c6d0402bf67e228b7e53f9ca11b62b2f0ec7e4,False,0,False,0,0,0,0,0,0,649,1163,-514,,True,True,0,0,0,0
semantic-variation-v1,case-11,3,"[""construction"",""reproduce_at"",""require_uncrowded""]",7107,codex_agent_itt,valid,"{""construction"":""until_nonzero"",""movement"":""seek_resource"",""reproduce_at"":14,""require_uncrowded"":true,""schema"":1,""traits"":{""construct"":-1,""role"":""recycler"",""taste"":-1}}",3,0.333333333333,0,0.666666666667,0.333333333333,sha256:82e05853b640ba41a0ef5bd86c413edd2379b1f62a430d0783d27ce8f27ec096,sha256:667e37e9e89aaca50cf53a028ea442a4abe24f2e67878221f60fe53981935589,False,0,False,0,0,0,0,0,0,1407,1917,-510,10,False,True,0,0,0,0
semantic-variation-v1,case-12,4,"[""movement"",""construction"",""reproduce_at""]",7100,parent,exact_parent,"{""construction"":""until_nonzero"",""movement"":""stay_if_fed"",""reproduce_at"":16,""require_uncrowded"":false,""schema"":1,""traits"":{""construct"":1,""role"":""producer"",""taste"":1}}",0,0,0,0,0,sha256:e8bff0e4c74a22ccec8ffbd79b1add7bc7ac2b9f75300c1f75b14bc2e7267e6f,sha256:4873ea0da36c9ee9d7d83acb759c4096e595659eb72d947ca9c74922632b5cfb,True,0.056505654023,True,5.5908205257,4.11914963775,1.47167088795,129,116,13,1382,1704,-322,36,False,True,0,0,0,0
semantic-variation-v1,case-12,4,"[""movement"",""construction"",""reproduce_at""]",7100,typed_macro,valid,"{""construction"":""always"",""movement"":""seek_resource"",""reproduce_at"":12,""require_uncrowded"":false,""schema"":1,""traits"":{""construct"":1,""role"":""producer"",""taste"":1}}",3,0.527777777778,0.75,0.666666666667,0.166666666667,sha256:e8bff0e4c74a22ccec8ffbd79b1add7bc7ac2b9f75300c1f75b14bc2e7267e6f,sha256:d6f6e4d1a022db9d4d08292a72d95b6a8a5ce2e0a6501935eedbfa526b089744,False,0.00814466069004,False,0,0,0,0,0,0,2106,2970,-864,51,False,True,0,0,0,0
semantic-variation-v1,case-12,4,"[""movement"",""construction"",""reproduce_at""]",7100,random_same_mask,valid,"{""construction"":""never"",""movement"":""default"",""reproduce_at"":20,""require_uncrowded"":false,""schema"":1,""traits"":{""construct"":1,""role"":""producer"",""taste"":1}}",3,0.25,0.25,0.333333333333,0.166666666667,sha256:e8bff0e4c74a22ccec8ffbd79b1add7bc7ac2b9f75300c1f75b14bc2e7267e6f,sha256:d466d1c1f92bd6e0b891f0a1a294198e973e5b43d6e42f7e8c0fd7bf0b76f1de,False,0.0144879433721,False,0,0,0,0,0,0,1484,2883,-1399,,True,True,0,0,0,0
semantic-variation-v1,case-12,4,"[""movement"",""construction"",""reproduce_at""]",7100,codex_agent_itt,valid,"{""construction"":""always"",""movement"":""seek_resource"",""reproduce_at"":20,""require_uncrowded"":false,""schema"":1,""traits"":{""construct"":1,""role"":""producer"",""taste"":1}}",3,0.527777777778,0.75,0.666666666667,0.166666666667,sha256:e8bff0e4c74a22ccec8ffbd79b1add7bc7ac2b9f75300c1f75b14bc2e7267e6f,sha256:3d310be64130d2a5d5d26f7ca44944f289831bacba0e93fe92ce59746ce61582,True,0.0501439995186,True,0.0968413978495,0.145785465863,-0.0489440680136,3,9,-6,2989,3875,-886,20,False,True,0,0,0,0
semantic-variation-v1,case-12,4,"[""movement"",""construction"",""reproduce_at""]",7101,parent,exact_parent,"{""construction"":""until_nonzero"",""movement"":""stay_if_fed"",""reproduce_at"":16,""require_uncrowded"":false,""schema"":1,""traits"":{""construct"":1,""role"":""producer"",""taste"":1}}",0,0,0,0,0,sha256:c8be15f73aff0fa2bcd29b2469cc25f09d83a06ddb9aeda7e778dcbfd197b782,sha256:589323bcfac2edd9b2414dd722e5d78573ccf456e0f63012b6e57474da44306a,True,0.118035808164,True,10.3314296305,9.79716706111,0.534262569432,400,387,13,2363,2394,-31,7,False,True,0,0,0,0
semantic-variation-v1,case-12,4,"[""movement"",""construction"",""reproduce_at""]",7101,typed_macro,valid,"{""construction"":""always"",""movement"":""seek_resource"",""reproduce_at"":12,""require_uncrowded"":false,""schema"":1,""traits"":{""construct"":1,""role"":""producer"",""taste"":1}}",3,0.527777777778,0.75,0.666666666667,0.166666666667,sha256:c8be15f73aff0fa2bcd29b2469cc25f09d83a06ddb9aeda7e778dcbfd197b782,sha256:be0dcb70b32355138d2aae13eb9cf7319ff2c83c1eb92f6b33c75a73f925da0c,True,0.0835903252206,True,6.15627230008,0,6.15627230008,294,0,294,2881,1937,944,4,False,True,0,0,0,0
semantic-variation-v1,case-12,4,"[""movement"",""construction"",""reproduce_at""]",7101,random_same_mask,valid,"{""construction"":""never"",""movement"":""default"",""reproduce_at"":20,""require_uncrowded"":false,""schema"":1,""traits"":{""construct"":1,""role"":""producer"",""taste"":1}}",3,0.25,0.25,0.333333333333,0.166666666667,sha256:c8be15f73aff0fa2bcd29b2469cc25f09d83a06ddb9aeda7e778dcbfd197b782,sha256:13b90390570642769c9c163bf6ed0ebca7b70d657d9fe1cba79681c567df6187,True,0.256613465061,True,14.9089380649,22.1154761905,-7.20653812562,245,138,107,980,392,588,1,False,True,0,0,0,0
semantic-variation-v1,case-12,4,"[""movement"",""construction"",""reproduce_at""]",7101,codex_agent_itt,valid,"{""construction"":""always"",""movement"":""seek_resource"",""reproduce_at"":20,""require_uncrowded"":false,""schema"":1,""traits"":{""construct"":1,""role"":""producer"",""taste"":1}}",3,0.527777777778,0.75,0.666666666667,0.166666666667,sha256:c8be15f73aff0fa2bcd29b2469cc25f09d83a06ddb9aeda7e778dcbfd197b782,sha256:4f1673d01e484b5abcb8a457b643deecd19c2dec387fd2d56f2cfbe3c3d661ad,True,0.0806350908067,True,0.422700922266,4.87257558023,-4.44987465796,10,235,-225,2272,2895,-623,37,False,True,0,0,0,0
semantic-variation-v1,case-12,4,"[""movement"",""construction"",""reproduce_at""]",7102,parent,exact_parent,"{""construction"":""until_nonzero"",""movement"":""stay_if_fed"",""reproduce_at"":16,""require_uncrowded"":false,""schema"":1,""traits"":{""construct"":1,""role"":""producer"",""taste"":1}}",0,0,0,0,0,sha256:4a0c2036a0b774d9a76313acad1cdc63869a11a581cfebc9f643294b46ce6be9,sha256:b734aab8a859918480ae7bbf112e9df547c3c4b73cb37224345a790610f3ac94,False,0.158263819514,False,0,0,0,0,0,0,232,187,45,2,False,True,0,0,0,0
semantic-variation-v1,case-12,4,"[""movement"",""construction"",""reproduce_at""]",7102,typed_macro,valid,"{""construction"":""always"",""movement"":""seek_resource"",""reproduce_at"":12,""require_uncrowded"":false,""schema"":1,""traits"":{""construct"":1,""role"":""producer"",""taste"":1}}",3,0.527777777778,0.75,0.666666666667,0.166666666667,sha256:4a0c2036a0b774d9a76313acad1cdc63869a11a581cfebc9f643294b46ce6be9,sha256:c34448832cbbcf29f29b7d5d13097816673d5ec2a313392895d1073c60af3ec7,True,0.175748482186,True,7.90557264362,11.9092687467,-4.00369610309,290,582,-292,2176,2943,-767,24,False,True,0,0,0,0
semantic-variation-v1,case-12,4,"[""movement"",""construction"",""reproduce_at""]",7102,random_same_mask,valid,"{""construction"":""never"",""movement"":""default"",""reproduce_at"":20,""require_uncrowded"":false,""schema"":1,""traits"":{""construct"":1,""role"":""producer"",""taste"":1}}",3,0.25,0.25,0.333333333333,0.166666666667,sha256:4a0c2036a0b774d9a76313acad1cdc63869a11a581cfebc9f643294b46ce6be9,sha256:68781e63bc9e7e61eb06432bfc9e32e3c2dfae9f32a31ad09325e428fd64c64c,False,0,False,0,0,0,0,0,0,712,1056,-344,58,False,True,0,0,0,0
semantic-variation-v1,case-12,4,"[""movement"",""construction"",""reproduce_at""]",7102,codex_agent_itt,valid,"{""construction"":""always"",""movement"":""seek_resource"",""reproduce_at"":20,""require_uncrowded"":false,""schema"":1,""traits"":{""construct"":1,""role"":""producer"",""taste"":1}}",3,0.527777777778,0.75,0.666666666667,0.166666666667,sha256:4a0c2036a0b774d9a76313acad1cdc63869a11a581cfebc9f643294b46ce6be9,sha256:2992487738445820498b0d2e6d66335a5f3f301965ae35f0c342dfac677a30e2,True,0.0748202441294,False,0,1.52767626244,-1.52767626244,0,50,-50,1413,2022,-609,5,False,True,0,0,0,0
semantic-variation-v1,case-12,4,"[""movement"",""construction"",""reproduce_at""]",7103,parent,exact_parent,"{""construction"":""until_nonzero"",""movement"":""stay_if_fed"",""reproduce_at"":16,""require_uncrowded"":false,""schema"":1,""traits"":{""construct"":1,""role"":""producer"",""taste"":1}}",0,0,0,0,0,sha256:2a2e035fd8ff68b1a8c03537ac21e113ac00d11d77a96ab524ddaad15637c961,sha256:cd1f3e925e3cbe56eb44d219613dc1ed6cf2b368e4ae882f15d4b7c58860be37,False,0,False,0,0,0,0,0,0,1356,1903,-547,12,False,True,0,0,0,0
semantic-variation-v1,case-12,4,"[""movement"",""construction"",""reproduce_at""]",7103,typed_macro,valid,"{""construction"":""always"",""movement"":""seek_resource"",""reproduce_at"":12,""require_uncrowded"":false,""schema"":1,""traits"":{""construct"":1,""role"":""producer"",""taste"":1}}",3,0.527777777778,0.75,0.666666666667,0.166666666667,sha256:2a2e035fd8ff68b1a8c03537ac21e113ac00d11d77a96ab524ddaad15637c961,sha256:f416ebf71905f2ec43371a49b6f293e3dbd1cb9d113959bbb102f271afa997a6,False,0,False,0,0,0,0,0,0,2678,2929,-251,28,False,True,0,0,0,0
semantic-variation-v1,case-12,4,"[""movement"",""construction"",""reproduce_at""]",7103,random_same_mask,valid,"{""construction"":""never"",""movement"":""default"",""reproduce_at"":20,""require_uncrowded"":false,""schema"":1,""traits"":{""construct"":1,""role"":""producer"",""taste"":1}}",3,0.25,0.25,0.333333333333,0.166666666667,sha256:2a2e035fd8ff68b1a8c03537ac21e113ac00d11d77a96ab524ddaad15637c961,sha256:7b483a58cbf706b1aa09b5a9aa52fccc83c2d158dcafe05ea6e72b207935340d,False,0,False,0,0,0,0,0,0,1055,1888,-833,,True,True,0,0,0,0
semantic-variation-v1,case-12,4,"[""movement"",""construction"",""reproduce_at""]",7103,codex_agent_itt,valid,"{""construction"":""always"",""movement"":""seek_resource"",""reproduce_at"":20,""require_uncrowded"":false,""schema"":1,""traits"":{""construct"":1,""role"":""producer"",""taste"":1}}",3,0.527777777778,0.75,0.666666666667,0.166666666667,sha256:2a2e035fd8ff68b1a8c03537ac21e113ac00d11d77a96ab524ddaad15637c961,sha256:f47af8f6331ea812c4ba8720441926c96289a123df2602dec138949b3553a4de,True,0.187953272469,True,4.60810920034,8.27079773532,-3.66268853498,166,325,-159,2333,2360,-27,25,False,True,0,0,0,0
semantic-variation-v1,case-12,4,"[""movement"",""construction"",""reproduce_at""]",7104,parent,exact_parent,"{""construction"":""until_nonzero"",""movement"":""stay_if_fed"",""reproduce_at"":16,""require_uncrowded"":false,""schema"":1,""traits"":{""construct"":1,""role"":""producer"",""taste"":1}}",0,0,0,0,0,sha256:68c05ab61f461132a9462697750238e243588b9ce96a23b739870db3e20fdf8b,sha256:8352c028dc11deac88d520f10925656a18ffa3d2fb7e4df1d673158007130c04,False,0,False,0,0,0,0,0,0,1765,1845,-80,7,False,True,0,0,0,0
semantic-variation-v1,case-12,4,"[""movement"",""construction"",""reproduce_at""]",7104,typed_macro,valid,"{""construction"":""always"",""movement"":""seek_resource"",""reproduce_at"":12,""require_uncrowded"":false,""schema"":1,""traits"":{""construct"":1,""role"":""producer"",""taste"":1}}",3,0.527777777778,0.75,0.666666666667,0.166666666667,sha256:68c05ab61f461132a9462697750238e243588b9ce96a23b739870db3e20fdf8b,sha256:ce095b29d9fdd291aa990bf776257dbf842aaa70c3949d468cee3eb10a1c8399,False,0,False,0,0,0,0,0,0,1429,2788,-1359,,True,True,0,0,0,0
semantic-variation-v1,case-12,4,"[""movement"",""construction"",""reproduce_at""]",7104,random_same_mask,valid,"{""construction"":""never"",""movement"":""default"",""reproduce_at"":20,""require_uncrowded"":false,""schema"":1,""traits"":{""construct"":1,""role"":""producer"",""taste"":1}}",3,0.25,0.25,0.333333333333,0.166666666667,sha256:68c05ab61f461132a9462697750238e243588b9ce96a23b739870db3e20fdf8b,sha256:466c77dac6fc585dc1bf7880700b5cd5e4a605bbf98975521e4b44e6dcc49f5c,False,0,False,0,0,0,0,0,0,3097,3233,-136,11,False,True,0,0,0,0
semantic-variation-v1,case-12,4,"[""movement"",""construction"",""reproduce_at""]",7104,codex_agent_itt,valid,"{""construction"":""always"",""movement"":""seek_resource"",""reproduce_at"":20,""require_uncrowded"":false,""schema"":1,""traits"":{""construct"":1,""role"":""producer"",""taste"":1}}",3,0.527777777778,0.75,0.666666666667,0.166666666667,sha256:68c05ab61f461132a9462697750238e243588b9ce96a23b739870db3e20fdf8b,sha256:2ed12ccd1f464b25a045fab14f564caeb95747d505e5c174a607fba9433cc6ff,False,0,False,0,0,0,0,0,0,1429,2788,-1359,,True,True,0,0,0,0
semantic-variation-v1,case-12,4,"[""movement"",""construction"",""reproduce_at""]",7105,parent,exact_parent,"{""construction"":""until_nonzero"",""movement"":""stay_if_fed"",""reproduce_at"":16,""require_uncrowded"":false,""schema"":1,""traits"":{""construct"":1,""role"":""producer"",""taste"":1}}",0,0,0,0,0,sha256:0de3e94243530c8699e44537a6d85f4e3a1b139c6b905a797a9a601763f8b541,sha256:edd6d965e27ed96fa03f4e23d97249df02be671a63db34cc74392b4749ced70c,True,0.177799790886,True,18.7135846323,19.3480279753,-0.634443343003,403,576,-173,1301,1793,-492,,True,True,0,0,0,0
semantic-variation-v1,case-12,4,"[""movement"",""construction"",""reproduce_at""]",7105,typed_macro,valid,"{""construction"":""always"",""movement"":""seek_resource"",""reproduce_at"":12,""require_uncrowded"":false,""schema"":1,""traits"":{""construct"":1,""role"":""producer"",""taste"":1}}",3,0.527777777778,0.75,0.666666666667,0.166666666667,sha256:0de3e94243530c8699e44537a6d85f4e3a1b139c6b905a797a9a601763f8b541,sha256:ac2cb34ad056b055f6e8e682d5b0d8a8e919f2dd1c7fda1193d78c7883f4e879,True,0.307387404234,True,29.9274693653,25.3511256607,4.57634370459,1228,801,427,2460,1894,566,1,False,True,0,0,0,0
semantic-variation-v1,case-12,4,"[""movement"",""construction"",""reproduce_at""]",7105,random_same_mask,valid,"{""construction"":""never"",""movement"":""default"",""reproduce_at"":20,""require_uncrowded"":false,""schema"":1,""traits"":{""construct"":1,""role"":""producer"",""taste"":1}}",3,0.25,0.25,0.333333333333,0.166666666667,sha256:0de3e94243530c8699e44537a6d85f4e3a1b139c6b905a797a9a601763f8b541,sha256:dfdadcaff946854f40614942e4b2a150702f3625da75250c6c25928a610d27fe,True,0.506489066489,True,12,21.7786990787,-9.7786990787,21,151,-130,21,477,-456,,True,True,0,0,0,0
semantic-variation-v1,case-12,4,"[""movement"",""construction"",""reproduce_at""]",7105,codex_agent_itt,valid,"{""construction"":""always"",""movement"":""seek_resource"",""reproduce_at"":20,""require_uncrowded"":false,""schema"":1,""traits"":{""construct"":1,""role"":""producer"",""taste"":1}}",3,0.527777777778,0.75,0.666666666667,0.166666666667,sha256:0de3e94243530c8699e44537a6d85f4e3a1b139c6b905a797a9a601763f8b541,sha256:715d8f7eaf458bd23855d40e11cdac6d9da6730438878c1b5cce9a8454ebcafa,True,0.264552846472,True,17.2308618773,17.6175009609,-0.386639083606,371,414,-43,1303,1432,-129,14,False,True,0,0,0,0
semantic-variation-v1,case-12,4,"[""movement"",""construction"",""reproduce_at""]",7106,parent,exact_parent,"{""construction"":""until_nonzero"",""movement"":""stay_if_fed"",""reproduce_at"":16,""require_uncrowded"":false,""schema"":1,""traits"":{""construct"":1,""role"":""producer"",""taste"":1}}",0,0,0,0,0,sha256:7c38697a374c73c1dfd3a1bc30000c94ef176d36672d9fbb1612c8c44797f5ce,sha256:ed8ca06172ff3180480e4af97264ea9051faa01032772058097a3730b3e40787,False,0.0174958949097,False,0,0,0,0,0,0,1167,869,298,1,False,True,0,0,0,0
semantic-variation-v1,case-12,4,"[""movement"",""construction"",""reproduce_at""]",7106,typed_macro,valid,"{""construction"":""always"",""movement"":""seek_resource"",""reproduce_at"":12,""require_uncrowded"":false,""schema"":1,""traits"":{""construct"":1,""role"":""producer"",""taste"":1}}",3,0.527777777778,0.75,0.666666666667,0.166666666667,sha256:7c38697a374c73c1dfd3a1bc30000c94ef176d36672d9fbb1612c8c44797f5ce,sha256:b8f8b4681704d67013314965cb916341cbf5e7244bf94c06f2225c48fc5782c5,True,0.213384079145,True,25.7431736092,20.0933137575,5.64985985164,447,740,-293,1007,2200,-1193,,True,True,0,0,0,0
semantic-variation-v1,case-12,4,"[""movement"",""construction"",""reproduce_at""]",7106,random_same_mask,valid,"{""construction"":""never"",""movement"":""default"",""reproduce_at"":20,""require_uncrowded"":false,""schema"":1,""traits"":{""construct"":1,""role"":""producer"",""taste"":1}}",3,0.25,0.25,0.333333333333,0.166666666667,sha256:7c38697a374c73c1dfd3a1bc30000c94ef176d36672d9fbb1612c8c44797f5ce,sha256:99c8b19767783bd3ea55246c93a0d7ff9998ef86ebf8430a7aa9b32d58284716,True,0.0618718501481,True,0.230769230769,8.70408384727,-8.4733146165,3,160,-157,209,1064,-855,,True,True,0,0,0,0
semantic-variation-v1,case-12,4,"[""movement"",""construction"",""reproduce_at""]",7106,codex_agent_itt,valid,"{""construction"":""always"",""movement"":""seek_resource"",""reproduce_at"":20,""require_uncrowded"":false,""schema"":1,""traits"":{""construct"":1,""role"":""producer"",""taste"":1}}",3,0.527777777778,0.75,0.666666666667,0.166666666667,sha256:7c38697a374c73c1dfd3a1bc30000c94ef176d36672d9fbb1612c8c44797f5ce,sha256:879daada18e5463c089375b1c8751c8bd385b7cb02bd42186e438b3ac5b90d0f,True,0.125121675391,True,1.50054945055,1.869822661,-0.36927321045,15,24,-9,692,735,-43,10,False,True,0,0,0,0
semantic-variation-v1,case-12,4,"[""movement"",""construction"",""reproduce_at""]",7107,parent,exact_parent,"{""construction"":""until_nonzero"",""movement"":""stay_if_fed"",""reproduce_at"":16,""require_uncrowded"":false,""schema"":1,""traits"":{""construct"":1,""role"":""producer"",""taste"":1}}",0,0,0,0,0,sha256:82e05853b640ba41a0ef5bd86c413edd2379b1f62a430d0783d27ce8f27ec096,sha256:ee0b0f85cd8be33ea957dc425ee76f3d49e49b704d6b689f85f95f6a03b03399,True,0.105982361841,False,0,0,0,0,0,0,890,1832,-942,,True,True,0,0,0,0
semantic-variation-v1,case-12,4,"[""movement"",""construction"",""reproduce_at""]",7107,typed_macro,valid,"{""construction"":""always"",""movement"":""seek_resource"",""reproduce_at"":12,""require_uncrowded"":false,""schema"":1,""traits"":{""construct"":1,""role"":""producer"",""taste"":1}}",3,0.527777777778,0.75,0.666666666667,0.166666666667,sha256:82e05853b640ba41a0ef5bd86c413edd2379b1f62a430d0783d27ce8f27ec096,sha256:2a243c2f5f977756028ef397fff4ee54e40bd8712af7e8b60ad26af869c5471c,True,0.220641953404,True,16.0037752705,10.2001570064,5.8036182641,309,483,-174,1191,2788,-1597,,True,True,0,0,0,0
semantic-variation-v1,case-12,4,"[""movement"",""construction"",""reproduce_at""]",7107,random_same_mask,valid,"{""construction"":""never"",""movement"":""default"",""reproduce_at"":20,""require_uncrowded"":false,""schema"":1,""traits"":{""construct"":1,""role"":""producer"",""taste"":1}}",3,0.25,0.25,0.333333333333,0.166666666667,sha256:82e05853b640ba41a0ef5bd86c413edd2379b1f62a430d0783d27ce8f27ec096,sha256:31c323768d9ade80bea9bd2652463c89fa19b1aec124477658685c48766d88b4,True,0.155771587353,True,0.310212418301,7.36319389878,-7.05298148048,5,328,-323,1832,2631,-799,43,False,True,0,0,0,0
semantic-variation-v1,case-12,4,"[""movement"",""construction"",""reproduce_at""]",7107,codex_agent_itt,valid,"{""construction"":""always"",""movement"":""seek_resource"",""reproduce_at"":20,""require_uncrowded"":false,""schema"":1,""traits"":{""construct"":1,""role"":""producer"",""taste"":1}}",3,0.527777777778,0.75,0.666666666667,0.166666666667,sha256:82e05853b640ba41a0ef5bd86c413edd2379b1f62a430d0783d27ce8f27ec096,sha256:ff4a60b98c84e92e3a5423fc330a0a1dc45e1319c3cee410afd316dfea77d9eb,True,0.226096254767,True,10.2286967946,15.1616266464,-4.93292985179,259,517,-258,1450,2003,-553,,True,True,0,0,0,0
semantic-variation-v1,case-13,4,"[""movement"",""construction"",""require_uncrowded""]",7100,parent,exact_parent,"{""construction"":""until_nonzero"",""movement"":""stay_if_fed"",""reproduce_at"":16,""require_uncrowded"":false,""schema"":1,""traits"":{""construct"":1,""role"":""producer"",""taste"":1}}",0,0,0,0,0,sha256:e8bff0e4c74a22ccec8ffbd79b1add7bc7ac2b9f75300c1f75b14bc2e7267e6f,sha256:dc5ea60f08fc2e2b2b8046ea8b8b88b8b152f5385a78ddcc37ffecd139dde20c,True,0.056505654023,True,5.5908205257,4.11914963775,1.47167088795,129,116,13,1382,1704,-322,36,False,True,0,0,0,0
semantic-variation-v1,case-13,4,"[""movement"",""construction"",""require_uncrowded""]",7100,typed_macro,valid,"{""construction"":""always"",""movement"":""seek_resource"",""reproduce_at"":16,""require_uncrowded"":true,""schema"":1,""traits"":{""construct"":1,""role"":""producer"",""taste"":1}}",3,0.555555555556,0.75,0.666666666667,0.25,sha256:e8bff0e4c74a22ccec8ffbd79b1add7bc7ac2b9f75300c1f75b14bc2e7267e6f,sha256:9977461562e06726ee15d8fa9f1647d243d1b90bfee1ae5e2f300f71ab6c9707,True,0.142885355305,True,15.0869572551,12.289939016,2.79701823908,497,385,112,1931,1901,30,17,False,True,0,0,0,0
semantic-variation-v1,case-13,4,"[""movement"",""construction"",""require_uncrowded""]",7100,random_same_mask,valid,"{""construction"":""never"",""movement"":""seek_resource"",""reproduce_at"":16,""require_uncrowded"":true,""schema"":1,""traits"":{""construct"":1,""role"":""producer"",""taste"":1}}",3,0.444444444444,0.75,0.333333333333,0.25,sha256:e8bff0e4c74a22ccec8ffbd79b1add7bc7ac2b9f75300c1f75b14bc2e7267e6f,sha256:5a8f8c37f88f33a54d109682f25d25c3949de8c9bb4d103170981de1232b2d6e,False,0,False,0,0,0,0,0,0,1396,2073,-677,,True,True,0,0,0,0
semantic-variation-v1,case-13,4,"[""movement"",""construction"",""require_uncrowded""]",7100,codex_agent_itt,valid,"{""construction"":""always"",""movement"":""seek_resource"",""reproduce_at"":16,""require_uncrowded"":true,""schema"":1,""traits"":{""construct"":1,""role"":""producer"",""taste"":1}}",3,0.555555555556,0.75,0.666666666667,0.25,sha256:e8bff0e4c74a22ccec8ffbd79b1add7bc7ac2b9f75300c1f75b14bc2e7267e6f,sha256:9977461562e06726ee15d8fa9f1647d243d1b90bfee1ae5e2f300f71ab6c9707,True,0.142885355305,True,15.0869572551,12.289939016,2.79701823908,497,385,112,1931,1901,30,17,False,True,0,0,0,0
semantic-variation-v1,case-13,4,"[""movement"",""construction"",""require_uncrowded""]",7101,parent,exact_parent,"{""construction"":""until_nonzero"",""movement"":""stay_if_fed"",""reproduce_at"":16,""require_uncrowded"":false,""schema"":1,""traits"":{""construct"":1,""role"":""producer"",""taste"":1}}",0,0,0,0,0,sha256:c8be15f73aff0fa2bcd29b2469cc25f09d83a06ddb9aeda7e778dcbfd197b782,sha256:ea0d9da4ebe040b776536392ea212cf29142991dc20d60358b786c1a9df720ea,True,0.118035808164,True,10.3314296305,9.79716706111,0.534262569432,400,387,13,2363,2394,-31,7,False,True,0,0,0,0
semantic-variation-v1,case-13,4,"[""movement"",""construction"",""require_uncrowded""]",7101,typed_macro,valid,"{""construction"":""always"",""movement"":""seek_resource"",""reproduce_at"":16,""require_uncrowded"":true,""schema"":1,""traits"":{""construct"":1,""role"":""producer"",""taste"":1}}",3,0.555555555556,0.75,0.666666666667,0.25,sha256:c8be15f73aff0fa2bcd29b2469cc25f09d83a06ddb9aeda7e778dcbfd197b782,sha256:c74a85551a9711cbf31bffa3dda4ad4f6f7757126d3c83ff05b945962a80e201,True,0.071470222618,True,6.26155380864,0.159439955239,6.1021138534,267,9,258,2523,3373,-850,,True,True,0,0,0,0
semantic-variation-v1,case-13,4,"[""movement"",""construction"",""require_uncrowded""]",7101,random_same_mask,valid,"{""construction"":""never"",""movement"":""seek_resource"",""reproduce_at"":16,""require_uncrowded"":true,""schema"":1,""traits"":{""construct"":1,""role"":""producer"",""taste"":1}}",3,0.444444444444,0.75,0.333333333333,0.25,sha256:c8be15f73aff0fa2bcd29b2469cc25f09d83a06ddb9aeda7e778dcbfd197b782,sha256:ccb70c9ae83f273135593337c6425bb98743427290a074bc1e5de33caf5e5aa1,False,0,False,0,0,0,0,0,0,1915,3058,-1143,,True,True,0,0,0,0
semantic-variation-v1,case-13,4,"[""movement"",""construction"",""require_uncrowded""]",7101,codex_agent_itt,valid,"{""construction"":""always"",""movement"":""seek_resource"",""reproduce_at"":16,""require_uncrowded"":true,""schema"":1,""traits"":{""construct"":1,""role"":""producer"",""taste"":1}}",3,0.555555555556,0.75,0.666666666667,0.25,sha256:c8be15f73aff0fa2bcd29b2469cc25f09d83a06ddb9aeda7e778dcbfd197b782,sha256:c74a85551a9711cbf31bffa3dda4ad4f6f7757126d3c83ff05b945962a80e201,True,0.071470222618,True,6.26155380864,0.159439955239,6.1021138534,267,9,258,2523,3373,-850,,True,True,0,0,0,0
semantic-variation-v1,case-13,4,"[""movement"",""construction"",""require_uncrowded""]",7102,parent,exact_parent,"{""construction"":""until_nonzero"",""movement"":""stay_if_fed"",""reproduce_at"":16,""require_uncrowded"":false,""schema"":1,""traits"":{""construct"":1,""role"":""producer"",""taste"":1}}",0,0,0,0,0,sha256:4a0c2036a0b774d9a76313acad1cdc63869a11a581cfebc9f643294b46ce6be9,sha256:4d69bb98fad7fc0d8ad3fe4104f8182e45fc5b420912d5d713645e2cf728dc3d,False,0.158263819514,False,0,0,0,0,0,0,232,187,45,2,False,True,0,0,0,0
semantic-variation-v1,case-13,4,"[""movement"",""construction"",""require_uncrowded""]",7102,typed_macro,valid,"{""construction"":""always"",""movement"":""seek_resource"",""reproduce_at"":16,""require_uncrowded"":true,""schema"":1,""traits"":{""construct"":1,""role"":""producer"",""taste"":1}}",3,0.555555555556,0.75,0.666666666667,0.25,sha256:4a0c2036a0b774d9a76313acad1cdc63869a11a581cfebc9f643294b46ce6be9,sha256:a45d908e67869394a0f5b7f548825edcb33eb80064f476c3225528323459f2a4,True,0.23973342447,False,0,1.23626373626,-1.23626373626,0,16,-16,335,598,-263,11,False,True,0,0,0,0
semantic-variation-v1,case-13,4,"[""movement"",""construction"",""require_uncrowded""]",7102,random_same_mask,valid,"{""construction"":""never"",""movement"":""seek_resource"",""reproduce_at"":16,""require_uncrowded"":true,""schema"":1,""traits"":{""construct"":1,""role"":""producer"",""taste"":1}}",3,0.444444444444,0.75,0.333333333333,0.25,sha256:4a0c2036a0b774d9a76313acad1cdc63869a11a581cfebc9f643294b46ce6be9,sha256:7358c129bdc77c40bf64dab672d320ba4753579ac1c48b81ce86c2c72f751142,False,0.0397038116775,False,0,0,0,0,0,0,2060,2068,-8,17,False,True,0,0,0,0
semantic-variation-v1,case-13,4,"[""movement"",""construction"",""require_uncrowded""]",7102,codex_agent_itt,valid,"{""construction"":""always"",""movement"":""seek_resource"",""reproduce_at"":16,""require_uncrowded"":true,""schema"":1,""traits"":{""construct"":1,""role"":""producer"",""taste"":1}}",3,0.555555555556,0.75,0.666666666667,0.25,sha256:4a0c2036a0b774d9a76313acad1cdc63869a11a581cfebc9f643294b46ce6be9,sha256:a45d908e67869394a0f5b7f548825edcb33eb80064f476c3225528323459f2a4,True,0.23973342447,False,0,1.23626373626,-1.23626373626,0,16,-16,335,598,-263,11,False,True,0,0,0,0
semantic-variation-v1,case-13,4,"[""movement"",""construction"",""require_uncrowded""]",7103,parent,exact_parent,"{""construction"":""until_nonzero"",""movement"":""stay_if_fed"",""reproduce_at"":16,""require_uncrowded"":false,""schema"":1,""traits"":{""construct"":1,""role"":""producer"",""taste"":1}}",0,0,0,0,0,sha256:2a2e035fd8ff68b1a8c03537ac21e113ac00d11d77a96ab524ddaad15637c961,sha256:b06e857f0823a9f6ba902c854cae16380dd485d2f5df1f55575ac413e6d3519b,False,0,False,0,0,0,0,0,0,1356,1903,-547,12,False,True,0,0,0,0
semantic-variation-v1,case-13,4,"[""movement"",""construction"",""require_uncrowded""]",7103,typed_macro,valid,"{""construction"":""always"",""movement"":""seek_resource"",""reproduce_at"":16,""require_uncrowded"":true,""schema"":1,""traits"":{""construct"":1,""role"":""producer"",""taste"":1}}",3,0.555555555556,0.75,0.666666666667,0.25,sha256:2a2e035fd8ff68b1a8c03537ac21e113ac00d11d77a96ab524ddaad15637c961,sha256:ee913652b126658cabe5dae51613958894ffed9c0d81bd7646784d223fe8cdba,False,0,False,0,0,0,0,0,0,2039,2623,-584,21,False,True,0,0,0,0
semantic-variation-v1,case-13,4,"[""movement"",""construction"",""require_uncrowded""]",7103,random_same_mask,valid,"{""construction"":""never"",""movement"":""seek_resource"",""reproduce_at"":16,""require_uncrowded"":true,""schema"":1,""traits"":{""construct"":1,""role"":""producer"",""taste"":1}}",3,0.444444444444,0.75,0.333333333333,0.25,sha256:2a2e035fd8ff68b1a8c03537ac21e113ac00d11d77a96ab524ddaad15637c961,sha256:92e9a01dae55453e2169b2540baed6db8b03de2acce8a88b3d904e2ed52e3576,False,0,False,0,0,0,0,0,0,1456,2477,-1021,,True,True,0,0,0,0
semantic-variation-v1,case-13,4,"[""movement"",""construction"",""require_uncrowded""]",7103,codex_agent_itt,valid,"{""construction"":""always"",""movement"":""seek_resource"",""reproduce_at"":16,""require_uncrowded"":true,""schema"":1,""traits"":{""construct"":1,""role"":""producer"",""taste"":1}}",3,0.555555555556,0.75,0.666666666667,0.25,sha256:2a2e035fd8ff68b1a8c03537ac21e113ac00d11d77a96ab524ddaad15637c961,sha256:ee913652b126658cabe5dae51613958894ffed9c0d81bd7646784d223fe8cdba,False,0,False,0,0,0,0,0,0,2039,2623,-584,21,False,True,0,0,0,0
semantic-variation-v1,case-13,4,"[""movement"",""construction"",""require_uncrowded""]",7104,parent,exact_parent,"{""construction"":""until_nonzero"",""movement"":""stay_if_fed"",""reproduce_at"":16,""require_uncrowded"":false,""schema"":1,""traits"":{""construct"":1,""role"":""producer"",""taste"":1}}",0,0,0,0,0,sha256:68c05ab61f461132a9462697750238e243588b9ce96a23b739870db3e20fdf8b,sha256:fe924242bdb069d5a67eae8b6466a2699726d6a233133019fbf8bce86a7919a5,False,0,False,0,0,0,0,0,0,1765,1845,-80,7,False,True,0,0,0,0
semantic-variation-v1,case-13,4,"[""movement"",""construction"",""require_uncrowded""]",7104,typed_macro,valid,"{""construction"":""always"",""movement"":""seek_resource"",""reproduce_at"":16,""require_uncrowded"":true,""schema"":1,""traits"":{""construct"":1,""role"":""producer"",""taste"":1}}",3,0.555555555556,0.75,0.666666666667,0.25,sha256:68c05ab61f461132a9462697750238e243588b9ce96a23b739870db3e20fdf8b,sha256:9e0f4e154052e58662aa65401f9d531609fd35f35ef08e10ac7170458e9cce9f,False,0,False,0,0,0,0,0,0,1429,2788,-1359,,True,True,0,0,0,0
semantic-variation-v1,case-13,4,"[""movement"",""construction"",""require_uncrowded""]",7104,random_same_mask,valid,"{""construction"":""never"",""movement"":""seek_resource"",""reproduce_at"":16,""require_uncrowded"":true,""schema"":1,""traits"":{""construct"":1,""role"":""producer"",""taste"":1}}",3,0.444444444444,0.75,0.333333333333,0.25,sha256:68c05ab61f461132a9462697750238e243588b9ce96a23b739870db3e20fdf8b,sha256:ec4caaddf5a5058da9a0fc290a4a0d7ffce5525b93ccdbce1775f937884b2d5b,False,0,False,0,0,0,0,0,0,3097,3233,-136,11,False,True,0,0,0,0
semantic-variation-v1,case-13,4,"[""movement"",""construction"",""require_uncrowded""]",7104,codex_agent_itt,valid,"{""construction"":""always"",""movement"":""seek_resource"",""reproduce_at"":16,""require_uncrowded"":true,""schema"":1,""traits"":{""construct"":1,""role"":""producer"",""taste"":1}}",3,0.555555555556,0.75,0.666666666667,0.25,sha256:68c05ab61f461132a9462697750238e243588b9ce96a23b739870db3e20fdf8b,sha256:9e0f4e154052e58662aa65401f9d531609fd35f35ef08e10ac7170458e9cce9f,False,0,False,0,0,0,0,0,0,1429,2788,-1359,,True,True,0,0,0,0
semantic-variation-v1,case-13,4,"[""movement"",""construction"",""require_uncrowded""]",7105,parent,exact_parent,"{""construction"":""until_nonzero"",""movement"":""stay_if_fed"",""reproduce_at"":16,""require_uncrowded"":false,""schema"":1,""traits"":{""construct"":1,""role"":""producer"",""taste"":1}}",0,0,0,0,0,sha256:0de3e94243530c8699e44537a6d85f4e3a1b139c6b905a797a9a601763f8b541,sha256:8364b94f5dece0b04be98cac34017aa4bf5a0943a505aebf6b17c3de3bf540a0,True,0.177799790886,True,18.7135846323,19.3480279753,-0.634443343003,403,576,-173,1301,1793,-492,,True,True,0,0,0,0
semantic-variation-v1,case-13,4,"[""movement"",""construction"",""require_uncrowded""]",7105,typed_macro,valid,"{""construction"":""always"",""movement"":""seek_resource"",""reproduce_at"":16,""require_uncrowded"":true,""schema"":1,""traits"":{""construct"":1,""role"":""producer"",""taste"":1}}",3,0.555555555556,0.75,0.666666666667,0.25,sha256:0de3e94243530c8699e44537a6d85f4e3a1b139c6b905a797a9a601763f8b541,sha256:7cce55b5676cb4cdde0a998430ccb68695a70db87c3f35527c8f7650ad5defe4,True,0.225976460668,True,21.8092183872,21.0774113649,0.731807022219,574,517,57,1608,1480,128,6,False,True,0,0,0,0
semantic-variation-v1,case-13,4,"[""movement"",""construction"",""require_uncrowded""]",7105,random_same_mask,valid,"{""construction"":""never"",""movement"":""seek_resource"",""reproduce_at"":16,""require_uncrowded"":true,""schema"":1,""traits"":{""construct"":1,""role"":""producer"",""taste"":1}}",3,0.444444444444,0.75,0.333333333333,0.25,sha256:0de3e94243530c8699e44537a6d85f4e3a1b139c6b905a797a9a601763f8b541,sha256:eeb07d9bf95ad7636a868351ec990129d699a106c862d244dbbff0cff225d00c,True,0.231712389625,True,14.1046110041,19.0097833238,-4.90517231973,342,538,-196,1403,1678,-275,7,False,True,0,0,0,0
semantic-variation-v1,case-13,4,"[""movement"",""construction"",""require_uncrowded""]",7105,codex_agent_itt,valid,"{""construction"":""always"",""movement"":""seek_resource"",""reproduce_at"":16,""require_uncrowded"":true,""schema"":1,""traits"":{""construct"":1,""role"":""producer"",""taste"":1}}",3,0.555555555556,0.75,0.666666666667,0.25,sha256:0de3e94243530c8699e44537a6d85f4e3a1b139c6b905a797a9a601763f8b541,sha256:7cce55b5676cb4cdde0a998430ccb68695a70db87c3f35527c8f7650ad5defe4,True,0.225976460668,True,21.8092183872,21.0774113649,0.731807022219,574,517,57,1608,1480,128,6,False,True,0,0,0,0
semantic-variation-v1,case-13,4,"[""movement"",""construction"",""require_uncrowded""]",7106,parent,exact_parent,"{""construction"":""until_nonzero"",""movement"":""stay_if_fed"",""reproduce_at"":16,""require_uncrowded"":false,""schema"":1,""traits"":{""construct"":1,""role"":""producer"",""taste"":1}}",0,0,0,0,0,sha256:7c38697a374c73c1dfd3a1bc30000c94ef176d36672d9fbb1612c8c44797f5ce,sha256:49ce633b7280ec1ddf53e495977f88c017811c1855e429675f1d74dbae76f9b7,False,0.0174958949097,False,0,0,0,0,0,0,1167,869,298,1,False,True,0,0,0,0
semantic-variation-v1,case-13,4,"[""movement"",""construction"",""require_uncrowded""]",7106,typed_macro,valid,"{""construction"":""always"",""movement"":""seek_resource"",""reproduce_at"":16,""require_uncrowded"":true,""schema"":1,""traits"":{""construct"":1,""role"":""producer"",""taste"":1}}",3,0.555555555556,0.75,0.666666666667,0.25,sha256:7c38697a374c73c1dfd3a1bc30000c94ef176d36672d9fbb1612c8c44797f5ce,sha256:4d0a66370271219383c27011b9315d9e465c770c17432565c0b8ba73c772bb4a,False,0,False,0,0,0,0,0,0,1003,964,39,2,False,True,0,0,0,0
semantic-variation-v1,case-13,4,"[""movement"",""construction"",""require_uncrowded""]",7106,random_same_mask,valid,"{""construction"":""never"",""movement"":""seek_resource"",""reproduce_at"":16,""require_uncrowded"":true,""schema"":1,""traits"":{""construct"":1,""role"":""producer"",""taste"":1}}",3,0.444444444444,0.75,0.333333333333,0.25,sha256:7c38697a374c73c1dfd3a1bc30000c94ef176d36672d9fbb1612c8c44797f5ce,sha256:77d58dae6f8eaee52ba23736d1a7fe580c38604c30fdeb0daa7c7361a0c8021f,True,0.177461342622,True,14.2128445901,17.8762494896,-3.66340489956,138,402,-264,599,1367,-768,,True,True,0,0,0,0
semantic-variation-v1,case-13,4,"[""movement"",""construction"",""require_uncrowded""]",7106,codex_agent_itt,valid,"{""construction"":""always"",""movement"":""seek_resource"",""reproduce_at"":16,""require_uncrowded"":true,""schema"":1,""traits"":{""construct"":1,""role"":""producer"",""taste"":1}}",3,0.555555555556,0.75,0.666666666667,0.25,sha256:7c38697a374c73c1dfd3a1bc30000c94ef176d36672d9fbb1612c8c44797f5ce,sha256:4d0a66370271219383c27011b9315d9e465c770c17432565c0b8ba73c772bb4a,False,0,False,0,0,0,0,0,0,1003,964,39,2,False,True,0,0,0,0
semantic-variation-v1,case-13,4,"[""movement"",""construction"",""require_uncrowded""]",7107,parent,exact_parent,"{""construction"":""until_nonzero"",""movement"":""stay_if_fed"",""reproduce_at"":16,""require_uncrowded"":false,""schema"":1,""traits"":{""construct"":1,""role"":""producer"",""taste"":1}}",0,0,0,0,0,sha256:82e05853b640ba41a0ef5bd86c413edd2379b1f62a430d0783d27ce8f27ec096,sha256:e85015ad72058dbcb045becbb4cbdfa1ea69df594c03d8e0999f3b259cb033e0,True,0.105982361841,False,0,0,0,0,0,0,890,1832,-942,,True,True,0,0,0,0
semantic-variation-v1,case-13,4,"[""movement"",""construction"",""require_uncrowded""]",7107,typed_macro,valid,"{""construction"":""always"",""movement"":""seek_resource"",""reproduce_at"":16,""require_uncrowded"":true,""schema"":1,""traits"":{""construct"":1,""role"":""producer"",""taste"":1}}",3,0.555555555556,0.75,0.666666666667,0.25,sha256:82e05853b640ba41a0ef5bd86c413edd2379b1f62a430d0783d27ce8f27ec096,sha256:820d5b7fa08afe5e884a06cb01095242ed58a2ec7602754704acf342aecc8e86,True,0.185652291331,True,5.1669224512,4.70428471186,0.462637739345,207,196,11,2530,2508,22,27,False,True,0,0,0,0
semantic-variation-v1,case-13,4,"[""movement"",""construction"",""require_uncrowded""]",7107,random_same_mask,valid,"{""construction"":""never"",""movement"":""seek_resource"",""reproduce_at"":16,""require_uncrowded"":true,""schema"":1,""traits"":{""construct"":1,""role"":""producer"",""taste"":1}}",3,0.444444444444,0.75,0.333333333333,0.25,sha256:82e05853b640ba41a0ef5bd86c413edd2379b1f62a430d0783d27ce8f27ec096,sha256:7c2042c824049d766ee96c7810a21fe3939c32645406f96864afd4308306dacc,True,0.386837029199,True,32.5540820291,12.7618006562,19.7922813729,297,353,-56,565,1623,-1058,,True,True,0,0,0,0
semantic-variation-v1,case-13,4,"[""movement"",""construction"",""require_uncrowded""]",7107,codex_agent_itt,valid,"{""construction"":""always"",""movement"":""seek_resource"",""reproduce_at"":16,""require_uncrowded"":true,""schema"":1,""traits"":{""construct"":1,""role"":""producer"",""taste"":1}}",3,0.555555555556,0.75,0.666666666667,0.25,sha256:82e05853b640ba41a0ef5bd86c413edd2379b1f62a430d0783d27ce8f27ec096,sha256:820d5b7fa08afe5e884a06cb01095242ed58a2ec7602754704acf342aecc8e86,True,0.185652291331,True,5.1669224512,4.70428471186,0.462637739345,207,196,11,2530,2508,22,27,False,True,0,0,0,0
semantic-variation-v1,case-14,4,"[""movement"",""reproduce_at"",""require_uncrowded""]",7100,parent,exact_parent,"{""construction"":""until_nonzero"",""movement"":""stay_if_fed"",""reproduce_at"":16,""require_uncrowded"":false,""schema"":1,""traits"":{""construct"":1,""role"":""producer"",""taste"":1}}",0,0,0,0,0,sha256:e8bff0e4c74a22ccec8ffbd79b1add7bc7ac2b9f75300c1f75b14bc2e7267e6f,sha256:fab8b5d2a98c34fa2b323a705ed466ec692821d408ff06fdd3951eed180f1380,True,0.056505654023,True,5.5908205257,4.11914963775,1.47167088795,129,116,13,1382,1704,-322,36,False,True,0,0,0,0
semantic-variation-v1,case-14,4,"[""movement"",""reproduce_at"",""require_uncrowded""]",7100,typed_macro,valid,"{""construction"":""until_nonzero"",""movement"":""seek_resource"",""reproduce_at"":12,""require_uncrowded"":true,""schema"":1,""traits"":{""construct"":1,""role"":""producer"",""taste"":1}}",3,0.361111111111,0.75,0,0.333333333333,sha256:e8bff0e4c74a22ccec8ffbd79b1add7bc7ac2b9f75300c1f75b14bc2e7267e6f,sha256:44adc263590fdb76ad85a9e6d87b0bb1de76d4c0e9de582794be41de26919e64,True,0.0764076356832,False,0,0,0,0,0,0,2118,2131,-13,18,False,True,0,0,0,0
semantic-variation-v1,case-14,4,"[""movement"",""reproduce_at"",""require_uncrowded""]",7100,random_same_mask,valid,"{""construction"":""until_nonzero"",""movement"":""seek_resource"",""reproduce_at"":21,""require_uncrowded"":true,""schema"":1,""traits"":{""construct"":1,""role"":""producer"",""taste"":1}}",3,0.361111111111,0.75,0,0.333333333333,sha256:e8bff0e4c74a22ccec8ffbd79b1add7bc7ac2b9f75300c1f75b14bc2e7267e6f,sha256:3678f117e54e93bdc5638474f21142b81bedbcd81d91bb01c21d5fd31a558300,True,0.0546410223813,True,3.99619340657,1.05621294451,2.93998046206,88,37,51,1514,1933,-419,37,False,True,0,0,0,0
semantic-variation-v1,case-14,4,"[""movement"",""reproduce_at"",""require_uncrowded""]",7100,codex_agent_itt,valid,"{""construction"":""until_nonzero"",""movement"":""seek_resource"",""reproduce_at"":22,""require_uncrowded"":true,""schema"":1,""traits"":{""construct"":1,""role"":""producer"",""taste"":1}}",3,0.361111111111,0.75,0,0.333333333333,sha256:e8bff0e4c74a22ccec8ffbd79b1add7bc7ac2b9f75300c1f75b14bc2e7267e6f,sha256:ae831bf4fa1f3aaeb78fec51db84863010418362908063a60f7d35c6a6e63b4c,False,0.00996111751152,False,0,0,0,0,0,0,1121,2484,-1363,,True,True,0,0,0,0
semantic-variation-v1,case-14,4,"[""movement"",""reproduce_at"",""require_uncrowded""]",7101,parent,exact_parent,"{""construction"":""until_nonzero"",""movement"":""stay_if_fed"",""reproduce_at"":16,""require_uncrowded"":false,""schema"":1,""traits"":{""construct"":1,""role"":""producer"",""taste"":1}}",0,0,0,0,0,sha256:c8be15f73aff0fa2bcd29b2469cc25f09d83a06ddb9aeda7e778dcbfd197b782,sha256:5159e03156c499423e152e0284af4e84c800f1296fe5ee1c8b976ec8b6a84fcf,True,0.118035808164,True,10.3314296305,9.79716706111,0.534262569432,400,387,13,2363,2394,-31,7,False,True,0,0,0,0
semantic-variation-v1,case-14,4,"[""movement"",""reproduce_at"",""require_uncrowded""]",7101,typed_macro,valid,"{""construction"":""until_nonzero"",""movement"":""seek_resource"",""reproduce_at"":12,""require_uncrowded"":true,""schema"":1,""traits"":{""construct"":1,""role"":""producer"",""taste"":1}}",3,0.361111111111,0.75,0,0.333333333333,sha256:c8be15f73aff0fa2bcd29b2469cc25f09d83a06ddb9aeda7e778dcbfd197b782,sha256:a3e0c9c804f2fd30cc6b7f5fc9b3b57af39f9973ec7176dc90b8d869506f0432,True,0.0571788781202,True,14.1036311831,8.97724519369,5.12638598945,477,374,103,2023,2495,-472,20,False,True,0,0,0,0
semantic-variation-v1,case-14,4,"[""movement"",""reproduce_at"",""require_uncrowded""]",7101,random_same_mask,valid,"{""construction"":""until_nonzero"",""movement"":""seek_resource"",""reproduce_at"":21,""require_uncrowded"":true,""schema"":1,""traits"":{""construct"":1,""role"":""producer"",""taste"":1}}",3,0.361111111111,0.75,0,0.333333333333,sha256:c8be15f73aff0fa2bcd29b2469cc25f09d83a06ddb9aeda7e778dcbfd197b782,sha256:8575dd0aabad1a1a989f458a4d9e4898fc1dbfb1f26b4f9f395860377e67820c,False,0,False,0,0,0,0,0,0,2473,3460,-987,53,False,True,0,0,0,0
semantic-variation-v1,case-14,4,"[""movement"",""reproduce_at"",""require_uncrowded""]",7101,codex_agent_itt,valid,"{""construction"":""until_nonzero"",""movement"":""seek_resource"",""reproduce_at"":22,""require_uncrowded"":true,""schema"":1,""traits"":{""construct"":1,""role"":""producer"",""taste"":1}}",3,0.361111111111,0.75,0,0.333333333333,sha256:c8be15f73aff0fa2bcd29b2469cc25f09d83a06ddb9aeda7e778dcbfd197b782,sha256:7cfe0db7a5bbfd8b5dc95e0b3bdde3a026c44a508c38ec74f6443befb3fbf884,False,0,False,0,0,0,0,0,0,2074,2711,-637,17,False,True,0,0,0,0
semantic-variation-v1,case-14,4,"[""movement"",""reproduce_at"",""require_uncrowded""]",7102,parent,exact_parent,"{""construction"":""until_nonzero"",""movement"":""stay_if_fed"",""reproduce_at"":16,""require_uncrowded"":false,""schema"":1,""traits"":{""construct"":1,""role"":""producer"",""taste"":1}}",0,0,0,0,0,sha256:4a0c2036a0b774d9a76313acad1cdc63869a11a581cfebc9f643294b46ce6be9,sha256:a2eb1d66c7910e49cec3f3ea3e19496966451c27d60b7ad97f11223a45d0e614,False,0.158263819514,False,0,0,0,0,0,0,232,187,45,2,False,True,0,0,0,0
semantic-variation-v1,case-14,4,"[""movement"",""reproduce_at"",""require_uncrowded""]",7102,typed_macro,valid,"{""construction"":""until_nonzero"",""movement"":""seek_resource"",""reproduce_at"":12,""require_uncrowded"":true,""schema"":1,""traits"":{""construct"":1,""role"":""producer"",""taste"":1}}",3,0.361111111111,0.75,0,0.333333333333,sha256:4a0c2036a0b774d9a76313acad1cdc63869a11a581cfebc9f643294b46ce6be9,sha256:6b601cb7c3925e2b0b6b89f6a16575d8af9afe21df60c744be8153eac4a8e305,True,0.0868902265829,False,0,0.909534252297,-0.909534252297,0,18,-18,371,1224,-853,,True,True,0,0,0,0
semantic-variation-v1,case-14,4,"[""movement"",""reproduce_at"",""require_uncrowded""]",7102,random_same_mask,valid,"{""construction"":""until_nonzero"",""movement"":""seek_resource"",""reproduce_at"":21,""require_uncrowded"":true,""schema"":1,""traits"":{""construct"":1,""role"":""producer"",""taste"":1}}",3,0.361111111111,0.75,0,0.333333333333,sha256:4a0c2036a0b774d9a76313acad1cdc63869a11a581cfebc9f643294b46ce6be9,sha256:8c7c23d6152f3d0372bc8731f417fa93b62cbdb3a654e128df88a96b44e10be8,False,0,False,0,0,0,0,0,0,206,236,-30,1,False,True,0,0,0,0
semantic-variation-v1,case-14,4,"[""movement"",""reproduce_at"",""require_uncrowded""]",7102,codex_agent_itt,valid,"{""construction"":""until_nonzero"",""movement"":""seek_resource"",""reproduce_at"":22,""require_uncrowded"":true,""schema"":1,""traits"":{""construct"":1,""role"":""producer"",""taste"":1}}",3,0.361111111111,0.75,0,0.333333333333,sha256:4a0c2036a0b774d9a76313acad1cdc63869a11a581cfebc9f643294b46ce6be9,sha256:870b1ffea89418d42388073b3c514848458e3ba8ad659e0c0032c12618a985ff,False,0,False,0,0,0,0,0,0,1025,1281,-256,30,False,True,0,0,0,0
semantic-variation-v1,case-14,4,"[""movement"",""reproduce_at"",""require_uncrowded""]",7103,parent,exact_parent,"{""construction"":""until_nonzero"",""movement"":""stay_if_fed"",""reproduce_at"":16,""require_uncrowded"":false,""schema"":1,""traits"":{""construct"":1,""role"":""producer"",""taste"":1}}",0,0,0,0,0,sha256:2a2e035fd8ff68b1a8c03537ac21e113ac00d11d77a96ab524ddaad15637c961,sha256:40ff9496ff32246db05bfba4bc3879ae7c7c5ada2221d961a7f0c94b70c0ab83,False,0,False,0,0,0,0,0,0,1356,1903,-547,12,False,True,0,0,0,0
semantic-variation-v1,case-14,4,"[""movement"",""reproduce_at"",""require_uncrowded""]",7103,typed_macro,valid,"{""construction"":""until_nonzero"",""movement"":""seek_resource"",""reproduce_at"":12,""require_uncrowded"":true,""schema"":1,""traits"":{""construct"":1,""role"":""producer"",""taste"":1}}",3,0.361111111111,0.75,0,0.333333333333,sha256:2a2e035fd8ff68b1a8c03537ac21e113ac00d11d77a96ab524ddaad15637c961,sha256:79e708489057e43939b82d57737e2ee72aa88e08b02f8b2f7aea592411175067,False,0,False,0,0,0,0,0,0,1914,2356,-442,8,False,True,0,0,0,0
semantic-variation-v1,case-14,4,"[""movement"",""reproduce_at"",""require_uncrowded""]",7103,random_same_mask,valid,"{""construction"":""until_nonzero"",""movement"":""seek_resource"",""reproduce_at"":21,""require_uncrowded"":true,""schema"":1,""traits"":{""construct"":1,""role"":""producer"",""taste"":1}}",3,0.361111111111,0.75,0,0.333333333333,sha256:2a2e035fd8ff68b1a8c03537ac21e113ac00d11d77a96ab524ddaad15637c961,sha256:1d1cdcfa51f70296f97a834f65596ee1b5b67ed26c283aad6486da8c36a9714c,True,0.0515824279095,True,0.179221927498,5.33571760955,-5.15649568206,5,306,-301,2362,3384,-1022,47,False,True,0,0,0,0
semantic-variation-v1,case-14,4,"[""movement"",""reproduce_at"",""require_uncrowded""]",7103,codex_agent_itt,valid,"{""construction"":""until_nonzero"",""movement"":""seek_resource"",""reproduce_at"":22,""require_uncrowded"":true,""schema"":1,""traits"":{""construct"":1,""role"":""producer"",""taste"":1}}",3,0.361111111111,0.75,0,0.333333333333,sha256:2a2e035fd8ff68b1a8c03537ac21e113ac00d11d77a96ab524ddaad15637c961,sha256:13be7fac919534353e82961d48a2ad66864cfdfa0e5c5e47eb40aeb10faa7764,False,0.0323660058728,False,0,4.5016728376,-4.5016728376,0,214,-214,3306,2830,476,13,False,True,0,0,0,0
semantic-variation-v1,case-14,4,"[""movement"",""reproduce_at"",""require_uncrowded""]",7104,parent,exact_parent,"{""construction"":""until_nonzero"",""movement"":""stay_if_fed"",""reproduce_at"":16,""require_uncrowded"":false,""schema"":1,""traits"":{""construct"":1,""role"":""producer"",""taste"":1}}",0,0,0,0,0,sha256:68c05ab61f461132a9462697750238e243588b9ce96a23b739870db3e20fdf8b,sha256:4a7fbb41ddf8497425528559cc80ff49aefc360271f92164612e8a09f903383d,False,0,False,0,0,0,0,0,0,1765,1845,-80,7,False,True,0,0,0,0
semantic-variation-v1,case-14,4,"[""movement"",""reproduce_at"",""require_uncrowded""]",7104,typed_macro,valid,"{""construction"":""until_nonzero"",""movement"":""seek_resource"",""reproduce_at"":12,""require_uncrowded"":true,""schema"":1,""traits"":{""construct"":1,""role"":""producer"",""taste"":1}}",3,0.361111111111,0.75,0,0.333333333333,sha256:68c05ab61f461132a9462697750238e243588b9ce96a23b739870db3e20fdf8b,sha256:52854771509cf4f90cbf4b630877b7c1e9defdb1e113ed9f72bc3e9c67be5255,False,0,False,0,0,0,0,0,0,1765,1845,-80,7,False,True,0,0,0,0
semantic-variation-v1,case-14,4,"[""movement"",""reproduce_at"",""require_uncrowded""]",7104,random_same_mask,valid,"{""construction"":""until_nonzero"",""movement"":""seek_resource"",""reproduce_at"":21,""require_uncrowded"":true,""schema"":1,""traits"":{""construct"":1,""role"":""producer"",""taste"":1}}",3,0.361111111111,0.75,0,0.333333333333,sha256:68c05ab61f461132a9462697750238e243588b9ce96a23b739870db3e20fdf8b,sha256:2200b9e4bf71939a5d6335e218e847b1500a3b1cfe4358fcd0826e421825a6e2,False,0,False,0,0,0,0,0,0,1765,1845,-80,7,False,True,0,0,0,0
semantic-variation-v1,case-14,4,"[""movement"",""reproduce_at"",""require_uncrowded""]",7104,codex_agent_itt,valid,"{""construction"":""until_nonzero"",""movement"":""seek_resource"",""reproduce_at"":22,""require_uncrowded"":true,""schema"":1,""traits"":{""construct"":1,""role"":""producer"",""taste"":1}}",3,0.361111111111,0.75,0,0.333333333333,sha256:68c05ab61f461132a9462697750238e243588b9ce96a23b739870db3e20fdf8b,sha256:6de6d04b903862ad63f0a9dbc034da32681f698210b592afc42632d8f7660cdb,False,0,False,0,0,0,0,0,0,1765,1845,-80,7,False,True,0,0,0,0
semantic-variation-v1,case-14,4,"[""movement"",""reproduce_at"",""require_uncrowded""]",7105,parent,exact_parent,"{""construction"":""until_nonzero"",""movement"":""stay_if_fed"",""reproduce_at"":16,""require_uncrowded"":false,""schema"":1,""traits"":{""construct"":1,""role"":""producer"",""taste"":1}}",0,0,0,0,0,sha256:0de3e94243530c8699e44537a6d85f4e3a1b139c6b905a797a9a601763f8b541,sha256:dbbb5fb60a278d870908da45999ff1c8db11ea524f5d08164f9cfdc4e1abf741,True,0.177799790886,True,18.7135846323,19.3480279753,-0.634443343003,403,576,-173,1301,1793,-492,,True,True,0,0,0,0
semantic-variation-v1,case-14,4,"[""movement"",""reproduce_at"",""require_uncrowded""]",7105,typed_macro,valid,"{""construction"":""until_nonzero"",""movement"":""seek_resource"",""reproduce_at"":12,""require_uncrowded"":true,""schema"":1,""traits"":{""construct"":1,""role"":""producer"",""taste"":1}}",3,0.361111111111,0.75,0,0.333333333333,sha256:0de3e94243530c8699e44537a6d85f4e3a1b139c6b905a797a9a601763f8b541,sha256:53ad9b0d15adfb390866266f5e97dc4d280cdc17d1fa322d875ebb142250d633,True,0.269272008722,True,19.2211693078,19.1702570754,0.0509122324208,587,534,53,1839,1594,245,12,False,True,0,0,0,0
semantic-variation-v1,case-14,4,"[""movement"",""reproduce_at"",""require_uncrowded""]",7105,random_same_mask,valid,"{""construction"":""until_nonzero"",""movement"":""seek_resource"",""reproduce_at"":21,""require_uncrowded"":true,""schema"":1,""traits"":{""construct"":1,""role"":""producer"",""taste"":1}}",3,0.361111111111,0.75,0,0.333333333333,sha256:0de3e94243530c8699e44537a6d85f4e3a1b139c6b905a797a9a601763f8b541,sha256:7f08fd54ef2a6ec2f4ad9b4a729c3235b0e21a7e538e401d178853bc66ff2245,True,0.0883422656803,True,3.69300443279,13.6183086273,-9.9253041945,53,234,-181,783,1052,-269,5,False,True,0,0,0,0
semantic-variation-v1,case-14,4,"[""movement"",""reproduce_at"",""require_uncrowded""]",7105,codex_agent_itt,valid,"{""construction"":""until_nonzero"",""movement"":""seek_resource"",""reproduce_at"":22,""require_uncrowded"":true,""schema"":1,""traits"":{""construct"":1,""role"":""producer"",""taste"":1}}",3,0.361111111111,0.75,0,0.333333333333,sha256:0de3e94243530c8699e44537a6d85f4e3a1b139c6b905a797a9a601763f8b541,sha256:3df275e91eddf9c68e50e570aa68e0331911383fc88019451202f68dddbf3d46,True,0.0498485697073,False,0,0.551960784314,-0.551960784314,0,9,-9,716,840,-124,9,False,True,0,0,0,0
semantic-variation-v1,case-14,4,"[""movement"",""reproduce_at"",""require_uncrowded""]",7106,parent,exact_parent,"{""construction"":""until_nonzero"",""movement"":""stay_if_fed"",""reproduce_at"":16,""require_uncrowded"":false,""schema"":1,""traits"":{""construct"":1,""role"":""producer"",""taste"":1}}",0,0,0,0,0,sha256:7c38697a374c73c1dfd3a1bc30000c94ef176d36672d9fbb1612c8c44797f5ce,sha256:403d5b503b33516d9b2ad89d247a066fc6e3c9d10980203161a736ba4e75f8ba,False,0.0174958949097,False,0,0,0,0,0,0,1167,869,298,1,False,True,0,0,0,0
semantic-variation-v1,case-14,4,"[""movement"",""reproduce_at"",""require_uncrowded""]",7106,typed_macro,valid,"{""construction"":""until_nonzero"",""movement"":""seek_resource"",""reproduce_at"":12,""require_uncrowded"":true,""schema"":1,""traits"":{""construct"":1,""role"":""producer"",""taste"":1}}",3,0.361111111111,0.75,0,0.333333333333,sha256:7c38697a374c73c1dfd3a1bc30000c94ef176d36672d9fbb1612c8c44797f5ce,sha256:2776b9d6e983d96570e63bf1fc8982cf65d4d3e2e3a86b369df90d1f57a26879,True,0.252389252652,True,11.9389080601,24.133259994,-12.1943519339,241,1152,-911,1218,2868,-1650,,True,True,0,0,0,0
semantic-variation-v1,case-14,4,"[""movement"",""reproduce_at"",""require_uncrowded""]",7106,random_same_mask,valid,"{""construction"":""until_nonzero"",""movement"":""seek_resource"",""reproduce_at"":21,""require_uncrowded"":true,""schema"":1,""traits"":{""construct"":1,""role"":""producer"",""taste"":1}}",3,0.361111111111,0.75,0,0.333333333333,sha256:7c38697a374c73c1dfd3a1bc30000c94ef176d36672d9fbb1612c8c44797f5ce,sha256:438251cec7f1b2fb7e7a6c81d08ee680ab01e2f85437d645823b4606324b7af6,True,0.112976687713,True,0.871509656494,6.64090085275,-5.76939119625,16,124,-108,750,1068,-318,9,False,True,0,0,0,0
semantic-variation-v1,case-14,4,"[""movement"",""reproduce_at"",""require_uncrowded""]",7106,codex_agent_itt,valid,"{""construction"":""until_nonzero"",""movement"":""seek_resource"",""reproduce_at"":22,""require_uncrowded"":true,""schema"":1,""traits"":{""construct"":1,""role"":""producer"",""taste"":1}}",3,0.361111111111,0.75,0,0.333333333333,sha256:7c38697a374c73c1dfd3a1bc30000c94ef176d36672d9fbb1612c8c44797f5ce,sha256:32033f02f26de3f1f2794db376d43d79915dee987f18662d03f35aec11b7816d,False,0,False,0,0,0,0,0,0,210,697,-487,,True,True,0,0,0,0
semantic-variation-v1,case-14,4,"[""movement"",""reproduce_at"",""require_uncrowded""]",7107,parent,exact_parent,"{""construction"":""until_nonzero"",""movement"":""stay_if_fed"",""reproduce_at"":16,""require_uncrowded"":false,""schema"":1,""traits"":{""construct"":1,""role"":""producer"",""taste"":1}}",0,0,0,0,0,sha256:82e05853b640ba41a0ef5bd86c413edd2379b1f62a430d0783d27ce8f27ec096,sha256:b0b0539ba41ad49f911383cedc383da33455e3289334ecb2690cdc9cd4fe78fd,True,0.105982361841,False,0,0,0,0,0,0,890,1832,-942,,True,True,0,0,0,0
semantic-variation-v1,case-14,4,"[""movement"",""reproduce_at"",""require_uncrowded""]",7107,typed_macro,valid,"{""construction"":""until_nonzero"",""movement"":""seek_resource"",""reproduce_at"":12,""require_uncrowded"":true,""schema"":1,""traits"":{""construct"":1,""role"":""producer"",""taste"":1}}",3,0.361111111111,0.75,0,0.333333333333,sha256:82e05853b640ba41a0ef5bd86c413edd2379b1f62a430d0783d27ce8f27ec096,sha256:fc20523f273da983888606662bf05533733580422558eceff564b6655b285e41,True,0.14120283255,True,0.177777777778,0.408454290807,-0.230676513029,3,14,-11,979,1910,-931,,True,True,0,0,0,0
semantic-variation-v1,case-14,4,"[""movement"",""reproduce_at"",""require_uncrowded""]",7107,random_same_mask,valid,"{""construction"":""until_nonzero"",""movement"":""seek_resource"",""reproduce_at"":21,""require_uncrowded"":true,""schema"":1,""traits"":{""construct"":1,""role"":""producer"",""taste"":1}}",3,0.361111111111,0.75,0,0.333333333333,sha256:82e05853b640ba41a0ef5bd86c413edd2379b1f62a430d0783d27ce8f27ec096,sha256:e4fba8bd7f0a7e291d6756048858c9be42d45fb12e2334636a606af73ba936ae,True,0.154421331889,True,0.405572755418,6.92257682484,-6.51700406942,7,271,-264,1253,2369,-1116,17,False,True,0,0,0,0
semantic-variation-v1,case-14,4,"[""movement"",""reproduce_at"",""require_uncrowded""]",7107,codex_agent_itt,valid,"{""construction"":""until_nonzero"",""movement"":""seek_resource"",""reproduce_at"":22,""require_uncrowded"":true,""schema"":1,""traits"":{""construct"":1,""role"":""producer"",""taste"":1}}",3,0.361111111111,0.75,0,0.333333333333,sha256:82e05853b640ba41a0ef5bd86c413edd2379b1f62a430d0783d27ce8f27ec096,sha256:916981f47a47567efe7d8e09af9de469abe5d017bc2860ae342ad9924d769bf3,False,0.0210053379884,False,0,0,0,0,0,0,1739,2518,-779,,True,True,0,0,0,0
semantic-variation-v1,case-15,4,"[""construction"",""reproduce_at"",""require_uncrowded""]",7100,parent,exact_parent,"{""construction"":""until_nonzero"",""movement"":""stay_if_fed"",""reproduce_at"":16,""require_uncrowded"":false,""schema"":1,""traits"":{""construct"":1,""role"":""producer"",""taste"":1}}",0,0,0,0,0,sha256:e8bff0e4c74a22ccec8ffbd79b1add7bc7ac2b9f75300c1f75b14bc2e7267e6f,sha256:3f660f0feb27a3582bdc3ad67461483143d44b18a75fa38706de6564efdb4c58,True,0.056505654023,True,5.5908205257,4.11914963775,1.47167088795,129,116,13,1382,1704,-322,36,False,True,0,0,0,0
semantic-variation-v1,case-15,4,"[""construction"",""reproduce_at"",""require_uncrowded""]",7100,typed_macro,valid,"{""construction"":""always"",""movement"":""stay_if_fed"",""reproduce_at"":12,""require_uncrowded"":true,""schema"":1,""traits"":{""construct"":1,""role"":""producer"",""taste"":1}}",3,0.333333333333,0,0.666666666667,0.333333333333,sha256:e8bff0e4c74a22ccec8ffbd79b1add7bc7ac2b9f75300c1f75b14bc2e7267e6f,sha256:b542e290457dfcd2889e0826c31b688d01137829a061da48cb3e826eb4af9a88,False,0,False,0,0,0,0,0,0,843,1682,-839,,True,True,0,0,0,0
semantic-variation-v1,case-15,4,"[""construction"",""reproduce_at"",""require_uncrowded""]",7100,random_same_mask,valid,"{""construction"":""never"",""movement"":""stay_if_fed"",""reproduce_at"":19,""require_uncrowded"":true,""schema"":1,""traits"":{""construct"":1,""role"":""producer"",""taste"":1}}",3,0.222222222222,0,0.333333333333,0.333333333333,sha256:e8bff0e4c74a22ccec8ffbd79b1add7bc7ac2b9f75300c1f75b14bc2e7267e6f,sha256:980f3a882b4b8f8016ba4fbf1e113c0c2ca0f678728940ac1f2b9d5f14f2d59e,True,0.134884493843,True,19.7801845214,5.87293841239,13.907246109,178,136,42,609,1368,-759,,True,True,0,0,0,0
semantic-variation-v1,case-15,4,"[""construction"",""reproduce_at"",""require_uncrowded""]",7100,codex_agent_itt,valid,"{""construction"":""always"",""movement"":""stay_if_fed"",""reproduce_at"":20,""require_uncrowded"":true,""schema"":1,""traits"":{""construct"":1,""role"":""producer"",""taste"":1}}",3,0.333333333333,0,0.666666666667,0.333333333333,sha256:e8bff0e4c74a22ccec8ffbd79b1add7bc7ac2b9f75300c1f75b14bc2e7267e6f,sha256:4eec7f62a85ee07e33a6953a9a6cb408fc2c9bf4ba6d72f21ece98c4e1ba75e7,False,0,False,0,0,0,0,0,0,604,2169,-1565,,True,True,0,0,0,0
semantic-variation-v1,case-15,4,"[""construction"",""reproduce_at"",""require_uncrowded""]",7101,parent,exact_parent,"{""construction"":""until_nonzero"",""movement"":""stay_if_fed"",""reproduce_at"":16,""require_uncrowded"":false,""schema"":1,""traits"":{""construct"":1,""role"":""producer"",""taste"":1}}",0,0,0,0,0,sha256:c8be15f73aff0fa2bcd29b2469cc25f09d83a06ddb9aeda7e778dcbfd197b782,sha256:a4c567dc1c3d087378bf81a9ccc10cfe0349738c846a022744dd55066632c67e,True,0.118035808164,True,10.3314296305,9.79716706111,0.534262569432,400,387,13,2363,2394,-31,7,False,True,0,0,0,0
semantic-variation-v1,case-15,4,"[""construction"",""reproduce_at"",""require_uncrowded""]",7101,typed_macro,valid,"{""construction"":""always"",""movement"":""stay_if_fed"",""reproduce_at"":12,""require_uncrowded"":true,""schema"":1,""traits"":{""construct"":1,""role"":""producer"",""taste"":1}}",3,0.333333333333,0,0.666666666667,0.333333333333,sha256:c8be15f73aff0fa2bcd29b2469cc25f09d83a06ddb9aeda7e778dcbfd197b782,sha256:99c263f144e6e163578603c43931f230ed9dcb39df4065518e3d84eb46276bbc,False,0.106509326875,False,0,0,0,0,0,0,1301,1277,24,1,False,True,0,0,0,0
semantic-variation-v1,case-15,4,"[""construction"",""reproduce_at"",""require_uncrowded""]",7101,random_same_mask,valid,"{""construction"":""never"",""movement"":""stay_if_fed"",""reproduce_at"":19,""require_uncrowded"":true,""schema"":1,""traits"":{""construct"":1,""role"":""producer"",""taste"":1}}",3,0.222222222222,0,0.333333333333,0.333333333333,sha256:c8be15f73aff0fa2bcd29b2469cc25f09d83a06ddb9aeda7e778dcbfd197b782,sha256:c883fdb06a381e207ad1101cc334c5089b94931ff509e651c266dcb03de0e337,True,0.0368774502278,False,0,0,0,0,0,0,634,1190,-556,,True,True,0,0,0,0
semantic-variation-v1,case-15,4,"[""construction"",""reproduce_at"",""require_uncrowded""]",7101,codex_agent_itt,valid,"{""construction"":""always"",""movement"":""stay_if_fed"",""reproduce_at"":20,""require_uncrowded"":true,""schema"":1,""traits"":{""construct"":1,""role"":""producer"",""taste"":1}}",3,0.333333333333,0,0.666666666667,0.333333333333,sha256:c8be15f73aff0fa2bcd29b2469cc25f09d83a06ddb9aeda7e778dcbfd197b782,sha256:02f4893525660da842815e01e2752c6fa74b0cf31b21b21ce47b37c1c24cae9e,True,0.0285307033682,False,0,0,0,0,0,0,1907,1732,175,1,False,True,0,0,0,0
semantic-variation-v1,case-15,4,"[""construction"",""reproduce_at"",""require_uncrowded""]",7102,parent,exact_parent,"{""construction"":""until_nonzero"",""movement"":""stay_if_fed"",""reproduce_at"":16,""require_uncrowded"":false,""schema"":1,""traits"":{""construct"":1,""role"":""producer"",""taste"":1}}",0,0,0,0,0,sha256:4a0c2036a0b774d9a76313acad1cdc63869a11a581cfebc9f643294b46ce6be9,sha256:15dbf170e04217a7ac25bd3e6ee768f71429f91abec63e84147e22d6bbcf233d,False,0.158263819514,False,0,0,0,0,0,0,232,187,45,2,False,True,0,0,0,0
semantic-variation-v1,case-15,4,"[""construction"",""reproduce_at"",""require_uncrowded""]",7102,typed_macro,valid,"{""construction"":""always"",""movement"":""stay_if_fed"",""reproduce_at"":12,""require_uncrowded"":true,""schema"":1,""traits"":{""construct"":1,""role"":""producer"",""taste"":1}}",3,0.333333333333,0,0.666666666667,0.333333333333,sha256:4a0c2036a0b774d9a76313acad1cdc63869a11a581cfebc9f643294b46ce6be9,sha256:34daf9da6e0998e7179258159513225996afcc6e569760ba75add7ec0389da3e,False,0,False,0,0,0,0,0,0,83,386,-303,5,False,True,0,0,0,0
semantic-variation-v1,case-15,4,"[""construction"",""reproduce_at"",""require_uncrowded""]",7102,random_same_mask,valid,"{""construction"":""never"",""movement"":""stay_if_fed"",""reproduce_at"":19,""require_uncrowded"":true,""schema"":1,""traits"":{""construct"":1,""role"":""producer"",""taste"":1}}",3,0.222222222222,0,0.333333333333,0.333333333333,sha256:4a0c2036a0b774d9a76313acad1cdc63869a11a581cfebc9f643294b46ce6be9,sha256:582e92853eb8df9d68723c62c7d9496813837d9f0f6bde9460e9e1ef6dde86fa,False,0,False,0,0,0,0,0,0,1477,1238,239,9,False,True,0,0,0,0
semantic-variation-v1,case-15,4,"[""construction"",""reproduce_at"",""require_uncrowded""]",7102,codex_agent_itt,valid,"{""construction"":""always"",""movement"":""stay_if_fed"",""reproduce_at"":20,""require_uncrowded"":true,""schema"":1,""traits"":{""construct"":1,""role"":""producer"",""taste"":1}}",3,0.333333333333,0,0.666666666667,0.333333333333,sha256:4a0c2036a0b774d9a76313acad1cdc63869a11a581cfebc9f643294b46ce6be9,sha256:085c4a948b05ffa735e42981c7287b2c18d3c5f5f3bd966c0bade05dc84fb127,True,0.105668991901,True,2.13272522545,0.611755053928,1.52097017152,41,20,21,1434,1641,-207,30,False,True,0,0,0,0
semantic-variation-v1,case-15,4,"[""construction"",""reproduce_at"",""require_uncrowded""]",7103,parent,exact_parent,"{""construction"":""until_nonzero"",""movement"":""stay_if_fed"",""reproduce_at"":16,""require_uncrowded"":false,""schema"":1,""traits"":{""construct"":1,""role"":""producer"",""taste"":1}}",0,0,0,0,0,sha256:2a2e035fd8ff68b1a8c03537ac21e113ac00d11d77a96ab524ddaad15637c961,sha256:1dbf5c2687bebea3e754a373a9dfd47381613f128a36d20c4bf1d9aa2156a60e,False,0,False,0,0,0,0,0,0,1356,1903,-547,12,False,True,0,0,0,0
semantic-variation-v1,case-15,4,"[""construction"",""reproduce_at"",""require_uncrowded""]",7103,typed_macro,valid,"{""construction"":""always"",""movement"":""stay_if_fed"",""reproduce_at"":12,""require_uncrowded"":true,""schema"":1,""traits"":{""construct"":1,""role"":""producer"",""taste"":1}}",3,0.333333333333,0,0.666666666667,0.333333333333,sha256:2a2e035fd8ff68b1a8c03537ac21e113ac00d11d77a96ab524ddaad15637c961,sha256:0c6c8e2fe26f55a199aa7805d1f859c854ef0fefa501556a28ca7c636516743e,False,0,False,0,0,0,0,0,0,1436,1807,-371,30,False,True,0,0,0,0
semantic-variation-v1,case-15,4,"[""construction"",""reproduce_at"",""require_uncrowded""]",7103,random_same_mask,valid,"{""construction"":""never"",""movement"":""stay_if_fed"",""reproduce_at"":19,""require_uncrowded"":true,""schema"":1,""traits"":{""construct"":1,""role"":""producer"",""taste"":1}}",3,0.222222222222,0,0.333333333333,0.333333333333,sha256:2a2e035fd8ff68b1a8c03537ac21e113ac00d11d77a96ab524ddaad15637c961,sha256:33c52e9220bc773c4f07738c15599b0694658fa98278e7f7236dee8ac418d947,False,0,False,0,0,0,0,0,0,1055,1888,-833,,True,True,0,0,0,0
semantic-variation-v1,case-15,4,"[""construction"",""reproduce_at"",""require_uncrowded""]",7103,codex_agent_itt,valid,"{""construction"":""always"",""movement"":""stay_if_fed"",""reproduce_at"":20,""require_uncrowded"":true,""schema"":1,""traits"":{""construct"":1,""role"":""producer"",""taste"":1}}",3,0.333333333333,0,0.666666666667,0.333333333333,sha256:2a2e035fd8ff68b1a8c03537ac21e113ac00d11d77a96ab524ddaad15637c961,sha256:d6feec6340843c4b9b52c7efeed51883717623a9a814c65f4e01e8947db05b2a,True,0.0192161095058,True,3.06563941959,0.785661394041,2.27997802554,113,39,74,2243,2727,-484,35,False,True,0,0,0,0
semantic-variation-v1,case-15,4,"[""construction"",""reproduce_at"",""require_uncrowded""]",7104,parent,exact_parent,"{""construction"":""until_nonzero"",""movement"":""stay_if_fed"",""reproduce_at"":16,""require_uncrowded"":false,""schema"":1,""traits"":{""construct"":1,""role"":""producer"",""taste"":1}}",0,0,0,0,0,sha256:68c05ab61f461132a9462697750238e243588b9ce96a23b739870db3e20fdf8b,sha256:1d46b4d612c782dabf9855f759e38b136092db3d90ebbf118cc0bf2469b54dd1,False,0,False,0,0,0,0,0,0,1765,1845,-80,7,False,True,0,0,0,0
semantic-variation-v1,case-15,4,"[""construction"",""reproduce_at"",""require_uncrowded""]",7104,typed_macro,valid,"{""construction"":""always"",""movement"":""stay_if_fed"",""reproduce_at"":12,""require_uncrowded"":true,""schema"":1,""traits"":{""construct"":1,""role"":""producer"",""taste"":1}}",3,0.333333333333,0,0.666666666667,0.333333333333,sha256:68c05ab61f461132a9462697750238e243588b9ce96a23b739870db3e20fdf8b,sha256:16e4c4d9be4762057562b3c165fe0c39ca5e55067b718487f8d661deea0ff4ea,False,0,False,0,0,0,0,0,0,1429,2788,-1359,,True,True,0,0,0,0
semantic-variation-v1,case-15,4,"[""construction"",""reproduce_at"",""require_uncrowded""]",7104,random_same_mask,valid,"{""construction"":""never"",""movement"":""stay_if_fed"",""reproduce_at"":19,""require_uncrowded"":true,""schema"":1,""traits"":{""construct"":1,""role"":""producer"",""taste"":1}}",3,0.222222222222,0,0.333333333333,0.333333333333,sha256:68c05ab61f461132a9462697750238e243588b9ce96a23b739870db3e20fdf8b,sha256:529a59fb6bf910ac06ad800d967d41a2dd3430a170c97bce07a90c037f00caa5,False,0,False,0,0,0,0,0,0,3097,3233,-136,11,False,True,0,0,0,0
semantic-variation-v1,case-15,4,"[""construction"",""reproduce_at"",""require_uncrowded""]",7104,codex_agent_itt,valid,"{""construction"":""always"",""movement"":""stay_if_fed"",""reproduce_at"":20,""require_uncrowded"":true,""schema"":1,""traits"":{""construct"":1,""role"":""producer"",""taste"":1}}",3,0.333333333333,0,0.666666666667,0.333333333333,sha256:68c05ab61f461132a9462697750238e243588b9ce96a23b739870db3e20fdf8b,sha256:b245969e9c5d31774d4248cedf34b47e89758c07dfa215a84a11767e1dc256cf,False,0,False,0,0,0,0,0,0,1429,2788,-1359,,True,True,0,0,0,0
semantic-variation-v1,case-15,4,"[""construction"",""reproduce_at"",""require_uncrowded""]",7105,parent,exact_parent,"{""construction"":""until_nonzero"",""movement"":""stay_if_fed"",""reproduce_at"":16,""require_uncrowded"":false,""schema"":1,""traits"":{""construct"":1,""role"":""producer"",""taste"":1}}",0,0,0,0,0,sha256:0de3e94243530c8699e44537a6d85f4e3a1b139c6b905a797a9a601763f8b541,sha256:aaf5efedf3cca75e7dad0c33294ddcfc7c13b9c351d7480401351f164fae83d4,True,0.177799790886,True,18.7135846323,19.3480279753,-0.634443343003,403,576,-173,1301,1793,-492,,True,True,0,0,0,0
semantic-variation-v1,case-15,4,"[""construction"",""reproduce_at"",""require_uncrowded""]",7105,typed_macro,valid,"{""construction"":""always"",""movement"":""stay_if_fed"",""reproduce_at"":12,""require_uncrowded"":true,""schema"":1,""traits"":{""construct"":1,""role"":""producer"",""taste"":1}}",3,0.333333333333,0,0.666666666667,0.333333333333,sha256:0de3e94243530c8699e44537a6d85f4e3a1b139c6b905a797a9a601763f8b541,sha256:e36a9b59ceeda605a498175a4e66222b2b9f763d686c626410825793ce70cdf2,False,0,False,0,0,0,0,0,0,0,161,-161,52,False,True,0,0,0,0
semantic-variation-v1,case-15,4,"[""construction"",""reproduce_at"",""require_uncrowded""]",7105,random_same_mask,valid,"{""construction"":""never"",""movement"":""stay_if_fed"",""reproduce_at"":19,""require_uncrowded"":true,""schema"":1,""traits"":{""construct"":1,""role"":""producer"",""taste"":1}}",3,0.222222222222,0,0.333333333333,0.333333333333,sha256:0de3e94243530c8699e44537a6d85f4e3a1b139c6b905a797a9a601763f8b541,sha256:1d96ca7c90c1d8ba1656b9668ed892adc7be4c041657dfb433b36440e1b6ac9f,True,0.236960784314,True,1.11904761905,0,1.11904761905,9,0,9,243,503,-260,6,False,True,0,0,0,0
semantic-variation-v1,case-15,4,"[""construction"",""reproduce_at"",""require_uncrowded""]",7105,codex_agent_itt,valid,"{""construction"":""always"",""movement"":""stay_if_fed"",""reproduce_at"":20,""require_uncrowded"":true,""schema"":1,""traits"":{""construct"":1,""role"":""producer"",""taste"":1}}",3,0.333333333333,0,0.666666666667,0.333333333333,sha256:0de3e94243530c8699e44537a6d85f4e3a1b139c6b905a797a9a601763f8b541,sha256:42a6fae430b736077ca6407843b1172b55896bf52b3b6aaab3415bc61504a1a3,False,0,False,0,0,0,0,0,0,0,161,-161,52,False,True,0,0,0,0
semantic-variation-v1,case-15,4,"[""construction"",""reproduce_at"",""require_uncrowded""]",7106,parent,exact_parent,"{""construction"":""until_nonzero"",""movement"":""stay_if_fed"",""reproduce_at"":16,""require_uncrowded"":false,""schema"":1,""traits"":{""construct"":1,""role"":""producer"",""taste"":1}}",0,0,0,0,0,sha256:7c38697a374c73c1dfd3a1bc30000c94ef176d36672d9fbb1612c8c44797f5ce,sha256:b5b52d8d2cbe13cdfe6ec9a4e4d9a4cf5260360dd2379864dc32bfcd11df9641,False,0.0174958949097,False,0,0,0,0,0,0,1167,869,298,1,False,True,0,0,0,0
semantic-variation-v1,case-15,4,"[""construction"",""reproduce_at"",""require_uncrowded""]",7106,typed_macro,valid,"{""construction"":""always"",""movement"":""stay_if_fed"",""reproduce_at"":12,""require_uncrowded"":true,""schema"":1,""traits"":{""construct"":1,""role"":""producer"",""taste"":1}}",3,0.333333333333,0,0.666666666667,0.333333333333,sha256:7c38697a374c73c1dfd3a1bc30000c94ef176d36672d9fbb1612c8c44797f5ce,sha256:10ec83bf443e22c1a4747ab691839db71a72cb48909a805afe836e2700cf5100,False,0,False,0,0,0,0,0,0,1108,1253,-145,33,False,True,0,0,0,0
semantic-variation-v1,case-15,4,"[""construction"",""reproduce_at"",""require_uncrowded""]",7106,random_same_mask,valid,"{""construction"":""never"",""movement"":""stay_if_fed"",""reproduce_at"":19,""require_uncrowded"":true,""schema"":1,""traits"":{""construct"":1,""role"":""producer"",""taste"":1}}",3,0.222222222222,0,0.333333333333,0.333333333333,sha256:7c38697a374c73c1dfd3a1bc30000c94ef176d36672d9fbb1612c8c44797f5ce,sha256:3906da725003329c26d4ec5ce42ca47afa88b641bfaefc0725bbe0cc51bd53ca,True,0.102454218196,True,0.35,24.6124968169,-24.2624968169,3,327,-324,457,768,-311,11,False,True,0,0,0,0
semantic-variation-v1,case-15,4,"[""construction"",""reproduce_at"",""require_uncrowded""]",7106,codex_agent_itt,valid,"{""construction"":""always"",""movement"":""stay_if_fed"",""reproduce_at"":20,""require_uncrowded"":true,""schema"":1,""traits"":{""construct"":1,""role"":""producer"",""taste"":1}}",3,0.333333333333,0,0.666666666667,0.333333333333,sha256:7c38697a374c73c1dfd3a1bc30000c94ef176d36672d9fbb1612c8c44797f5ce,sha256:ae260a01a42b86d6417bc025f4722093a55a2b6309e16a745cb8db12aa05f666,True,0.0449428128634,True,0.294934640523,0.766666666667,-0.471732026144,5,12,-7,995,664,331,1,False,True,0,0,0,0
semantic-variation-v1,case-15,4,"[""construction"",""reproduce_at"",""require_uncrowded""]",7107,parent,exact_parent,"{""construction"":""until_nonzero"",""movement"":""stay_if_fed"",""reproduce_at"":16,""require_uncrowded"":false,""schema"":1,""traits"":{""construct"":1,""role"":""producer"",""taste"":1}}",0,0,0,0,0,sha256:82e05853b640ba41a0ef5bd86c413edd2379b1f62a430d0783d27ce8f27ec096,sha256:754c16955b7093e8eea2fb0f8c15671384e5c447d32c31384500ab7b913668dc,True,0.105982361841,False,0,0,0,0,0,0,890,1832,-942,,True,True,0,0,0,0
semantic-variation-v1,case-15,4,"[""construction"",""reproduce_at"",""require_uncrowded""]",7107,typed_macro,valid,"{""construction"":""always"",""movement"":""stay_if_fed"",""reproduce_at"":12,""require_uncrowded"":true,""schema"":1,""traits"":{""construct"":1,""role"":""producer"",""taste"":1}}",3,0.333333333333,0,0.666666666667,0.333333333333,sha256:82e05853b640ba41a0ef5bd86c413edd2379b1f62a430d0783d27ce8f27ec096,sha256:e2128e958cee1c6f27961d7e7497d0aef37fac93bc7ba5a33f43030c6cde17f8,True,0.200625198602,True,6.60201288084,12.6389003817,-6.03688750086,153,346,-193,1322,1655,-333,46,False,True,0,0,0,0
semantic-variation-v1,case-15,4,"[""construction"",""reproduce_at"",""require_uncrowded""]",7107,random_same_mask,valid,"{""construction"":""never"",""movement"":""stay_if_fed"",""reproduce_at"":19,""require_uncrowded"":true,""schema"":1,""traits"":{""construct"":1,""role"":""producer"",""taste"":1}}",3,0.222222222222,0,0.333333333333,0.333333333333,sha256:82e05853b640ba41a0ef5bd86c413edd2379b1f62a430d0783d27ce8f27ec096,sha256:4c2b736786525cf5115bd312f6f644231161a2c1039fd03efeabde9af3ab2cc1,True,0.160349992281,False,0,0,0,0,0,0,1743,1628,115,12,False,True,0,0,0,0
semantic-variation-v1,case-15,4,"[""construction"",""reproduce_at"",""require_uncrowded""]",7107,codex_agent_itt,valid,"{""construction"":""always"",""movement"":""stay_if_fed"",""reproduce_at"":20,""require_uncrowded"":true,""schema"":1,""traits"":{""construct"":1,""role"":""producer"",""taste"":1}}",3,0.333333333333,0,0.666666666667,0.333333333333,sha256:82e05853b640ba41a0ef5bd86c413edd2379b1f62a430d0783d27ce8f27ec096,sha256:19ff4ac320ed40593495f888116699379d8f324692c049571fc88b1d588a7de0,True,0.119069755854,True,9.2757150436,0.829630386827,8.44608465678,255,20,235,1716,1047,669,4,False,True,0,0,0,0
semantic-variation-v1,case-16,6,"[""movement"",""construction"",""reproduce_at""]",7100,parent,exact_parent,"{""construction"":""always"",""movement"":""default"",""reproduce_at"":14,""require_uncrowded"":true,""schema"":1,""traits"":{""construct"":-1,""role"":""producer"",""taste"":-1}}",0,0,0,0,0,sha256:e8bff0e4c74a22ccec8ffbd79b1add7bc7ac2b9f75300c1f75b14bc2e7267e6f,sha256:14f1fd30ffeb073882f43be5bf2023a698ff236c3c5954cfec3cea99b5d89d43,True,0.112698348231,False,0,0,0,0,0,0,1382,1704,-322,36,False,True,0,0,0,0
semantic-variation-v1,case-16,6,"[""movement"",""construction"",""reproduce_at""]",7100,typed_macro,valid,"{""construction"":""until_nonzero"",""movement"":""seek_resource"",""reproduce_at"":18,""require_uncrowded"":true,""schema"":1,""traits"":{""construct"":-1,""role"":""producer"",""taste"":-1}}",3,0.583333333333,1,0.666666666667,0.0833333333333,sha256:e8bff0e4c74a22ccec8ffbd79b1add7bc7ac2b9f75300c1f75b14bc2e7267e6f,sha256:7ca7284a2920da4c8267f6554264cccc5a528c0911e645824bde7b0d709c9402,True,0.261204635363,True,14.0203828851,5.61523324457,8.40514964052,196,62,134,848,726,122,12,False,True,0,0,0,0
semantic-variation-v1,case-16,6,"[""movement"",""construction"",""reproduce_at""]",7100,random_same_mask,valid,"{""construction"":""until_nonzero"",""movement"":""seek_resource"",""reproduce_at"":13,""require_uncrowded"":true,""schema"":1,""traits"":{""construct"":-1,""role"":""producer"",""taste"":-1}}",3,0.555555555556,1,0.666666666667,0,sha256:e8bff0e4c74a22ccec8ffbd79b1add7bc7ac2b9f75300c1f75b14bc2e7267e6f,sha256:d641db42eadc9a07697b6750d9b4f9cd1c527359caff68f153707e87ef131eed,True,0.221157533605,True,9.24927257633,14.8377477578,-5.58847518146,228,352,-124,1421,1398,23,12,False,True,0,0,0,0
semantic-variation-v1,case-16,6,"[""movement"",""construction"",""reproduce_at""]",7100,codex_agent_itt,valid,"{""construction"":""until_nonzero"",""movement"":""seek_resource"",""reproduce_at"":20,""require_uncrowded"":true,""schema"":1,""traits"":{""construct"":-1,""role"":""producer"",""taste"":-1}}",3,0.611111111111,1,0.666666666667,0.166666666667,sha256:e8bff0e4c74a22ccec8ffbd79b1add7bc7ac2b9f75300c1f75b14bc2e7267e6f,sha256:c54fd50153f00fbeb2a60064b06fc8467a93e51aa11a6246bf259a97977358b7,True,0.210344538073,True,8.78220644917,9.4023306676,-0.620124218431,202,307,-105,1500,1922,-422,43,False,True,0,0,0,0
semantic-variation-v1,case-16,6,"[""movement"",""construction"",""reproduce_at""]",7101,parent,exact_parent,"{""construction"":""always"",""movement"":""default"",""reproduce_at"":14,""require_uncrowded"":true,""schema"":1,""traits"":{""construct"":-1,""role"":""producer"",""taste"":-1}}",0,0,0,0,0,sha256:c8be15f73aff0fa2bcd29b2469cc25f09d83a06ddb9aeda7e778dcbfd197b782,sha256:14603e6f434e6b37d2809ffde05d42b089d5c0dbb12e66e14b42c842811e11a4,False,0,False,0,0,0,0,0,0,2363,2394,-31,7,False,True,0,0,0,0
semantic-variation-v1,case-16,6,"[""movement"",""construction"",""reproduce_at""]",7101,typed_macro,valid,"{""construction"":""until_nonzero"",""movement"":""seek_resource"",""reproduce_at"":18,""require_uncrowded"":true,""schema"":1,""traits"":{""construct"":-1,""role"":""producer"",""taste"":-1}}",3,0.583333333333,1,0.666666666667,0.0833333333333,sha256:c8be15f73aff0fa2bcd29b2469cc25f09d83a06ddb9aeda7e778dcbfd197b782,sha256:e6d6489518ac3b4b59a70b9bca6effd60195b4f234efbf6c7253e3aef00e3f39,False,0,False,0,0,0,0,0,0,2317,2185,132,19,False,True,0,0,0,0
semantic-variation-v1,case-16,6,"[""movement"",""construction"",""reproduce_at""]",7101,random_same_mask,valid,"{""construction"":""until_nonzero"",""movement"":""seek_resource"",""reproduce_at"":13,""require_uncrowded"":true,""schema"":1,""traits"":{""construct"":-1,""role"":""producer"",""taste"":-1}}",3,0.555555555556,1,0.666666666667,0,sha256:c8be15f73aff0fa2bcd29b2469cc25f09d83a06ddb9aeda7e778dcbfd197b782,sha256:574fd14fe4dfd8430f3b40533afa4e277a3318741359fb56bcac36dece82669d,True,0.111040203022,True,0.35420993759,5.98531307766,-5.63110314007,11,254,-243,1987,2513,-526,37,False,True,0,0,0,0
semantic-variation-v1,case-16,6,"[""movement"",""construction"",""reproduce_at""]",7101,codex_agent_itt,valid,"{""construction"":""until_nonzero"",""movement"":""seek_resource"",""reproduce_at"":20,""require_uncrowded"":true,""schema"":1,""traits"":{""construct"":-1,""role"":""producer"",""taste"":-1}}",3,0.611111111111,1,0.666666666667,0.166666666667,sha256:c8be15f73aff0fa2bcd29b2469cc25f09d83a06ddb9aeda7e778dcbfd197b782,sha256:dabbc8d777b8ec45d0b83457baaa0c1d57ae41c28b55b948712ff453acf49fb9,False,0,False,0,0,0,0,0,0,2317,2185,132,19,False,True,0,0,0,0
semantic-variation-v1,case-16,6,"[""movement"",""construction"",""reproduce_at""]",7102,parent,exact_parent,"{""construction"":""always"",""movement"":""default"",""reproduce_at"":14,""require_uncrowded"":true,""schema"":1,""traits"":{""construct"":-1,""role"":""producer"",""taste"":-1}}",0,0,0,0,0,sha256:4a0c2036a0b774d9a76313acad1cdc63869a11a581cfebc9f643294b46ce6be9,sha256:732641904bf8fe8042e1ba9282487434afe28d9542c14a0badeda828bbf8076d,False,0,False,0,0,0,0,0,0,232,187,45,2,False,True,0,0,0,0
semantic-variation-v1,case-16,6,"[""movement"",""construction"",""reproduce_at""]",7102,typed_macro,valid,"{""construction"":""until_nonzero"",""movement"":""seek_resource"",""reproduce_at"":18,""require_uncrowded"":true,""schema"":1,""traits"":{""construct"":-1,""role"":""producer"",""taste"":-1}}",3,0.583333333333,1,0.666666666667,0.0833333333333,sha256:4a0c2036a0b774d9a76313acad1cdc63869a11a581cfebc9f643294b46ce6be9,sha256:b859a1378a326377dd5e0ea57fc69f116f20dcf30ec80531810bf583b64ecb2b,True,0.0829079713605,True,6.04640808213,0.708313965728,5.3380941164,134,19,115,1310,1433,-123,18,False,True,0,0,0,0
semantic-variation-v1,case-16,6,"[""movement"",""construction"",""reproduce_at""]",7102,random_same_mask,valid,"{""construction"":""until_nonzero"",""movement"":""seek_resource"",""reproduce_at"":13,""require_uncrowded"":true,""schema"":1,""traits"":{""construct"":-1,""role"":""producer"",""taste"":-1}}",3,0.555555555556,1,0.666666666667,0,sha256:4a0c2036a0b774d9a76313acad1cdc63869a11a581cfebc9f643294b46ce6be9,sha256:215ebbc8f2d27c5dee3d1fe4b7bb586fb92eb8d527e2b181a8a9fe0a296f2bae,False,0,False,0,0,0,0,0,0,2221,2234,-13,8,False,True,0,0,0,0
semantic-variation-v1,case-16,6,"[""movement"",""construction"",""reproduce_at""]",7102,codex_agent_itt,valid,"{""construction"":""until_nonzero"",""movement"":""seek_resource"",""reproduce_at"":20,""require_uncrowded"":true,""schema"":1,""traits"":{""construct"":-1,""role"":""producer"",""taste"":-1}}",3,0.611111111111,1,0.666666666667,0.166666666667,sha256:4a0c2036a0b774d9a76313acad1cdc63869a11a581cfebc9f643294b46ce6be9,sha256:8a08e75a95446cb99374d79b35c0cb7a5b5455326678d645b77d9a8aa71c5da3,True,0.0870768426772,True,0.805582540074,0.129032258065,0.67655028201,23,4,19,1767,1697,70,4,False,True,0,0,0,0
semantic-variation-v1,case-16,6,"[""movement"",""construction"",""reproduce_at""]",7103,parent,exact_parent,"{""construction"":""always"",""movement"":""default"",""reproduce_at"":14,""require_uncrowded"":true,""schema"":1,""traits"":{""construct"":-1,""role"":""producer"",""taste"":-1}}",0,0,0,0,0,sha256:2a2e035fd8ff68b1a8c03537ac21e113ac00d11d77a96ab524ddaad15637c961,sha256:64fbba6379f3ba02d2674e39b84ebd63508943e450dcc9ca15a99d9989969994,False,0,False,0,0,0,0,0,0,1356,1903,-547,12,False,True,0,0,0,0
semantic-variation-v1,case-16,6,"[""movement"",""construction"",""reproduce_at""]",7103,typed_macro,valid,"{""construction"":""until_nonzero"",""movement"":""seek_resource"",""reproduce_at"":18,""require_uncrowded"":true,""schema"":1,""traits"":{""construct"":-1,""role"":""producer"",""taste"":-1}}",3,0.583333333333,1,0.666666666667,0.0833333333333,sha256:2a2e035fd8ff68b1a8c03537ac21e113ac00d11d77a96ab524ddaad15637c961,sha256:2b761c48e539b29e75d81dce9227c1bfda4daf273f3d98b8b373229beea2ef13,True,0.137097125554,True,4.99688908189,6.65611085814,-1.65922177625,149,287,-138,1863,2575,-712,,True,True,0,0,0,0
semantic-variation-v1,case-16,6,"[""movement"",""construction"",""reproduce_at""]",7103,random_same_mask,valid,"{""construction"":""until_nonzero"",""movement"":""seek_resource"",""reproduce_at"":13,""require_uncrowded"":true,""schema"":1,""traits"":{""construct"":-1,""role"":""producer"",""taste"":-1}}",3,0.555555555556,1,0.666666666667,0,sha256:2a2e035fd8ff68b1a8c03537ac21e113ac00d11d77a96ab524ddaad15637c961,sha256:98036fb932609a74e80d716fee4536aa0317b233d91ab0c3a786517e6b22fe65,True,0.155680679421,True,8.97444305895,6.40464419302,2.56979886593,411,298,113,2796,2774,22,11,False,True,0,0,0,0
semantic-variation-v1,case-16,6,"[""movement"",""construction"",""reproduce_at""]",7103,codex_agent_itt,valid,"{""construction"":""until_nonzero"",""movement"":""seek_resource"",""reproduce_at"":20,""require_uncrowded"":true,""schema"":1,""traits"":{""construct"":-1,""role"":""producer"",""taste"":-1}}",3,0.611111111111,1,0.666666666667,0.166666666667,sha256:2a2e035fd8ff68b1a8c03537ac21e113ac00d11d77a96ab524ddaad15637c961,sha256:a072545b204d5ec8c4d861623e248cfbd2a8b1eb99d63553c1f368b21e9df927,False,0.010703886693,False,0,0,0,0,0,0,1221,2641,-1420,,True,True,0,0,0,0
semantic-variation-v1,case-16,6,"[""movement"",""construction"",""reproduce_at""]",7104,parent,exact_parent,"{""construction"":""always"",""movement"":""default"",""reproduce_at"":14,""require_uncrowded"":true,""schema"":1,""traits"":{""construct"":-1,""role"":""producer"",""taste"":-1}}",0,0,0,0,0,sha256:68c05ab61f461132a9462697750238e243588b9ce96a23b739870db3e20fdf8b,sha256:1be69e893ce279aa686eeea59e73bc10ac17069f7faf98b764b767284923e452,False,0,False,0,0,0,0,0,0,1765,1845,-80,7,False,True,0,0,0,0
semantic-variation-v1,case-16,6,"[""movement"",""construction"",""reproduce_at""]",7104,typed_macro,valid,"{""construction"":""until_nonzero"",""movement"":""seek_resource"",""reproduce_at"":18,""require_uncrowded"":true,""schema"":1,""traits"":{""construct"":-1,""role"":""producer"",""taste"":-1}}",3,0.583333333333,1,0.666666666667,0.0833333333333,sha256:68c05ab61f461132a9462697750238e243588b9ce96a23b739870db3e20fdf8b,sha256:a968a935074996754a537ee24d65981540f32fb28e50b9fd27f09f911f41bf48,True,0.0472910219048,False,0,0,0,0,0,0,857,1090,-233,58,False,True,0,0,0,0
semantic-variation-v1,case-16,6,"[""movement"",""construction"",""reproduce_at""]",7104,random_same_mask,valid,"{""construction"":""until_nonzero"",""movement"":""seek_resource"",""reproduce_at"":13,""require_uncrowded"":true,""schema"":1,""traits"":{""construct"":-1,""role"":""producer"",""taste"":-1}}",3,0.555555555556,1,0.666666666667,0,sha256:68c05ab61f461132a9462697750238e243588b9ce96a23b739870db3e20fdf8b,sha256:268635d9ce1c624ad9e0815f06d2cf67f12b83a8aa0e0630263688fea0bccd1a,True,0.0430908544784,True,3.68912221405,4.14628987616,-0.457167662114,141,165,-24,2337,2427,-90,13,False,True,0,0,0,0
semantic-variation-v1,case-16,6,"[""movement"",""construction"",""reproduce_at""]",7104,codex_agent_itt,valid,"{""construction"":""until_nonzero"",""movement"":""seek_resource"",""reproduce_at"":20,""require_uncrowded"":true,""schema"":1,""traits"":{""construct"":-1,""role"":""producer"",""taste"":-1}}",3,0.611111111111,1,0.666666666667,0.166666666667,sha256:68c05ab61f461132a9462697750238e243588b9ce96a23b739870db3e20fdf8b,sha256:e2895251e68c13de71d0ccbf01914fecb52d7bc7f5c72a35c874ca04e8ce3833,True,0.03443211514,True,4.73969221139,0,4.73969221139,162,0,162,2044,1962,82,5,False,True,0,0,0,0
semantic-variation-v1,case-16,6,"[""movement"",""construction"",""reproduce_at""]",7105,parent,exact_parent,"{""construction"":""always"",""movement"":""default"",""reproduce_at"":14,""require_uncrowded"":true,""schema"":1,""traits"":{""construct"":-1,""role"":""producer"",""taste"":-1}}",0,0,0,0,0,sha256:0de3e94243530c8699e44537a6d85f4e3a1b139c6b905a797a9a601763f8b541,sha256:ff0691d93a82319c9a3b74a77115874c0ea6e0c302b0d0e9244f868264d5438e,False,0,False,0,0,0,0,0,0,1301,1793,-492,,True,True,0,0,0,0
semantic-variation-v1,case-16,6,"[""movement"",""construction"",""reproduce_at""]",7105,typed_macro,valid,"{""construction"":""until_nonzero"",""movement"":""seek_resource"",""reproduce_at"":18,""require_uncrowded"":true,""schema"":1,""traits"":{""construct"":-1,""role"":""producer"",""taste"":-1}}",3,0.583333333333,1,0.666666666667,0.0833333333333,sha256:0de3e94243530c8699e44537a6d85f4e3a1b139c6b905a797a9a601763f8b541,sha256:c81a0d61d3c9b80892c1c6568db2e79c26bcbe3be206f1b91ab273496b345e33,False,0,False,0,0,0,0,0,0,610,1500,-890,,True,True,0,0,0,0
semantic-variation-v1,case-16,6,"[""movement"",""construction"",""reproduce_at""]",7105,random_same_mask,valid,"{""construction"":""until_nonzero"",""movement"":""seek_resource"",""reproduce_at"":13,""require_uncrowded"":true,""schema"":1,""traits"":{""construct"":-1,""role"":""producer"",""taste"":-1}}",3,0.555555555556,1,0.666666666667,0,sha256:0de3e94243530c8699e44537a6d85f4e3a1b139c6b905a797a9a601763f8b541,sha256:f193fbaec677e657ce882fa57a5f0bdd0cb134f22e3580d024d95d247b5f9a6a,False,0,False,0,0,0,0,0,0,610,1500,-890,,True,True,0,0,0,0
semantic-variation-v1,case-16,6,"[""movement"",""construction"",""reproduce_at""]",7105,codex_agent_itt,valid,"{""construction"":""until_nonzero"",""movement"":""seek_resource"",""reproduce_at"":20,""require_uncrowded"":true,""schema"":1,""traits"":{""construct"":-1,""role"":""producer"",""taste"":-1}}",3,0.611111111111,1,0.666666666667,0.166666666667,sha256:0de3e94243530c8699e44537a6d85f4e3a1b139c6b905a797a9a601763f8b541,sha256:ba83db4b17d44802efeb0d03e6a93ad3948da8e3cd385dbd994efa850e79f336,False,0,False,0,0,0,0,0,0,610,1500,-890,,True,True,0,0,0,0
semantic-variation-v1,case-16,6,"[""movement"",""construction"",""reproduce_at""]",7106,parent,exact_parent,"{""construction"":""always"",""movement"":""default"",""reproduce_at"":14,""require_uncrowded"":true,""schema"":1,""traits"":{""construct"":-1,""role"":""producer"",""taste"":-1}}",0,0,0,0,0,sha256:7c38697a374c73c1dfd3a1bc30000c94ef176d36672d9fbb1612c8c44797f5ce,sha256:fa660ea4a4ad31acbdd4a82ad4c0e14b72ebb6ed580d5e1303ce4cd3cd3f786f,True,0.156307516876,False,0,0,0,0,0,0,1167,869,298,1,False,True,0,0,0,0
semantic-variation-v1,case-16,6,"[""movement"",""construction"",""reproduce_at""]",7106,typed_macro,valid,"{""construction"":""until_nonzero"",""movement"":""seek_resource"",""reproduce_at"":18,""require_uncrowded"":true,""schema"":1,""traits"":{""construct"":-1,""role"":""producer"",""taste"":-1}}",3,0.583333333333,1,0.666666666667,0.0833333333333,sha256:7c38697a374c73c1dfd3a1bc30000c94ef176d36672d9fbb1612c8c44797f5ce,sha256:b3246c64d554e61dea990829116cc2d3e1e2e158bb9359c361e93f4777117be0,False,0.0160692312115,False,0,0,0,0,0,0,1189,1062,127,8,False,True,0,0,0,0
semantic-variation-v1,case-16,6,"[""movement"",""construction"",""reproduce_at""]",7106,random_same_mask,valid,"{""construction"":""until_nonzero"",""movement"":""seek_resource"",""reproduce_at"":13,""require_uncrowded"":true,""schema"":1,""traits"":{""construct"":-1,""role"":""producer"",""taste"":-1}}",3,0.555555555556,1,0.666666666667,0,sha256:7c38697a374c73c1dfd3a1bc30000c94ef176d36672d9fbb1612c8c44797f5ce,sha256:e0999803b76f7b2622fe8d577e84377523e2e6d3650efb3ab8525027f518767e,True,0.0900367446323,True,0.929643962848,9.93531208376,-9.00566812092,16,204,-188,962,1336,-374,40,False,True,0,0,0,0
semantic-variation-v1,case-16,6,"[""movement"",""construction"",""reproduce_at""]",7106,codex_agent_itt,valid,"{""construction"":""until_nonzero"",""movement"":""seek_resource"",""reproduce_at"":20,""require_uncrowded"":true,""schema"":1,""traits"":{""construct"":-1,""role"":""producer"",""taste"":-1}}",3,0.611111111111,1,0.666666666667,0.166666666667,sha256:7c38697a374c73c1dfd3a1bc30000c94ef176d36672d9fbb1612c8c44797f5ce,sha256:47b5582c5f0057dec95596ab0780ea85bfb8a09e59a8f0f6e6a1461bc593cc11,False,0.0079868524914,False,0,0,0,0,0,0,1617,1823,-206,30,False,True,0,0,0,0
semantic-variation-v1,case-16,6,"[""movement"",""construction"",""reproduce_at""]",7107,parent,exact_parent,"{""construction"":""always"",""movement"":""default"",""reproduce_at"":14,""require_uncrowded"":true,""schema"":1,""traits"":{""construct"":-1,""role"":""producer"",""taste"":-1}}",0,0,0,0,0,sha256:82e05853b640ba41a0ef5bd86c413edd2379b1f62a430d0783d27ce8f27ec096,sha256:0b5de15fa77d08015629fe3ac0a50e0b984c85ff1627229a69e43fe18df08655,True,0.101535721525,False,0,4.96631497099,-4.96631497099,0,159,-159,890,1832,-942,,True,True,0,0,0,0
semantic-variation-v1,case-16,6,"[""movement"",""construction"",""reproduce_at""]",7107,typed_macro,valid,"{""construction"":""until_nonzero"",""movement"":""seek_resource"",""reproduce_at"":18,""require_uncrowded"":true,""schema"":1,""traits"":{""construct"":-1,""role"":""producer"",""taste"":-1}}",3,0.583333333333,1,0.666666666667,0.0833333333333,sha256:82e05853b640ba41a0ef5bd86c413edd2379b1f62a430d0783d27ce8f27ec096,sha256:a1c9dae38c958bf564b3c8a0294e1c27e8ab6c6c4f46dc0896a05a1891580584,False,0,False,0,0,0,0,0,0,1928,2252,-324,24,False,True,0,0,0,0
semantic-variation-v1,case-16,6,"[""movement"",""construction"",""reproduce_at""]",7107,random_same_mask,valid,"{""construction"":""until_nonzero"",""movement"":""seek_resource"",""reproduce_at"":13,""require_uncrowded"":true,""schema"":1,""traits"":{""construct"":-1,""role"":""producer"",""taste"":-1}}",3,0.555555555556,1,0.666666666667,0,sha256:82e05853b640ba41a0ef5bd86c413edd2379b1f62a430d0783d27ce8f27ec096,sha256:27c37cd9b22f9041fd7923bae91eb7651f37701591130f3eb892be1d3e5c09d7,False,0,False,0,0,0,0,0,0,1410,1352,58,1,False,True,0,0,0,0
semantic-variation-v1,case-16,6,"[""movement"",""construction"",""reproduce_at""]",7107,codex_agent_itt,valid,"{""construction"":""until_nonzero"",""movement"":""seek_resource"",""reproduce_at"":20,""require_uncrowded"":true,""schema"":1,""traits"":{""construct"":-1,""role"":""producer"",""taste"":-1}}",3,0.611111111111,1,0.666666666667,0.166666666667,sha256:82e05853b640ba41a0ef5bd86c413edd2379b1f62a430d0783d27ce8f27ec096,sha256:0b92302c9c4b1c52609dde9e8ab4477d7973896bb8781d2a045bd42b0bde6f62,True,0.0517357867653,False,0,0,0,0,0,0,1583,2485,-902,,True,True,0,0,0,0
semantic-variation-v1,case-17,6,"[""movement"",""construction"",""require_uncrowded""]",7100,parent,exact_parent,"{""construction"":""always"",""movement"":""default"",""reproduce_at"":14,""require_uncrowded"":true,""schema"":1,""traits"":{""construct"":-1,""role"":""producer"",""taste"":-1}}",0,0,0,0,0,sha256:e8bff0e4c74a22ccec8ffbd79b1add7bc7ac2b9f75300c1f75b14bc2e7267e6f,sha256:c8ee7f10b7fcefd65abcfab06fb745e29bf1d332d8bc6503af08be7455f2305a,True,0.112698348231,False,0,0,0,0,0,0,1382,1704,-322,36,False,True,0,0,0,0
semantic-variation-v1,case-17,6,"[""movement"",""construction"",""require_uncrowded""]",7100,typed_macro,valid,"{""construction"":""until_nonzero"",""movement"":""seek_resource"",""reproduce_at"":14,""require_uncrowded"":false,""schema"":1,""traits"":{""construct"":-1,""role"":""producer"",""taste"":-1}}",3,0.666666666667,1,0.666666666667,0.333333333333,sha256:e8bff0e4c74a22ccec8ffbd79b1add7bc7ac2b9f75300c1f75b14bc2e7267e6f,sha256:f56ea757a273d6c649b23c810d18a30d2ff95d810626495088293334eba21bb0,False,0,False,0,0,0,0,0,0,2136,2256,-120,10,False,True,0,0,0,0
semantic-variation-v1,case-17,6,"[""movement"",""construction"",""require_uncrowded""]",7100,random_same_mask,valid,"{""construction"":""never"",""movement"":""seek_resource"",""reproduce_at"":14,""require_uncrowded"":false,""schema"":1,""traits"":{""construct"":-1,""role"":""producer"",""taste"":-1}}",3,0.777777777778,1,1,0.333333333333,sha256:e8bff0e4c74a22ccec8ffbd79b1add7bc7ac2b9f75300c1f75b14bc2e7267e6f,sha256:39d449a7d7e6413552ac5fa7ce521fe3519dc7e096e6880f1d1fa292b482443f,True,0.167994046158,True,6.68114952257,15.9850235066,-9.30387398407,204,696,-492,1854,2535,-681,37,False,True,0,0,0,0
semantic-variation-v1,case-17,6,"[""movement"",""construction"",""require_uncrowded""]",7100,codex_agent_itt,valid,"{""construction"":""until_nonzero"",""movement"":""seek_resource"",""reproduce_at"":14,""require_uncrowded"":false,""schema"":1,""traits"":{""construct"":-1,""role"":""producer"",""taste"":-1}}",3,0.666666666667,1,0.666666666667,0.333333333333,sha256:e8bff0e4c74a22ccec8ffbd79b1add7bc7ac2b9f75300c1f75b14bc2e7267e6f,sha256:f56ea757a273d6c649b23c810d18a30d2ff95d810626495088293334eba21bb0,False,0,False,0,0,0,0,0,0,2136,2256,-120,10,False,True,0,0,0,0
semantic-variation-v1,case-17,6,"[""movement"",""construction"",""require_uncrowded""]",7101,parent,exact_parent,"{""construction"":""always"",""movement"":""default"",""reproduce_at"":14,""require_uncrowded"":true,""schema"":1,""traits"":{""construct"":-1,""role"":""producer"",""taste"":-1}}",0,0,0,0,0,sha256:c8be15f73aff0fa2bcd29b2469cc25f09d83a06ddb9aeda7e778dcbfd197b782,sha256:d3de5ca0a9ec9a5d88a6c9a504173736a0141b2fc844c30bb05b617e5cd3c440,False,0,False,0,0,0,0,0,0,2363,2394,-31,7,False,True,0,0,0,0
semantic-variation-v1,case-17,6,"[""movement"",""construction"",""require_uncrowded""]",7101,typed_macro,valid,"{""construction"":""until_nonzero"",""movement"":""seek_resource"",""reproduce_at"":14,""require_uncrowded"":false,""schema"":1,""traits"":{""construct"":-1,""role"":""producer"",""taste"":-1}}",3,0.666666666667,1,0.666666666667,0.333333333333,sha256:c8be15f73aff0fa2bcd29b2469cc25f09d83a06ddb9aeda7e778dcbfd197b782,sha256:52c058b48eeb739126ccb1df869f05dba344f5b0d3b80b73da7a2272d9a329da,True,0.256306482376,True,9.57508693013,19.2637837007,-9.68869677054,232,772,-540,1368,2372,-1004,,True,True,0,0,0,0
semantic-variation-v1,case-17,6,"[""movement"",""construction"",""require_uncrowded""]",7101,random_same_mask,valid,"{""construction"":""never"",""movement"":""seek_resource"",""reproduce_at"":14,""require_uncrowded"":false,""schema"":1,""traits"":{""construct"":-1,""role"":""producer"",""taste"":-1}}",3,0.777777777778,1,1,0.333333333333,sha256:c8be15f73aff0fa2bcd29b2469cc25f09d83a06ddb9aeda7e778dcbfd197b782,sha256:a33cc4fecae798e434d9165b83ab174069963a24f415bdd8bc48c6eac3e1ba38,True,0.0474351108175,True,3.40540698463,6.62686165396,-3.22145466933,126,213,-87,2234,1969,265,27,False,True,0,0,0,0
semantic-variation-v1,case-17,6,"[""movement"",""construction"",""require_uncrowded""]",7101,codex_agent_itt,valid,"{""construction"":""until_nonzero"",""movement"":""seek_resource"",""reproduce_at"":14,""require_uncrowded"":false,""schema"":1,""traits"":{""construct"":-1,""role"":""producer"",""taste"":-1}}",3,0.666666666667,1,0.666666666667,0.333333333333,sha256:c8be15f73aff0fa2bcd29b2469cc25f09d83a06ddb9aeda7e778dcbfd197b782,sha256:52c058b48eeb739126ccb1df869f05dba344f5b0d3b80b73da7a2272d9a329da,True,0.256306482376,True,9.57508693013,19.2637837007,-9.68869677054,232,772,-540,1368,2372,-1004,,True,True,0,0,0,0
semantic-variation-v1,case-17,6,"[""movement"",""construction"",""require_uncrowded""]",7102,parent,exact_parent,"{""construction"":""always"",""movement"":""default"",""reproduce_at"":14,""require_uncrowded"":true,""schema"":1,""traits"":{""construct"":-1,""role"":""producer"",""taste"":-1}}",0,0,0,0,0,sha256:4a0c2036a0b774d9a76313acad1cdc63869a11a581cfebc9f643294b46ce6be9,sha256:3a755cab489a76663d469155245b25acb95353579225f4d3524fc8ad15b14469,False,0,False,0,0,0,0,0,0,232,187,45,2,False,True,0,0,0,0
semantic-variation-v1,case-17,6,"[""movement"",""construction"",""require_uncrowded""]",7102,typed_macro,valid,"{""construction"":""until_nonzero"",""movement"":""seek_resource"",""reproduce_at"":14,""require_uncrowded"":false,""schema"":1,""traits"":{""construct"":-1,""role"":""producer"",""taste"":-1}}",3,0.666666666667,1,0.666666666667,0.333333333333,sha256:4a0c2036a0b774d9a76313acad1cdc63869a11a581cfebc9f643294b46ce6be9,sha256:8d32e47d49b16db04a2a924df4adca3d5b73f08e51e01e02f2447c485c4a09a1,True,0.107365805921,True,0.270939205722,9.37482304822,-9.1038838425,6,443,-437,1310,2841,-1531,,True,True,0,0,0,0
semantic-variation-v1,case-17,6,"[""movement"",""construction"",""require_uncrowded""]",7102,random_same_mask,valid,"{""construction"":""never"",""movement"":""seek_resource"",""reproduce_at"":14,""require_uncrowded"":false,""schema"":1,""traits"":{""construct"":-1,""role"":""producer"",""taste"":-1}}",3,0.777777777778,1,1,0.333333333333,sha256:4a0c2036a0b774d9a76313acad1cdc63869a11a581cfebc9f643294b46ce6be9,sha256:c858d5a5dfbbd30dbe00703568536338f925f98e15f0eb1ad1dac7cbd57f7d1b,False,0,False,0,0,0,0,0,0,457,883,-426,5,False,True,0,0,0,0
semantic-variation-v1,case-17,6,"[""movement"",""construction"",""require_uncrowded""]",7102,codex_agent_itt,valid,"{""construction"":""until_nonzero"",""movement"":""seek_resource"",""reproduce_at"":14,""require_uncrowded"":false,""schema"":1,""traits"":{""construct"":-1,""role"":""producer"",""taste"":-1}}",3,0.666666666667,1,0.666666666667,0.333333333333,sha256:4a0c2036a0b774d9a76313acad1cdc63869a11a581cfebc9f643294b46ce6be9,sha256:8d32e47d49b16db04a2a924df4adca3d5b73f08e51e01e02f2447c485c4a09a1,True,0.107365805921,True,0.270939205722,9.37482304822,-9.1038838425,6,443,-437,1310,2841,-1531,,True,True,0,0,0,0
semantic-variation-v1,case-17,6,"[""movement"",""construction"",""require_uncrowded""]",7103,parent,exact_parent,"{""construction"":""always"",""movement"":""default"",""reproduce_at"":14,""require_uncrowded"":true,""schema"":1,""traits"":{""construct"":-1,""role"":""producer"",""taste"":-1}}",0,0,0,0,0,sha256:2a2e035fd8ff68b1a8c03537ac21e113ac00d11d77a96ab524ddaad15637c961,sha256:7261a600bfb3b9bc51ef760130a4c8debbc347f506218ee5e717874b372a7da4,False,0,False,0,0,0,0,0,0,1356,1903,-547,12,False,True,0,0,0,0
semantic-variation-v1,case-17,6,"[""movement"",""construction"",""require_uncrowded""]",7103,typed_macro,valid,"{""construction"":""until_nonzero"",""movement"":""seek_resource"",""reproduce_at"":14,""require_uncrowded"":false,""schema"":1,""traits"":{""construct"":-1,""role"":""producer"",""taste"":-1}}",3,0.666666666667,1,0.666666666667,0.333333333333,sha256:2a2e035fd8ff68b1a8c03537ac21e113ac00d11d77a96ab524ddaad15637c961,sha256:d452baf3b5ee837aa57e4883534f876a932533f9cbef7b27d509e9466a068ee6,True,0.0903775096723,True,8.76195878066,6.29813217883,2.46382660182,323,279,44,2295,2788,-493,30,False,True,0,0,0,0
semantic-variation-v1,case-17,6,"[""movement"",""construction"",""require_uncrowded""]",7103,random_same_mask,valid,"{""construction"":""never"",""movement"":""seek_resource"",""reproduce_at"":14,""require_uncrowded"":false,""schema"":1,""traits"":{""construct"":-1,""role"":""producer"",""taste"":-1}}",3,0.777777777778,1,1,0.333333333333,sha256:2a2e035fd8ff68b1a8c03537ac21e113ac00d11d77a96ab524ddaad15637c961,sha256:8486c7f4df57bb1a3d864870b59be43d215591d750e3d321ec208d917874e053,False,0,False,0,0,0,0,0,0,3554,3889,-335,27,False,True,0,0,0,0
semantic-variation-v1,case-17,6,"[""movement"",""construction"",""require_uncrowded""]",7103,codex_agent_itt,valid,"{""construction"":""until_nonzero"",""movement"":""seek_resource"",""reproduce_at"":14,""require_uncrowded"":false,""schema"":1,""traits"":{""construct"":-1,""role"":""producer"",""taste"":-1}}",3,0.666666666667,1,0.666666666667,0.333333333333,sha256:2a2e035fd8ff68b1a8c03537ac21e113ac00d11d77a96ab524ddaad15637c961,sha256:d452baf3b5ee837aa57e4883534f876a932533f9cbef7b27d509e9466a068ee6,True,0.0903775096723,True,8.76195878066,6.29813217883,2.46382660182,323,279,44,2295,2788,-493,30,False,True,0,0,0,0
semantic-variation-v1,case-17,6,"[""movement"",""construction"",""require_uncrowded""]",7104,parent,exact_parent,"{""construction"":""always"",""movement"":""default"",""reproduce_at"":14,""require_uncrowded"":true,""schema"":1,""traits"":{""construct"":-1,""role"":""producer"",""taste"":-1}}",0,0,0,0,0,sha256:68c05ab61f461132a9462697750238e243588b9ce96a23b739870db3e20fdf8b,sha256:cdd4c85f77b07fb93bedb3d439f5ef4fc9c02eec3dd29d0d6cd8c6870d0062b7,False,0,False,0,0,0,0,0,0,1765,1845,-80,7,False,True,0,0,0,0
semantic-variation-v1,case-17,6,"[""movement"",""construction"",""require_uncrowded""]",7104,typed_macro,valid,"{""construction"":""until_nonzero"",""movement"":""seek_resource"",""reproduce_at"":14,""require_uncrowded"":false,""schema"":1,""traits"":{""construct"":-1,""role"":""producer"",""taste"":-1}}",3,0.666666666667,1,0.666666666667,0.333333333333,sha256:68c05ab61f461132a9462697750238e243588b9ce96a23b739870db3e20fdf8b,sha256:fd165a14b916176b6bd8a65f33f513b5c8ad4c122354d6760b97ef7b742ed259,False,0,False,0,0,0,0,0,0,1418,1893,-475,31,False,True,0,0,0,0
semantic-variation-v1,case-17,6,"[""movement"",""construction"",""require_uncrowded""]",7104,random_same_mask,valid,"{""construction"":""never"",""movement"":""seek_resource"",""reproduce_at"":14,""require_uncrowded"":false,""schema"":1,""traits"":{""construct"":-1,""role"":""producer"",""taste"":-1}}",3,0.777777777778,1,1,0.333333333333,sha256:68c05ab61f461132a9462697750238e243588b9ce96a23b739870db3e20fdf8b,sha256:e65bc67d0f1ec9c35b65fb3bcdf373a035c0f933d15f23f788d1c4759665afad,False,0,False,0,0,0,0,0,0,1754,1858,-104,6,False,True,0,0,0,0
semantic-variation-v1,case-17,6,"[""movement"",""construction"",""require_uncrowded""]",7104,codex_agent_itt,valid,"{""construction"":""until_nonzero"",""movement"":""seek_resource"",""reproduce_at"":14,""require_uncrowded"":false,""schema"":1,""traits"":{""construct"":-1,""role"":""producer"",""taste"":-1}}",3,0.666666666667,1,0.666666666667,0.333333333333,sha256:68c05ab61f461132a9462697750238e243588b9ce96a23b739870db3e20fdf8b,sha256:fd165a14b916176b6bd8a65f33f513b5c8ad4c122354d6760b97ef7b742ed259,False,0,False,0,0,0,0,0,0,1418,1893,-475,31,False,True,0,0,0,0
semantic-variation-v1,case-17,6,"[""movement"",""construction"",""require_uncrowded""]",7105,parent,exact_parent,"{""construction"":""always"",""movement"":""default"",""reproduce_at"":14,""require_uncrowded"":true,""schema"":1,""traits"":{""construct"":-1,""role"":""producer"",""taste"":-1}}",0,0,0,0,0,sha256:0de3e94243530c8699e44537a6d85f4e3a1b139c6b905a797a9a601763f8b541,sha256:0b2cefe7f85f6c09e4e09df954083bcf064245f0ee005983e63f802f1d42c38f,False,0,False,0,0,0,0,0,0,1301,1793,-492,,True,True,0,0,0,0
semantic-variation-v1,case-17,6,"[""movement"",""construction"",""require_uncrowded""]",7105,typed_macro,valid,"{""construction"":""until_nonzero"",""movement"":""seek_resource"",""reproduce_at"":14,""require_uncrowded"":false,""schema"":1,""traits"":{""construct"":-1,""role"":""producer"",""taste"":-1}}",3,0.666666666667,1,0.666666666667,0.333333333333,sha256:0de3e94243530c8699e44537a6d85f4e3a1b139c6b905a797a9a601763f8b541,sha256:9766a6a16a8c6fdf6aa0ea6ad8ed809114dda7cf037af85e6473dda5ed4f9e5d,False,0,False,0,0,0,0,0,0,610,1500,-890,,True,True,0,0,0,0
semantic-variation-v1,case-17,6,"[""movement"",""construction"",""require_uncrowded""]",7105,random_same_mask,valid,"{""construction"":""never"",""movement"":""seek_resource"",""reproduce_at"":14,""require_uncrowded"":false,""schema"":1,""traits"":{""construct"":-1,""role"":""producer"",""taste"":-1}}",3,0.777777777778,1,1,0.333333333333,sha256:0de3e94243530c8699e44537a6d85f4e3a1b139c6b905a797a9a601763f8b541,sha256:7fef8f7243a286854e7cb4c3da830bb9be22f8043a6cdb2f97352e8f73dd88d5,False,0,False,0,0,0,0,0,0,590,280,310,7,False,True,0,0,0,0
semantic-variation-v1,case-17,6,"[""movement"",""construction"",""require_uncrowded""]",7105,codex_agent_itt,valid,"{""construction"":""until_nonzero"",""movement"":""seek_resource"",""reproduce_at"":14,""require_uncrowded"":false,""schema"":1,""traits"":{""construct"":-1,""role"":""producer"",""taste"":-1}}",3,0.666666666667,1,0.666666666667,0.333333333333,sha256:0de3e94243530c8699e44537a6d85f4e3a1b139c6b905a797a9a601763f8b541,sha256:9766a6a16a8c6fdf6aa0ea6ad8ed809114dda7cf037af85e6473dda5ed4f9e5d,False,0,False,0,0,0,0,0,0,610,1500,-890,,True,True,0,0,0,0
semantic-variation-v1,case-17,6,"[""movement"",""construction"",""require_uncrowded""]",7106,parent,exact_parent,"{""construction"":""always"",""movement"":""default"",""reproduce_at"":14,""require_uncrowded"":true,""schema"":1,""traits"":{""construct"":-1,""role"":""producer"",""taste"":-1}}",0,0,0,0,0,sha256:7c38697a374c73c1dfd3a1bc30000c94ef176d36672d9fbb1612c8c44797f5ce,sha256:c2851819a8e87e1640ad89e7515ea1dd150ded12ccb19b7014dfbd3934c2ae5f,True,0.156307516876,False,0,0,0,0,0,0,1167,869,298,1,False,True,0,0,0,0
semantic-variation-v1,case-17,6,"[""movement"",""construction"",""require_uncrowded""]",7106,typed_macro,valid,"{""construction"":""until_nonzero"",""movement"":""seek_resource"",""reproduce_at"":14,""require_uncrowded"":false,""schema"":1,""traits"":{""construct"":-1,""role"":""producer"",""taste"":-1}}",3,0.666666666667,1,0.666666666667,0.333333333333,sha256:7c38697a374c73c1dfd3a1bc30000c94ef176d36672d9fbb1612c8c44797f5ce,sha256:45b5ea43393b5102409e19add1adf95e68318bb8ea8c23ede92974984cf31051,True,0.0788972126275,True,11.0707525318,4.29488774183,6.77586478995,181,102,79,996,1407,-411,48,False,True,0,0,0,0
semantic-variation-v1,case-17,6,"[""movement"",""construction"",""require_uncrowded""]",7106,random_same_mask,valid,"{""construction"":""never"",""movement"":""seek_resource"",""reproduce_at"":14,""require_uncrowded"":false,""schema"":1,""traits"":{""construct"":-1,""role"":""producer"",""taste"":-1}}",3,0.777777777778,1,1,0.333333333333,sha256:7c38697a374c73c1dfd3a1bc30000c94ef176d36672d9fbb1612c8c44797f5ce,sha256:c2495c233aaf67a37017e3e94365cfe4fa80f24a7bf4d2b466b1a21142b48a1c,True,0.259195093228,True,6.02512903763,22.570249993,-16.5451209554,78,513,-435,600,1355,-755,,True,True,0,0,0,0
semantic-variation-v1,case-17,6,"[""movement"",""construction"",""require_uncrowded""]",7106,codex_agent_itt,valid,"{""construction"":""until_nonzero"",""movement"":""seek_resource"",""reproduce_at"":14,""require_uncrowded"":false,""schema"":1,""traits"":{""construct"":-1,""role"":""producer"",""taste"":-1}}",3,0.666666666667,1,0.666666666667,0.333333333333,sha256:7c38697a374c73c1dfd3a1bc30000c94ef176d36672d9fbb1612c8c44797f5ce,sha256:45b5ea43393b5102409e19add1adf95e68318bb8ea8c23ede92974984cf31051,True,0.0788972126275,True,11.0707525318,4.29488774183,6.77586478995,181,102,79,996,1407,-411,48,False,True,0,0,0,0
semantic-variation-v1,case-17,6,"[""movement"",""construction"",""require_uncrowded""]",7107,parent,exact_parent,"{""construction"":""always"",""movement"":""default"",""reproduce_at"":14,""require_uncrowded"":true,""schema"":1,""traits"":{""construct"":-1,""role"":""producer"",""taste"":-1}}",0,0,0,0,0,sha256:82e05853b640ba41a0ef5bd86c413edd2379b1f62a430d0783d27ce8f27ec096,sha256:f7eb645cbde8db7640f8c986b711d71020697dd014eb5b59b38f9f9375580d75,True,0.101535721525,False,0,4.96631497099,-4.96631497099,0,159,-159,890,1832,-942,,True,True,0,0,0,0
semantic-variation-v1,case-17,6,"[""movement"",""construction"",""require_uncrowded""]",7107,typed_macro,valid,"{""construction"":""until_nonzero"",""movement"":""seek_resource"",""reproduce_at"":14,""require_uncrowded"":false,""schema"":1,""traits"":{""construct"":-1,""role"":""producer"",""taste"":-1}}",3,0.666666666667,1,0.666666666667,0.333333333333,sha256:82e05853b640ba41a0ef5bd86c413edd2379b1f62a430d0783d27ce8f27ec096,sha256:64867d2c9d6ed9a062bea47fdea370576feda85fd1558e82bcd6d72feaa7b850,True,0.232267218225,True,26.9016759527,12.0547880041,14.8468879486,552,323,229,1255,1601,-346,17,False,True,0,0,0,0
semantic-variation-v1,case-17,6,"[""movement"",""construction"",""require_uncrowded""]",7107,random_same_mask,valid,"{""construction"":""never"",""movement"":""seek_resource"",""reproduce_at"":14,""require_uncrowded"":false,""schema"":1,""traits"":{""construct"":-1,""role"":""producer"",""taste"":-1}}",3,0.777777777778,1,1,0.333333333333,sha256:82e05853b640ba41a0ef5bd86c413edd2379b1f62a430d0783d27ce8f27ec096,sha256:c7509f6a4704977292e011f022b86a17305b04ee273ae597a5cf58eb2c395bcb,True,0.186634430165,True,14.8305549122,14.6028948768,0.227660035348,425,503,-78,1696,2094,-398,14,False,True,0,0,0,0
semantic-variation-v1,case-17,6,"[""movement"",""construction"",""require_uncrowded""]",7107,codex_agent_itt,valid,"{""construction"":""until_nonzero"",""movement"":""seek_resource"",""reproduce_at"":14,""require_uncrowded"":false,""schema"":1,""traits"":{""construct"":-1,""role"":""producer"",""taste"":-1}}",3,0.666666666667,1,0.666666666667,0.333333333333,sha256:82e05853b640ba41a0ef5bd86c413edd2379b1f62a430d0783d27ce8f27ec096,sha256:64867d2c9d6ed9a062bea47fdea370576feda85fd1558e82bcd6d72feaa7b850,True,0.232267218225,True,26.9016759527,12.0547880041,14.8468879486,552,323,229,1255,1601,-346,17,False,True,0,0,0,0
semantic-variation-v1,case-18,6,"[""movement"",""reproduce_at"",""require_uncrowded""]",7100,parent,exact_parent,"{""construction"":""always"",""movement"":""default"",""reproduce_at"":14,""require_uncrowded"":true,""schema"":1,""traits"":{""construct"":-1,""role"":""producer"",""taste"":-1}}",0,0,0,0,0,sha256:e8bff0e4c74a22ccec8ffbd79b1add7bc7ac2b9f75300c1f75b14bc2e7267e6f,sha256:c67416d78ace3a4a75c52142890bda54e0a980b44abb3cb023058febc250a6d4,True,0.112698348231,False,0,0,0,0,0,0,1382,1704,-322,36,False,True,0,0,0,0
semantic-variation-v1,case-18,6,"[""movement"",""reproduce_at"",""require_uncrowded""]",7100,typed_macro,valid,"{""construction"":""always"",""movement"":""seek_resource"",""reproduce_at"":18,""require_uncrowded"":false,""schema"":1,""traits"":{""construct"":-1,""role"":""producer"",""taste"":-1}}",3,0.444444444444,1,0,0.333333333333,sha256:e8bff0e4c74a22ccec8ffbd79b1add7bc7ac2b9f75300c1f75b14bc2e7267e6f,sha256:3d8a60a7a92a9d6c423ec3facf6395ecabb1ed7b6669187250cf4e9095eac408,True,0.071144080038,False,0,0,0,0,0,0,953,2221,-1268,,True,True,0,0,0,0
semantic-variation-v1,case-18,6,"[""movement"",""reproduce_at"",""require_uncrowded""]",7100,random_same_mask,valid,"{""construction"":""always"",""movement"":""seek_resource"",""reproduce_at"":19,""require_uncrowded"":false,""schema"":1,""traits"":{""construct"":-1,""role"":""producer"",""taste"":-1}}",3,0.444444444444,1,0,0.333333333333,sha256:e8bff0e4c74a22ccec8ffbd79b1add7bc7ac2b9f75300c1f75b14bc2e7267e6f,sha256:7b850bbf64f8fce9868a13d6654ee66e3396da339e09b940e318b6691de7f0e6,True,0.239342243694,True,7.36768481545,9.55256126997,-2.18487645452,135,337,-202,1119,2116,-997,,True,True,0,0,0,0
semantic-variation-v1,case-18,6,"[""movement"",""reproduce_at"",""require_uncrowded""]",7100,codex_agent_itt,valid,"{""construction"":""always"",""movement"":""seek_resource"",""reproduce_at"":20,""require_uncrowded"":false,""schema"":1,""traits"":{""construct"":-1,""role"":""producer"",""taste"":-1}}",3,0.444444444444,1,0,0.333333333333,sha256:e8bff0e4c74a22ccec8ffbd79b1add7bc7ac2b9f75300c1f75b14bc2e7267e6f,sha256:c3ca2ffaba8b67060407d6ea3f9fb21a45b045011fc04d0f0e531c161315e041,True,0.157461643748,True,25.3518399901,0,25.3518399901,316,0,316,752,1772,-1020,,True,True,0,0,0,0
semantic-variation-v1,case-18,6,"[""movement"",""reproduce_at"",""require_uncrowded""]",7101,parent,exact_parent,"{""construction"":""always"",""movement"":""default"",""reproduce_at"":14,""require_uncrowded"":true,""schema"":1,""traits"":{""construct"":-1,""role"":""producer"",""taste"":-1}}",0,0,0,0,0,sha256:c8be15f73aff0fa2bcd29b2469cc25f09d83a06ddb9aeda7e778dcbfd197b782,sha256:79122ce99f7752f4203e20fa4baac6cfc6290ce686d4d6c35067bfa71146b7af,False,0,False,0,0,0,0,0,0,2363,2394,-31,7,False,True,0,0,0,0
semantic-variation-v1,case-18,6,"[""movement"",""reproduce_at"",""require_uncrowded""]",7101,typed_macro,valid,"{""construction"":""always"",""movement"":""seek_resource"",""reproduce_at"":18,""require_uncrowded"":false,""schema"":1,""traits"":{""construct"":-1,""role"":""producer"",""taste"":-1}}",3,0.444444444444,1,0,0.333333333333,sha256:c8be15f73aff0fa2bcd29b2469cc25f09d83a06ddb9aeda7e778dcbfd197b782,sha256:248d3a3a4f94bedf44ca8e418be60dc749e3434c102a70940c8c2549f4364a4a,False,0,False,0,0,0,0,0,0,1192,2191,-999,,True,True,0,0,0,0
semantic-variation-v1,case-18,6,"[""movement"",""reproduce_at"",""require_uncrowded""]",7101,random_same_mask,valid,"{""construction"":""always"",""movement"":""seek_resource"",""reproduce_at"":19,""require_uncrowded"":false,""schema"":1,""traits"":{""construct"":-1,""role"":""producer"",""taste"":-1}}",3,0.444444444444,1,0,0.333333333333,sha256:c8be15f73aff0fa2bcd29b2469cc25f09d83a06ddb9aeda7e778dcbfd197b782,sha256:de674402b5df0d8a9e85b68e3342529ec64228ec17f3bfa19744eb992d885bdc,False,0,False,0,0,0,0,0,0,1192,2191,-999,,True,True,0,0,0,0
semantic-variation-v1,case-18,6,"[""movement"",""reproduce_at"",""require_uncrowded""]",7101,codex_agent_itt,valid,"{""construction"":""always"",""movement"":""seek_resource"",""reproduce_at"":20,""require_uncrowded"":false,""schema"":1,""traits"":{""construct"":-1,""role"":""producer"",""taste"":-1}}",3,0.444444444444,1,0,0.333333333333,sha256:c8be15f73aff0fa2bcd29b2469cc25f09d83a06ddb9aeda7e778dcbfd197b782,sha256:982cc835d5043448443e369cc81df45ea1bff485449af59b96064e1a987262c8,False,0,False,0,0,0,0,0,0,1192,2191,-999,,True,True,0,0,0,0
semantic-variation-v1,case-18,6,"[""movement"",""reproduce_at"",""require_uncrowded""]",7102,parent,exact_parent,"{""construction"":""always"",""movement"":""default"",""reproduce_at"":14,""require_uncrowded"":true,""schema"":1,""traits"":{""construct"":-1,""role"":""producer"",""taste"":-1}}",0,0,0,0,0,sha256:4a0c2036a0b774d9a76313acad1cdc63869a11a581cfebc9f643294b46ce6be9,sha256:53fec7a8ea97045fb4a1af9e19ed2c8cf1773e8ceff9b5501ffb03435a6a597d,False,0,False,0,0,0,0,0,0,232,187,45,2,False,True,0,0,0,0
semantic-variation-v1,case-18,6,"[""movement"",""reproduce_at"",""require_uncrowded""]",7102,typed_macro,valid,"{""construction"":""always"",""movement"":""seek_resource"",""reproduce_at"":18,""require_uncrowded"":false,""schema"":1,""traits"":{""construct"":-1,""role"":""producer"",""taste"":-1}}",3,0.444444444444,1,0,0.333333333333,sha256:4a0c2036a0b774d9a76313acad1cdc63869a11a581cfebc9f643294b46ce6be9,sha256:617f30deedc1c0430aa0e292c4104e4336925dd777a84f23b547886e8d723f6a,True,0.10745619294,True,9.97660890014,6.42888910077,3.54771979937,288,263,25,1735,2458,-723,,True,True,0,0,0,0
semantic-variation-v1,case-18,6,"[""movement"",""reproduce_at"",""require_uncrowded""]",7102,random_same_mask,valid,"{""construction"":""always"",""movement"":""seek_resource"",""reproduce_at"":19,""require_uncrowded"":false,""schema"":1,""traits"":{""construct"":-1,""role"":""producer"",""taste"":-1}}",3,0.444444444444,1,0,0.333333333333,sha256:4a0c2036a0b774d9a76313acad1cdc63869a11a581cfebc9f643294b46ce6be9,sha256:14dcf8e486a8eec41ec42b5270d2960c115b5106cf1c869176b9fcb507ba4f83,True,0.0387441824762,True,0.0851449275362,0,0.0851449275362,2,0,2,1429,1474,-45,1,False,True,0,0,0,0
semantic-variation-v1,case-18,6,"[""movement"",""reproduce_at"",""require_uncrowded""]",7102,codex_agent_itt,valid,"{""construction"":""always"",""movement"":""seek_resource"",""reproduce_at"":20,""require_uncrowded"":false,""schema"":1,""traits"":{""construct"":-1,""role"":""producer"",""taste"":-1}}",3,0.444444444444,1,0,0.333333333333,sha256:4a0c2036a0b774d9a76313acad1cdc63869a11a581cfebc9f643294b46ce6be9,sha256:6159187a67ad3f255fbcb7333442f6151a9c7a0be8da8c38c55857019b7932bc,True,0.0733963605453,True,0.313131313131,15.1076168929,-14.7944855798,3,221,-218,728,886,-158,41,False,True,0,0,0,0
semantic-variation-v1,case-18,6,"[""movement"",""reproduce_at"",""require_uncrowded""]",7103,parent,exact_parent,"{""construction"":""always"",""movement"":""default"",""reproduce_at"":14,""require_uncrowded"":true,""schema"":1,""traits"":{""construct"":-1,""role"":""producer"",""taste"":-1}}",0,0,0,0,0,sha256:2a2e035fd8ff68b1a8c03537ac21e113ac00d11d77a96ab524ddaad15637c961,sha256:26f46ba6c689b7d6b04f7c49bc836fcd1135b7a209da26af95070786351506e7,False,0,False,0,0,0,0,0,0,1356,1903,-547,12,False,True,0,0,0,0
semantic-variation-v1,case-18,6,"[""movement"",""reproduce_at"",""require_uncrowded""]",7103,typed_macro,valid,"{""construction"":""always"",""movement"":""seek_resource"",""reproduce_at"":18,""require_uncrowded"":false,""schema"":1,""traits"":{""construct"":-1,""role"":""producer"",""taste"":-1}}",3,0.444444444444,1,0,0.333333333333,sha256:2a2e035fd8ff68b1a8c03537ac21e113ac00d11d77a96ab524ddaad15637c961,sha256:73637ff397b0bc66e30d8e6b0a176084a79bb4d57f7caa7bfad31ba58dcd9b07,True,0.0951720362362,False,0,0,0,0,0,0,2008,1957,51,18,False,True,0,0,0,0
semantic-variation-v1,case-18,6,"[""movement"",""reproduce_at"",""require_uncrowded""]",7103,random_same_mask,valid,"{""construction"":""always"",""movement"":""seek_resource"",""reproduce_at"":19,""require_uncrowded"":false,""schema"":1,""traits"":{""construct"":-1,""role"":""producer"",""taste"":-1}}",3,0.444444444444,1,0,0.333333333333,sha256:2a2e035fd8ff68b1a8c03537ac21e113ac00d11d77a96ab524ddaad15637c961,sha256:d71fe41a5d0eecdcee2f641365947d394bcc7cef542b170cd3a5f32f9d3e4124,True,0.0713836566998,True,2.24099621777,7.31934760569,-5.07835138792,66,358,-292,2147,2858,-711,53,False,True,0,0,0,0
semantic-variation-v1,case-18,6,"[""movement"",""reproduce_at"",""require_uncrowded""]",7103,codex_agent_itt,valid,"{""construction"":""always"",""movement"":""seek_resource"",""reproduce_at"":20,""require_uncrowded"":false,""schema"":1,""traits"":{""construct"":-1,""role"":""producer"",""taste"":-1}}",3,0.444444444444,1,0,0.333333333333,sha256:2a2e035fd8ff68b1a8c03537ac21e113ac00d11d77a96ab524ddaad15637c961,sha256:0feecaea69074e924808b90fb8313f24e81154cc29d13c24bdab8d6927086a99,False,0,False,0,0,0,0,0,0,3005,3105,-100,20,False,True,0,0,0,0
semantic-variation-v1,case-18,6,"[""movement"",""reproduce_at"",""require_uncrowded""]",7104,parent,exact_parent,"{""construction"":""always"",""movement"":""default"",""reproduce_at"":14,""require_uncrowded"":true,""schema"":1,""traits"":{""construct"":-1,""role"":""producer"",""taste"":-1}}",0,0,0,0,0,sha256:68c05ab61f461132a9462697750238e243588b9ce96a23b739870db3e20fdf8b,sha256:fa6781de3e124d0c70d3e55cc312eebbfd1ccb1181aacf166ccc97a0e25fc1e2,False,0,False,0,0,0,0,0,0,1765,1845,-80,7,False,True,0,0,0,0
semantic-variation-v1,case-18,6,"[""movement"",""reproduce_at"",""require_uncrowded""]",7104,typed_macro,valid,"{""construction"":""always"",""movement"":""seek_resource"",""reproduce_at"":18,""require_uncrowded"":false,""schema"":1,""traits"":{""construct"":-1,""role"":""producer"",""taste"":-1}}",3,0.444444444444,1,0,0.333333333333,sha256:68c05ab61f461132a9462697750238e243588b9ce96a23b739870db3e20fdf8b,sha256:c43c28ff337dfddc7236c1ab5b32e67cfa005083da233380aac64f1529e42386,True,0.0402570154491,True,1.06095645507,0.0481310803891,1.01282537468,34,3,31,1731,3418,-1687,,True,True,0,0,0,0
semantic-variation-v1,case-18,6,"[""movement"",""reproduce_at"",""require_uncrowded""]",7104,random_same_mask,valid,"{""construction"":""always"",""movement"":""seek_resource"",""reproduce_at"":19,""require_uncrowded"":false,""schema"":1,""traits"":{""construct"":-1,""role"":""producer"",""taste"":-1}}",3,0.444444444444,1,0,0.333333333333,sha256:68c05ab61f461132a9462697750238e243588b9ce96a23b739870db3e20fdf8b,sha256:af5edcff96acfa940f48203bf7bbf630253da425b4be43ac0e98f39cfa365680,True,0.0564120558842,True,1.95246034938,2.58704192239,-0.634581573009,65,78,-13,1983,1953,30,1,False,True,0,0,0,0
semantic-variation-v1,case-18,6,"[""movement"",""reproduce_at"",""require_uncrowded""]",7104,codex_agent_itt,valid,"{""construction"":""always"",""movement"":""seek_resource"",""reproduce_at"":20,""require_uncrowded"":false,""schema"":1,""traits"":{""construct"":-1,""role"":""producer"",""taste"":-1}}",3,0.444444444444,1,0,0.333333333333,sha256:68c05ab61f461132a9462697750238e243588b9ce96a23b739870db3e20fdf8b,sha256:e9c36b1de0f9bfc965f70859bc715980ab0b722b99c77cf03fdbaafbc85926c2,False,0,False,0,0,0,0,0,0,2235,2485,-250,3,False,True,0,0,0,0
semantic-variation-v1,case-18,6,"[""movement"",""reproduce_at"",""require_uncrowded""]",7105,parent,exact_parent,"{""construction"":""always"",""movement"":""default"",""reproduce_at"":14,""require_uncrowded"":true,""schema"":1,""traits"":{""construct"":-1,""role"":""producer"",""taste"":-1}}",0,0,0,0,0,sha256:0de3e94243530c8699e44537a6d85f4e3a1b139c6b905a797a9a601763f8b541,sha256:5d4c87315f4956bd832f3a94b414f957c0fc03814db4609a69b9f0e6f280414a,False,0,False,0,0,0,0,0,0,1301,1793,-492,,True,True,0,0,0,0
semantic-variation-v1,case-18,6,"[""movement"",""reproduce_at"",""require_uncrowded""]",7105,typed_macro,valid,"{""construction"":""always"",""movement"":""seek_resource"",""reproduce_at"":18,""require_uncrowded"":false,""schema"":1,""traits"":{""construct"":-1,""role"":""producer"",""taste"":-1}}",3,0.444444444444,1,0,0.333333333333,sha256:0de3e94243530c8699e44537a6d85f4e3a1b139c6b905a797a9a601763f8b541,sha256:5fffca06a62de57f5b6a315c027d31b91d138737e0f866433eedf5ec3792ce62,False,0,False,0,0,0,0,0,0,1301,1793,-492,,True,True,0,0,0,0
semantic-variation-v1,case-18,6,"[""movement"",""reproduce_at"",""require_uncrowded""]",7105,random_same_mask,valid,"{""construction"":""always"",""movement"":""seek_resource"",""reproduce_at"":19,""require_uncrowded"":false,""schema"":1,""traits"":{""construct"":-1,""role"":""producer"",""taste"":-1}}",3,0.444444444444,1,0,0.333333333333,sha256:0de3e94243530c8699e44537a6d85f4e3a1b139c6b905a797a9a601763f8b541,sha256:5a6aaf3e5438df0d57415dcdfd18ea17035812c6326138476d29d079b915b39e,False,0,False,0,0,0,0,0,0,1301,1793,-492,,True,True,0,0,0,0
semantic-variation-v1,case-18,6,"[""movement"",""reproduce_at"",""require_uncrowded""]",7105,codex_agent_itt,valid,"{""construction"":""always"",""movement"":""seek_resource"",""reproduce_at"":20,""require_uncrowded"":false,""schema"":1,""traits"":{""construct"":-1,""role"":""producer"",""taste"":-1}}",3,0.444444444444,1,0,0.333333333333,sha256:0de3e94243530c8699e44537a6d85f4e3a1b139c6b905a797a9a601763f8b541,sha256:68988f9feb33859962aa7cb0eec4b139d46b2444b4933de7f9d54f3915127f32,False,0,False,0,0,0,0,0,0,1301,1793,-492,,True,True,0,0,0,0
semantic-variation-v1,case-18,6,"[""movement"",""reproduce_at"",""require_uncrowded""]",7106,parent,exact_parent,"{""construction"":""always"",""movement"":""default"",""reproduce_at"":14,""require_uncrowded"":true,""schema"":1,""traits"":{""construct"":-1,""role"":""producer"",""taste"":-1}}",0,0,0,0,0,sha256:7c38697a374c73c1dfd3a1bc30000c94ef176d36672d9fbb1612c8c44797f5ce,sha256:3176189d18cee2ddebd8004edcd8d961753f6f77fc61b55982811102b0a86ca4,True,0.156307516876,False,0,0,0,0,0,0,1167,869,298,1,False,True,0,0,0,0
semantic-variation-v1,case-18,6,"[""movement"",""reproduce_at"",""require_uncrowded""]",7106,typed_macro,valid,"{""construction"":""always"",""movement"":""seek_resource"",""reproduce_at"":18,""require_uncrowded"":false,""schema"":1,""traits"":{""construct"":-1,""role"":""producer"",""taste"":-1}}",3,0.444444444444,1,0,0.333333333333,sha256:7c38697a374c73c1dfd3a1bc30000c94ef176d36672d9fbb1612c8c44797f5ce,sha256:b32763ef2c4d1728c58bdb6ac1a7bc101525d695acda7ec51eaf4703f86c182a,True,0.250728598696,True,30.3283105783,26.9693737549,3.35893682341,337,431,-94,676,966,-290,,True,True,0,0,0,0
semantic-variation-v1,case-18,6,"[""movement"",""reproduce_at"",""require_uncrowded""]",7106,random_same_mask,valid,"{""construction"":""always"",""movement"":""seek_resource"",""reproduce_at"":19,""require_uncrowded"":false,""schema"":1,""traits"":{""construct"":-1,""role"":""producer"",""taste"":-1}}",3,0.444444444444,1,0,0.333333333333,sha256:7c38697a374c73c1dfd3a1bc30000c94ef176d36672d9fbb1612c8c44797f5ce,sha256:3b2baa2cd378d6637519bb08c7b333482ff32a6f2d419e44db4e9f7a8ab3abaa,True,0.163403660279,True,18.1835123978,10.7706029451,7.41290945268,291,169,122,1000,1007,-7,12,False,True,0,0,0,0
semantic-variation-v1,case-18,6,"[""movement"",""reproduce_at"",""require_uncrowded""]",7106,codex_agent_itt,valid,"{""construction"":""always"",""movement"":""seek_resource"",""reproduce_at"":20,""require_uncrowded"":false,""schema"":1,""traits"":{""construct"":-1,""role"":""producer"",""taste"":-1}}",3,0.444444444444,1,0,0.333333333333,sha256:7c38697a374c73c1dfd3a1bc30000c94ef176d36672d9fbb1612c8c44797f5ce,sha256:40dda03eb6243b6dbb0979f70e434e901e73b6ad21a95fdca3f55228ac09d7dd,True,0.112373140685,True,0.422794117647,4.91228316156,-4.48948904391,7,135,-128,616,1652,-1036,,True,True,0,0,0,0
semantic-variation-v1,case-18,6,"[""movement"",""reproduce_at"",""require_uncrowded""]",7107,parent,exact_parent,"{""construction"":""always"",""movement"":""default"",""reproduce_at"":14,""require_uncrowded"":true,""schema"":1,""traits"":{""construct"":-1,""role"":""producer"",""taste"":-1}}",0,0,0,0,0,sha256:82e05853b640ba41a0ef5bd86c413edd2379b1f62a430d0783d27ce8f27ec096,sha256:d09b97ca00eddedeae1086cfed19d7ee9990cd4cf4354aa088b6debd2697b2a7,True,0.101535721525,False,0,4.96631497099,-4.96631497099,0,159,-159,890,1832,-942,,True,True,0,0,0,0
semantic-variation-v1,case-18,6,"[""movement"",""reproduce_at"",""require_uncrowded""]",7107,typed_macro,valid,"{""construction"":""always"",""movement"":""seek_resource"",""reproduce_at"":18,""require_uncrowded"":false,""schema"":1,""traits"":{""construct"":-1,""role"":""producer"",""taste"":-1}}",3,0.444444444444,1,0,0.333333333333,sha256:82e05853b640ba41a0ef5bd86c413edd2379b1f62a430d0783d27ce8f27ec096,sha256:beb31d3d5f7bb7fe1309d2c0d00282e5da3068616aa4afb7940cc512703f8347,True,0.193224283932,True,23.114751057,17.3453811382,5.76936991884,578,371,207,1515,1280,235,23,False,True,0,0,0,0
semantic-variation-v1,case-18,6,"[""movement"",""reproduce_at"",""require_uncrowded""]",7107,random_same_mask,valid,"{""construction"":""always"",""movement"":""seek_resource"",""reproduce_at"":19,""require_uncrowded"":false,""schema"":1,""traits"":{""construct"":-1,""role"":""producer"",""taste"":-1}}",3,0.444444444444,1,0,0.333333333333,sha256:82e05853b640ba41a0ef5bd86c413edd2379b1f62a430d0783d27ce8f27ec096,sha256:1f4d31d8f4feadddf6341b61e7b805b056ba5050627f6f4b8ea5ce02a2a0fd89,True,0.143575203156,True,13.6263239743,17.8106172428,-4.1842932685,419,424,-5,1887,1421,466,12,False,True,0,0,0,0
semantic-variation-v1,case-18,6,"[""movement"",""reproduce_at"",""require_uncrowded""]",7107,codex_agent_itt,valid,"{""construction"":""always"",""movement"":""seek_resource"",""reproduce_at"":20,""require_uncrowded"":false,""schema"":1,""traits"":{""construct"":-1,""role"":""producer"",""taste"":-1}}",3,0.444444444444,1,0,0.333333333333,sha256:82e05853b640ba41a0ef5bd86c413edd2379b1f62a430d0783d27ce8f27ec096,sha256:435ded8ff3af547c9940132ed78dfcae41fd7b4a39718be0656bc18eb02fe936,True,0.0935324116733,True,11.2321752444,1.97320347034,9.25897177408,286,48,238,1515,1625,-110,21,False,True,0,0,0,0
semantic-variation-v1,case-19,6,"[""construction"",""reproduce_at"",""require_uncrowded""]",7100,parent,exact_parent,"{""construction"":""always"",""movement"":""default"",""reproduce_at"":14,""require_uncrowded"":true,""schema"":1,""traits"":{""construct"":-1,""role"":""producer"",""taste"":-1}}",0,0,0,0,0,sha256:e8bff0e4c74a22ccec8ffbd79b1add7bc7ac2b9f75300c1f75b14bc2e7267e6f,sha256:e9473f66847ea3861a48fc9daf7250b7ee6813e86a5e79ab48352cd319ef861a,True,0.112698348231,False,0,0,0,0,0,0,1382,1704,-322,36,False,True,0,0,0,0
semantic-variation-v1,case-19,6,"[""construction"",""reproduce_at"",""require_uncrowded""]",7100,typed_macro,valid,"{""construction"":""until_nonzero"",""movement"":""default"",""reproduce_at"":18,""require_uncrowded"":false,""schema"":1,""traits"":{""construct"":-1,""role"":""producer"",""taste"":-1}}",3,0.333333333333,0,0.666666666667,0.333333333333,sha256:e8bff0e4c74a22ccec8ffbd79b1add7bc7ac2b9f75300c1f75b14bc2e7267e6f,sha256:67cfa2f311c0685d608aa52b11f733df83fa94425c959740d26fb0859bc95278,False,0.0560319917441,False,0,0,0,0,0,0,59,1048,-989,,True,True,0,0,0,0
semantic-variation-v1,case-19,6,"[""construction"",""reproduce_at"",""require_uncrowded""]",7100,random_same_mask,valid,"{""construction"":""never"",""movement"":""default"",""reproduce_at"":26,""require_uncrowded"":false,""schema"":1,""traits"":{""construct"":-1,""role"":""producer"",""taste"":-1}}",3,0.444444444444,0,1,0.333333333333,sha256:e8bff0e4c74a22ccec8ffbd79b1add7bc7ac2b9f75300c1f75b14bc2e7267e6f,sha256:194b99a2080823ecbff721d9329fb7154470458ab3dea475f1696f7d2c290134,True,0.120987053272,True,11.3868613239,13.0838273275,-1.6969660036,324,349,-25,1658,1603,55,9,False,True,0,0,0,0
semantic-variation-v1,case-19,6,"[""construction"",""reproduce_at"",""require_uncrowded""]",7100,codex_agent_itt,valid,"{""construction"":""until_nonzero"",""movement"":""default"",""reproduce_at"":20,""require_uncrowded"":false,""schema"":1,""traits"":{""construct"":-1,""role"":""producer"",""taste"":-1}}",3,0.333333333333,0,0.666666666667,0.333333333333,sha256:e8bff0e4c74a22ccec8ffbd79b1add7bc7ac2b9f75300c1f75b14bc2e7267e6f,sha256:e65a8fa6e5ea8fe014281ed49ffb82177d5e2cfd32c63d3c3396e0d0d2bdd6e2,True,0.0811113531958,True,2.20092955141,1.12748184179,1.07344770962,36,20,16,1459,1696,-237,15,False,True,0,0,0,0
semantic-variation-v1,case-19,6,"[""construction"",""reproduce_at"",""require_uncrowded""]",7101,parent,exact_parent,"{""construction"":""always"",""movement"":""default"",""reproduce_at"":14,""require_uncrowded"":true,""schema"":1,""traits"":{""construct"":-1,""role"":""producer"",""taste"":-1}}",0,0,0,0,0,sha256:c8be15f73aff0fa2bcd29b2469cc25f09d83a06ddb9aeda7e778dcbfd197b782,sha256:62ea8cb88e27d691ece237cf13174029b72d3f622b142a24555a2a56513ead94,False,0,False,0,0,0,0,0,0,2363,2394,-31,7,False,True,0,0,0,0
semantic-variation-v1,case-19,6,"[""construction"",""reproduce_at"",""require_uncrowded""]",7101,typed_macro,valid,"{""construction"":""until_nonzero"",""movement"":""default"",""reproduce_at"":18,""require_uncrowded"":false,""schema"":1,""traits"":{""construct"":-1,""role"":""producer"",""taste"":-1}}",3,0.333333333333,0,0.666666666667,0.333333333333,sha256:c8be15f73aff0fa2bcd29b2469cc25f09d83a06ddb9aeda7e778dcbfd197b782,sha256:f68c9eafac67b1eb39c2cd4305a8920e66fd95c7fd05e7b58ec4b92dde79ac9c,False,0,False,0,0,0,0,0,0,465,967,-502,7,False,True,0,0,0,0
semantic-variation-v1,case-19,6,"[""construction"",""reproduce_at"",""require_uncrowded""]",7101,random_same_mask,valid,"{""construction"":""never"",""movement"":""default"",""reproduce_at"":26,""require_uncrowded"":false,""schema"":1,""traits"":{""construct"":-1,""role"":""producer"",""taste"":-1}}",3,0.444444444444,0,1,0.333333333333,sha256:c8be15f73aff0fa2bcd29b2469cc25f09d83a06ddb9aeda7e778dcbfd197b782,sha256:4b217a06639dec231da066dc540a8332bfa383d6120d85e3201a891123d9cf55,False,0,False,0,0,0,0,0,0,1512,1815,-303,41,False,True,0,0,0,0
semantic-variation-v1,case-19,6,"[""construction"",""reproduce_at"",""require_uncrowded""]",7101,codex_agent_itt,valid,"{""construction"":""until_nonzero"",""movement"":""default"",""reproduce_at"":20,""require_uncrowded"":false,""schema"":1,""traits"":{""construct"":-1,""role"":""producer"",""taste"":-1}}",3,0.333333333333,0,0.666666666667,0.333333333333,sha256:c8be15f73aff0fa2bcd29b2469cc25f09d83a06ddb9aeda7e778dcbfd197b782,sha256:4ceb26f8b709917489d04849588bdcdd967b5a070be9626c8c91b22609ee18c4,False,0,False,0,0,0,0,0,0,465,967,-502,7,False,True,0,0,0,0
semantic-variation-v1,case-19,6,"[""construction"",""reproduce_at"",""require_uncrowded""]",7102,parent,exact_parent,"{""construction"":""always"",""movement"":""default"",""reproduce_at"":14,""require_uncrowded"":true,""schema"":1,""traits"":{""construct"":-1,""role"":""producer"",""taste"":-1}}",0,0,0,0,0,sha256:4a0c2036a0b774d9a76313acad1cdc63869a11a581cfebc9f643294b46ce6be9,sha256:b93ddfbd059eef487321c847cdd4a13d5ab9e9024f28fd9b538e6cc06b89bf0e,False,0,False,0,0,0,0,0,0,232,187,45,2,False,True,0,0,0,0
semantic-variation-v1,case-19,6,"[""construction"",""reproduce_at"",""require_uncrowded""]",7102,typed_macro,valid,"{""construction"":""until_nonzero"",""movement"":""default"",""reproduce_at"":18,""require_uncrowded"":false,""schema"":1,""traits"":{""construct"":-1,""role"":""producer"",""taste"":-1}}",3,0.333333333333,0,0.666666666667,0.333333333333,sha256:4a0c2036a0b774d9a76313acad1cdc63869a11a581cfebc9f643294b46ce6be9,sha256:035df259485650ad5a6f9fc8129233a63b876e52104f664af01901f05f0509c4,True,0.0409030657603,True,2.05601084248,0.199341397849,1.85666944463,45,6,39,1110,1457,-347,7,False,True,0,0,0,0
semantic-variation-v1,case-19,6,"[""construction"",""reproduce_at"",""require_uncrowded""]",7102,random_same_mask,valid,"{""construction"":""never"",""movement"":""default"",""reproduce_at"":26,""require_uncrowded"":false,""schema"":1,""traits"":{""construct"":-1,""role"":""producer"",""taste"":-1}}",3,0.444444444444,0,1,0.333333333333,sha256:4a0c2036a0b774d9a76313acad1cdc63869a11a581cfebc9f643294b46ce6be9,sha256:0b5bd2b4030e41523e7edef70d32acc3d97a5f6727235fd9f1d1ad7e60822537,True,0.0906468823574,True,1.17500555001,1.53856421356,-0.363558663559,14,15,-1,715,125,590,1,False,True,0,0,0,0
semantic-variation-v1,case-19,6,"[""construction"",""reproduce_at"",""require_uncrowded""]",7102,codex_agent_itt,valid,"{""construction"":""until_nonzero"",""movement"":""default"",""reproduce_at"":20,""require_uncrowded"":false,""schema"":1,""traits"":{""construct"":-1,""role"":""producer"",""taste"":-1}}",3,0.333333333333,0,0.666666666667,0.333333333333,sha256:4a0c2036a0b774d9a76313acad1cdc63869a11a581cfebc9f643294b46ce6be9,sha256:00563d6c6e2222269b9953a5cb0f38164990c71fd8e445cefca88a732bcb9680,False,0,False,0,0,0,0,0,0,1205,2036,-831,,True,True,0,0,0,0
semantic-variation-v1,case-19,6,"[""construction"",""reproduce_at"",""require_uncrowded""]",7103,parent,exact_parent,"{""construction"":""always"",""movement"":""default"",""reproduce_at"":14,""require_uncrowded"":true,""schema"":1,""traits"":{""construct"":-1,""role"":""producer"",""taste"":-1}}",0,0,0,0,0,sha256:2a2e035fd8ff68b1a8c03537ac21e113ac00d11d77a96ab524ddaad15637c961,sha256:4c827fb21d8d60f17d76a17ba768f07e468780374d76a8ef6043411c296fdf01,False,0,False,0,0,0,0,0,0,1356,1903,-547,12,False,True,0,0,0,0
semantic-variation-v1,case-19,6,"[""construction"",""reproduce_at"",""require_uncrowded""]",7103,typed_macro,valid,"{""construction"":""until_nonzero"",""movement"":""default"",""reproduce_at"":18,""require_uncrowded"":false,""schema"":1,""traits"":{""construct"":-1,""role"":""producer"",""taste"":-1}}",3,0.333333333333,0,0.666666666667,0.333333333333,sha256:2a2e035fd8ff68b1a8c03537ac21e113ac00d11d77a96ab524ddaad15637c961,sha256:a30ba1886b4c25b24e57d7cfb612b2a27998bb424aa4365901ba5c9036ff070e,False,0,False,0,0,0,0,0,0,3279,3998,-719,38,False,True,0,0,0,0
semantic-variation-v1,case-19,6,"[""construction"",""reproduce_at"",""require_uncrowded""]",7103,random_same_mask,valid,"{""construction"":""never"",""movement"":""default"",""reproduce_at"":26,""require_uncrowded"":false,""schema"":1,""traits"":{""construct"":-1,""role"":""producer"",""taste"":-1}}",3,0.444444444444,0,1,0.333333333333,sha256:2a2e035fd8ff68b1a8c03537ac21e113ac00d11d77a96ab524ddaad15637c961,sha256:9a108bf259698408ade1424b7f90bb361c634fea9c5d5e5a6fb79b813d0eeb96,False,0.0190522875817,False,0,0,0,0,0,0,328,302,26,1,False,True,0,0,0,0
semantic-variation-v1,case-19,6,"[""construction"",""reproduce_at"",""require_uncrowded""]",7103,codex_agent_itt,valid,"{""construction"":""until_nonzero"",""movement"":""default"",""reproduce_at"":20,""require_uncrowded"":false,""schema"":1,""traits"":{""construct"":-1,""role"":""producer"",""taste"":-1}}",3,0.333333333333,0,0.666666666667,0.333333333333,sha256:2a2e035fd8ff68b1a8c03537ac21e113ac00d11d77a96ab524ddaad15637c961,sha256:2e4f1b654e9b8d936156711add0b4c5e11a7c086563c7cdad3e7eb3e5b84af92,True,0.067120929302,True,2.35639359474,2.74370474036,-0.387311145626,63,150,-87,1749,3250,-1501,,True,True,0,0,0,0
semantic-variation-v1,case-19,6,"[""construction"",""reproduce_at"",""require_uncrowded""]",7104,parent,exact_parent,"{""construction"":""always"",""movement"":""default"",""reproduce_at"":14,""require_uncrowded"":true,""schema"":1,""traits"":{""construct"":-1,""role"":""producer"",""taste"":-1}}",0,0,0,0,0,sha256:68c05ab61f461132a9462697750238e243588b9ce96a23b739870db3e20fdf8b,sha256:e4c5209cacd55e10ec079c2a99d0658ff5dc44307f86f0375e5c7e733c2880ad,False,0,False,0,0,0,0,0,0,1765,1845,-80,7,False,True,0,0,0,0
semantic-variation-v1,case-19,6,"[""construction"",""reproduce_at"",""require_uncrowded""]",7104,typed_macro,valid,"{""construction"":""until_nonzero"",""movement"":""default"",""reproduce_at"":18,""require_uncrowded"":false,""schema"":1,""traits"":{""construct"":-1,""role"":""producer"",""taste"":-1}}",3,0.333333333333,0,0.666666666667,0.333333333333,sha256:68c05ab61f461132a9462697750238e243588b9ce96a23b739870db3e20fdf8b,sha256:d4529ae5de87ceb3f9ff3a03b0285481f489e5569edb9d50f1721f13e4310584,True,0.0920158564264,True,4.38284927245,1.97893212898,2.40391714347,195,89,106,2673,2722,-49,22,False,True,0,0,0,0
semantic-variation-v1,case-19,6,"[""construction"",""reproduce_at"",""require_uncrowded""]",7104,random_same_mask,valid,"{""construction"":""never"",""movement"":""default"",""reproduce_at"":26,""require_uncrowded"":false,""schema"":1,""traits"":{""construct"":-1,""role"":""producer"",""taste"":-1}}",3,0.444444444444,0,1,0.333333333333,sha256:68c05ab61f461132a9462697750238e243588b9ce96a23b739870db3e20fdf8b,sha256:011c0b6d2b6fb6e81ca7f9e4f6f21e748dd78c0f3a5a114aa96117dc4a05a4f0,False,0,False,0,0,0,0,0,0,385,1944,-1559,,True,True,0,0,0,0
semantic-variation-v1,case-19,6,"[""construction"",""reproduce_at"",""require_uncrowded""]",7104,codex_agent_itt,valid,"{""construction"":""until_nonzero"",""movement"":""default"",""reproduce_at"":20,""require_uncrowded"":false,""schema"":1,""traits"":{""construct"":-1,""role"":""producer"",""taste"":-1}}",3,0.333333333333,0,0.666666666667,0.333333333333,sha256:68c05ab61f461132a9462697750238e243588b9ce96a23b739870db3e20fdf8b,sha256:af8b0223bd213330d066704328753efcd86d4aafe890a59acb89a0a3985e443d,True,0.0508702904299,True,4.63201968445,0.0526315789474,4.57938810551,189,2,187,2422,2047,375,10,False,True,0,0,0,0
semantic-variation-v1,case-19,6,"[""construction"",""reproduce_at"",""require_uncrowded""]",7105,parent,exact_parent,"{""construction"":""always"",""movement"":""default"",""reproduce_at"":14,""require_uncrowded"":true,""schema"":1,""traits"":{""construct"":-1,""role"":""producer"",""taste"":-1}}",0,0,0,0,0,sha256:0de3e94243530c8699e44537a6d85f4e3a1b139c6b905a797a9a601763f8b541,sha256:46aca577e49a444f79d5fad7bde49ef5a0c2c25d5b17800230c998d4c63aa868,False,0,False,0,0,0,0,0,0,1301,1793,-492,,True,True,0,0,0,0
semantic-variation-v1,case-19,6,"[""construction"",""reproduce_at"",""require_uncrowded""]",7105,typed_macro,valid,"{""construction"":""until_nonzero"",""movement"":""default"",""reproduce_at"":18,""require_uncrowded"":false,""schema"":1,""traits"":{""construct"":-1,""role"":""producer"",""taste"":-1}}",3,0.333333333333,0,0.666666666667,0.333333333333,sha256:0de3e94243530c8699e44537a6d85f4e3a1b139c6b905a797a9a601763f8b541,sha256:c113ce473b4f3386d4139f95dd639984066f46b5bc21ea83d335660ab63ef72d,False,0,False,0,0,0,0,0,0,985,724,261,1,False,True,0,0,0,0
semantic-variation-v1,case-19,6,"[""construction"",""reproduce_at"",""require_uncrowded""]",7105,random_same_mask,valid,"{""construction"":""never"",""movement"":""default"",""reproduce_at"":26,""require_uncrowded"":false,""schema"":1,""traits"":{""construct"":-1,""role"":""producer"",""taste"":-1}}",3,0.444444444444,0,1,0.333333333333,sha256:0de3e94243530c8699e44537a6d85f4e3a1b139c6b905a797a9a601763f8b541,sha256:a4bf162846f3b404dc0325dde84f727e300c474dfb1f5dfef9e38cca042a7ff1,False,0,False,0,0,0,0,0,0,751,659,92,11,False,True,0,0,0,0
semantic-variation-v1,case-19,6,"[""construction"",""reproduce_at"",""require_uncrowded""]",7105,codex_agent_itt,valid,"{""construction"":""until_nonzero"",""movement"":""default"",""reproduce_at"":20,""require_uncrowded"":false,""schema"":1,""traits"":{""construct"":-1,""role"":""producer"",""taste"":-1}}",3,0.333333333333,0,0.666666666667,0.333333333333,sha256:0de3e94243530c8699e44537a6d85f4e3a1b139c6b905a797a9a601763f8b541,sha256:fb3f317512a769da97b47f6e390874228c3a503e50f71e027ac10a5d173053a8,False,0,False,0,0,0,0,0,0,985,724,261,1,False,True,0,0,0,0
semantic-variation-v1,case-19,6,"[""construction"",""reproduce_at"",""require_uncrowded""]",7106,parent,exact_parent,"{""construction"":""always"",""movement"":""default"",""reproduce_at"":14,""require_uncrowded"":true,""schema"":1,""traits"":{""construct"":-1,""role"":""producer"",""taste"":-1}}",0,0,0,0,0,sha256:7c38697a374c73c1dfd3a1bc30000c94ef176d36672d9fbb1612c8c44797f5ce,sha256:ef9e7fc0bfc9929d1b8a5c8c6ebc3f510efec134012b5902247431324b0a663f,True,0.156307516876,False,0,0,0,0,0,0,1167,869,298,1,False,True,0,0,0,0
semantic-variation-v1,case-19,6,"[""construction"",""reproduce_at"",""require_uncrowded""]",7106,typed_macro,valid,"{""construction"":""until_nonzero"",""movement"":""default"",""reproduce_at"":18,""require_uncrowded"":false,""schema"":1,""traits"":{""construct"":-1,""role"":""producer"",""taste"":-1}}",3,0.333333333333,0,0.666666666667,0.333333333333,sha256:7c38697a374c73c1dfd3a1bc30000c94ef176d36672d9fbb1612c8c44797f5ce,sha256:d905e7f82690b45fd842edea0ae916d0e7b2d600b3f11c4ae5c3a7dfaf05384f,True,0.0856958622277,True,0.515874198266,10.5459850371,-10.0301108388,13,328,-315,1776,1867,-91,14,False,True,0,0,0,0
semantic-variation-v1,case-19,6,"[""construction"",""reproduce_at"",""require_uncrowded""]",7106,random_same_mask,valid,"{""construction"":""never"",""movement"":""default"",""reproduce_at"":26,""require_uncrowded"":false,""schema"":1,""traits"":{""construct"":-1,""role"":""producer"",""taste"":-1}}",3,0.444444444444,0,1,0.333333333333,sha256:7c38697a374c73c1dfd3a1bc30000c94ef176d36672d9fbb1612c8c44797f5ce,sha256:10fae96e7fe3a82d7cfdc33fb02cd37172294822fb1ef3b62967bc42b1a8703e,True,0.107264609378,True,0.433333333333,0.485294117647,-0.0519607843137,4,8,-4,176,880,-704,,True,True,0,0,0,0
semantic-variation-v1,case-19,6,"[""construction"",""reproduce_at"",""require_uncrowded""]",7106,codex_agent_itt,valid,"{""construction"":""until_nonzero"",""movement"":""default"",""reproduce_at"":20,""require_uncrowded"":false,""schema"":1,""traits"":{""construct"":-1,""role"":""producer"",""taste"":-1}}",3,0.333333333333,0,0.666666666667,0.333333333333,sha256:7c38697a374c73c1dfd3a1bc30000c94ef176d36672d9fbb1612c8c44797f5ce,sha256:7e4f5410f34fdff22674d3d852918994cde861d060192e4208b0160440ed938d,False,0.0468166986037,False,0,0,0,0,0,0,44,482,-438,,True,True,0,0,0,0
semantic-variation-v1,case-19,6,"[""construction"",""reproduce_at"",""require_uncrowded""]",7107,parent,exact_parent,"{""construction"":""always"",""movement"":""default"",""reproduce_at"":14,""require_uncrowded"":true,""schema"":1,""traits"":{""construct"":-1,""role"":""producer"",""taste"":-1}}",0,0,0,0,0,sha256:82e05853b640ba41a0ef5bd86c413edd2379b1f62a430d0783d27ce8f27ec096,sha256:871b89aa72ab919beb72c92dceadc4c053f323a4ccc5cb8b5be94fc4ed47f6b7,True,0.101535721525,False,0,4.96631497099,-4.96631497099,0,159,-159,890,1832,-942,,True,True,0,0,0,0
semantic-variation-v1,case-19,6,"[""construction"",""reproduce_at"",""require_uncrowded""]",7107,typed_macro,valid,"{""construction"":""until_nonzero"",""movement"":""default"",""reproduce_at"":18,""require_uncrowded"":false,""schema"":1,""traits"":{""construct"":-1,""role"":""producer"",""taste"":-1}}",3,0.333333333333,0,0.666666666667,0.333333333333,sha256:82e05853b640ba41a0ef5bd86c413edd2379b1f62a430d0783d27ce8f27ec096,sha256:9f73404894c0cf915e39fb53a94d2d73463bbe7378442535f03e1404759f7975,False,0,False,0,0,0,0,0,0,2395,2863,-468,24,False,True,0,0,0,0
semantic-variation-v1,case-19,6,"[""construction"",""reproduce_at"",""require_uncrowded""]",7107,random_same_mask,valid,"{""construction"":""never"",""movement"":""default"",""reproduce_at"":26,""require_uncrowded"":false,""schema"":1,""traits"":{""construct"":-1,""role"":""producer"",""taste"":-1}}",3,0.444444444444,0,1,0.333333333333,sha256:82e05853b640ba41a0ef5bd86c413edd2379b1f62a430d0783d27ce8f27ec096,sha256:cc285932a41f24184a39497ba4bfcfcabf9ae4a421e287d4851b8a594b52daa8,True,0.0923775068241,True,3.57772773263,2.70285055638,0.874877176249,85,98,-13,1448,2196,-748,,True,True,0,0,0,0
semantic-variation-v1,case-19,6,"[""construction"",""reproduce_at"",""require_uncrowded""]",7107,codex_agent_itt,valid,"{""construction"":""until_nonzero"",""movement"":""default"",""reproduce_at"":20,""require_uncrowded"":false,""schema"":1,""traits"":{""construct"":-1,""role"":""producer"",""taste"":-1}}",3,0.333333333333,0,0.666666666667,0.333333333333,sha256:82e05853b640ba41a0ef5bd86c413edd2379b1f62a430d0783d27ce8f27ec096,sha256:bf0ff4d4a556a8d3470c78197fa60e563525b51fcd591ba55b0e09b6e8da3979,True,0.130936216495,True,11.5688935042,7.59588980555,3.9730036987,297,224,73,1568,1704,-136,25,False,True,0,0,0,0
semantic-variation-v1,case-20,7,"[""movement"",""construction"",""reproduce_at""]",7100,parent,exact_parent,"{""construction"":""until_nonzero"",""movement"":""stay_if_fed"",""reproduce_at"":12,""require_uncrowded"":false,""schema"":1,""traits"":{""construct"":1,""role"":""recycler"",""taste"":1}}",0,0,0,0,0,sha256:e8bff0e4c74a22ccec8ffbd79b1add7bc7ac2b9f75300c1f75b14bc2e7267e6f,sha256:8dceef1f7a8f9cc8abc23c3901590a9372e2b409386c950503bc2766a028fd29,False,0,False,0,0,0,0,0,0,1382,1704,-322,36,False,True,0,0,0,0
semantic-variation-v1,case-20,7,"[""movement"",""construction"",""reproduce_at""]",7100,typed_macro,valid,"{""construction"":""always"",""movement"":""seek_resource"",""reproduce_at"":18,""require_uncrowded"":false,""schema"":1,""traits"":{""construct"":1,""role"":""recycler"",""taste"":1}}",3,0.527777777778,0.75,0.666666666667,0.166666666667,sha256:e8bff0e4c74a22ccec8ffbd79b1add7bc7ac2b9f75300c1f75b14bc2e7267e6f,sha256:3fa9d3886210f85f6ebaf6be3db35c0f339e867ef10ff763d3a8db6378e43e23,False,0,False,0,0,0,0,0,0,1263,1668,-405,53,False,True,0,0,0,0
semantic-variation-v1,case-20,7,"[""movement"",""construction"",""reproduce_at""]",7100,random_same_mask,valid,"{""construction"":""always"",""movement"":""default"",""reproduce_at"":16,""require_uncrowded"":false,""schema"":1,""traits"":{""construct"":1,""role"":""recycler"",""taste"":1}}",3,0.361111111111,0.25,0.666666666667,0.166666666667,sha256:e8bff0e4c74a22ccec8ffbd79b1add7bc7ac2b9f75300c1f75b14bc2e7267e6f,sha256:ed34d9682a2575017affdf045b3da139f1768395bcb30778e27b069b6dcc2481,False,0,False,0,0,0,0,0,0,2271,2318,-47,7,False,True,0,0,0,0
semantic-variation-v1,case-20,7,"[""movement"",""construction"",""reproduce_at""]",7100,codex_agent_itt,valid,"{""construction"":""always"",""movement"":""seek_resource"",""reproduce_at"":18,""require_uncrowded"":false,""schema"":1,""traits"":{""construct"":1,""role"":""recycler"",""taste"":1}}",3,0.527777777778,0.75,0.666666666667,0.166666666667,sha256:e8bff0e4c74a22ccec8ffbd79b1add7bc7ac2b9f75300c1f75b14bc2e7267e6f,sha256:3fa9d3886210f85f6ebaf6be3db35c0f339e867ef10ff763d3a8db6378e43e23,False,0,False,0,0,0,0,0,0,1263,1668,-405,53,False,True,0,0,0,0
semantic-variation-v1,case-20,7,"[""movement"",""construction"",""reproduce_at""]",7101,parent,exact_parent,"{""construction"":""until_nonzero"",""movement"":""stay_if_fed"",""reproduce_at"":12,""require_uncrowded"":false,""schema"":1,""traits"":{""construct"":1,""role"":""recycler"",""taste"":1}}",0,0,0,0,0,sha256:c8be15f73aff0fa2bcd29b2469cc25f09d83a06ddb9aeda7e778dcbfd197b782,sha256:96ab6ab06999b77aebbb6c8e492c80b27d122fd201ff02b04a04769772e9134b,True,0.17030375363,True,11.8525572646,10.3018137321,1.55074353252,469,406,63,2363,2394,-31,7,False,True,0,0,0,0
semantic-variation-v1,case-20,7,"[""movement"",""construction"",""reproduce_at""]",7101,typed_macro,valid,"{""construction"":""always"",""movement"":""seek_resource"",""reproduce_at"":18,""require_uncrowded"":false,""schema"":1,""traits"":{""construct"":1,""role"":""recycler"",""taste"":1}}",3,0.527777777778,0.75,0.666666666667,0.166666666667,sha256:c8be15f73aff0fa2bcd29b2469cc25f09d83a06ddb9aeda7e778dcbfd197b782,sha256:66b9965e2008a30057eeb13d760c9e6605acf9bec3800aed94def6095b1ac83f,False,0,False,0,0,0,0,0,0,2273,2747,-474,25,False,True,0,0,0,0
semantic-variation-v1,case-20,7,"[""movement"",""construction"",""reproduce_at""]",7101,random_same_mask,valid,"{""construction"":""always"",""movement"":""default"",""reproduce_at"":16,""require_uncrowded"":false,""schema"":1,""traits"":{""construct"":1,""role"":""recycler"",""taste"":1}}",3,0.361111111111,0.25,0.666666666667,0.166666666667,sha256:c8be15f73aff0fa2bcd29b2469cc25f09d83a06ddb9aeda7e778dcbfd197b782,sha256:ef9612e86e7d6429d46b3a4e175d4dc87c486b0eb0bceeb2bf615cd28fc26e5f,True,0.0561367097143,True,0.934050538833,0.511010971787,0.423039567046,24,16,8,1334,1546,-212,9,False,True,0,0,0,0
semantic-variation-v1,case-20,7,"[""movement"",""construction"",""reproduce_at""]",7101,codex_agent_itt,valid,"{""construction"":""always"",""movement"":""seek_resource"",""reproduce_at"":18,""require_uncrowded"":false,""schema"":1,""traits"":{""construct"":1,""role"":""recycler"",""taste"":1}}",3,0.527777777778,0.75,0.666666666667,0.166666666667,sha256:c8be15f73aff0fa2bcd29b2469cc25f09d83a06ddb9aeda7e778dcbfd197b782,sha256:66b9965e2008a30057eeb13d760c9e6605acf9bec3800aed94def6095b1ac83f,False,0,False,0,0,0,0,0,0,2273,2747,-474,25,False,True,0,0,0,0
semantic-variation-v1,case-20,7,"[""movement"",""construction"",""reproduce_at""]",7102,parent,exact_parent,"{""construction"":""until_nonzero"",""movement"":""stay_if_fed"",""reproduce_at"":12,""require_uncrowded"":false,""schema"":1,""traits"":{""construct"":1,""role"":""recycler"",""taste"":1}}",0,0,0,0,0,sha256:4a0c2036a0b774d9a76313acad1cdc63869a11a581cfebc9f643294b46ce6be9,sha256:e328b79aac716504506ca649860ff97e8b1157e896c5aa42d356f3c75662c79b,False,0,False,0,0,0,0,0,0,232,187,45,2,False,True,0,0,0,0
semantic-variation-v1,case-20,7,"[""movement"",""construction"",""reproduce_at""]",7102,typed_macro,valid,"{""construction"":""always"",""movement"":""seek_resource"",""reproduce_at"":18,""require_uncrowded"":false,""schema"":1,""traits"":{""construct"":1,""role"":""recycler"",""taste"":1}}",3,0.527777777778,0.75,0.666666666667,0.166666666667,sha256:4a0c2036a0b774d9a76313acad1cdc63869a11a581cfebc9f643294b46ce6be9,sha256:683dc8bcd4bf3eb27f2434029e5a0973f3a522a9b7784c51586ddf1db7703629,False,0,False,0,0,0,0,0,0,1463,1779,-316,40,False,True,0,0,0,0
semantic-variation-v1,case-20,7,"[""movement"",""construction"",""reproduce_at""]",7102,random_same_mask,valid,"{""construction"":""always"",""movement"":""default"",""reproduce_at"":16,""require_uncrowded"":false,""schema"":1,""traits"":{""construct"":1,""role"":""recycler"",""taste"":1}}",3,0.361111111111,0.25,0.666666666667,0.166666666667,sha256:4a0c2036a0b774d9a76313acad1cdc63869a11a581cfebc9f643294b46ce6be9,sha256:4d08961aba03edade58e603634cc0ef5893664cc50f067356a3bf26a55e04dc6,False,0.00703211517165,False,0,0,0,0,0,0,1817,1899,-82,19,False,True,0,0,0,0
semantic-variation-v1,case-20,7,"[""movement"",""construction"",""reproduce_at""]",7102,codex_agent_itt,valid,"{""construction"":""always"",""movement"":""seek_resource"",""reproduce_at"":18,""require_uncrowded"":false,""schema"":1,""traits"":{""construct"":1,""role"":""recycler"",""taste"":1}}",3,0.527777777778,0.75,0.666666666667,0.166666666667,sha256:4a0c2036a0b774d9a76313acad1cdc63869a11a581cfebc9f643294b46ce6be9,sha256:683dc8bcd4bf3eb27f2434029e5a0973f3a522a9b7784c51586ddf1db7703629,False,0,False,0,0,0,0,0,0,1463,1779,-316,40,False,True,0,0,0,0
semantic-variation-v1,case-20,7,"[""movement"",""construction"",""reproduce_at""]",7103,parent,exact_parent,"{""construction"":""until_nonzero"",""movement"":""stay_if_fed"",""reproduce_at"":12,""require_uncrowded"":false,""schema"":1,""traits"":{""construct"":1,""role"":""recycler"",""taste"":1}}",0,0,0,0,0,sha256:2a2e035fd8ff68b1a8c03537ac21e113ac00d11d77a96ab524ddaad15637c961,sha256:0b6c0597b42b01fdb581765f2e28773ab28fbc4f8dd842821f80a1c085c056e4,False,0,False,0,0,0,0,0,0,1356,1903,-547,12,False,True,0,0,0,0
semantic-variation-v1,case-20,7,"[""movement"",""construction"",""reproduce_at""]",7103,typed_macro,valid,"{""construction"":""always"",""movement"":""seek_resource"",""reproduce_at"":18,""require_uncrowded"":false,""schema"":1,""traits"":{""construct"":1,""role"":""recycler"",""taste"":1}}",3,0.527777777778,0.75,0.666666666667,0.166666666667,sha256:2a2e035fd8ff68b1a8c03537ac21e113ac00d11d77a96ab524ddaad15637c961,sha256:ac31f82088220c53d5f37ae77ad6e328a930f91c5afb9e30fa8fba6a29e12fc9,False,0,False,0,0,0,0,0,0,2387,3321,-934,,True,True,0,0,0,0
semantic-variation-v1,case-20,7,"[""movement"",""construction"",""reproduce_at""]",7103,random_same_mask,valid,"{""construction"":""always"",""movement"":""default"",""reproduce_at"":16,""require_uncrowded"":false,""schema"":1,""traits"":{""construct"":1,""role"":""recycler"",""taste"":1}}",3,0.361111111111,0.25,0.666666666667,0.166666666667,sha256:2a2e035fd8ff68b1a8c03537ac21e113ac00d11d77a96ab524ddaad15637c961,sha256:fc5f6f9d8fbc0df8ff86a14b494805ecc2ecf8c6a772ba15e7109b9c47cabc3d,False,0,False,0,0,0,0,0,0,3277,3829,-552,27,False,True,0,0,0,0
semantic-variation-v1,case-20,7,"[""movement"",""construction"",""reproduce_at""]",7103,codex_agent_itt,valid,"{""construction"":""always"",""movement"":""seek_resource"",""reproduce_at"":18,""require_uncrowded"":false,""schema"":1,""traits"":{""construct"":1,""role"":""recycler"",""taste"":1}}",3,0.527777777778,0.75,0.666666666667,0.166666666667,sha256:2a2e035fd8ff68b1a8c03537ac21e113ac00d11d77a96ab524ddaad15637c961,sha256:ac31f82088220c53d5f37ae77ad6e328a930f91c5afb9e30fa8fba6a29e12fc9,False,0,False,0,0,0,0,0,0,2387,3321,-934,,True,True,0,0,0,0
semantic-variation-v1,case-20,7,"[""movement"",""construction"",""reproduce_at""]",7104,parent,exact_parent,"{""construction"":""until_nonzero"",""movement"":""stay_if_fed"",""reproduce_at"":12,""require_uncrowded"":false,""schema"":1,""traits"":{""construct"":1,""role"":""recycler"",""taste"":1}}",0,0,0,0,0,sha256:68c05ab61f461132a9462697750238e243588b9ce96a23b739870db3e20fdf8b,sha256:783d4677fbdb9e9594cf9b23ff689829442ec4798f6cd19e43cae27569013dc2,True,0.225658123566,True,2.37626502618,1.29452742513,1.08173760105,67,39,28,1765,1845,-80,7,False,True,0,0,0,0
semantic-variation-v1,case-20,7,"[""movement"",""construction"",""reproduce_at""]",7104,typed_macro,valid,"{""construction"":""always"",""movement"":""seek_resource"",""reproduce_at"":18,""require_uncrowded"":false,""schema"":1,""traits"":{""construct"":1,""role"":""recycler"",""taste"":1}}",3,0.527777777778,0.75,0.666666666667,0.166666666667,sha256:68c05ab61f461132a9462697750238e243588b9ce96a23b739870db3e20fdf8b,sha256:a6b93a72ff60122c7df96bd87b3c4c2ad44303a0a4c0baa221d0482bb5b5cbae,False,0,False,0,0,0,0,0,0,733,1565,-832,,True,True,0,0,0,0
semantic-variation-v1,case-20,7,"[""movement"",""construction"",""reproduce_at""]",7104,random_same_mask,valid,"{""construction"":""always"",""movement"":""default"",""reproduce_at"":16,""require_uncrowded"":false,""schema"":1,""traits"":{""construct"":1,""role"":""recycler"",""taste"":1}}",3,0.361111111111,0.25,0.666666666667,0.166666666667,sha256:68c05ab61f461132a9462697750238e243588b9ce96a23b739870db3e20fdf8b,sha256:fb9dc8a28fdded2887304c63a0d1b3b35bc9c62bba663ac0df3ad62ac84cbe4e,True,0.205643733542,True,17.1194752126,12.8096935311,4.30978168155,881,766,115,3100,3591,-491,20,False,True,0,0,0,0
semantic-variation-v1,case-20,7,"[""movement"",""construction"",""reproduce_at""]",7104,codex_agent_itt,valid,"{""construction"":""always"",""movement"":""seek_resource"",""reproduce_at"":18,""require_uncrowded"":false,""schema"":1,""traits"":{""construct"":1,""role"":""recycler"",""taste"":1}}",3,0.527777777778,0.75,0.666666666667,0.166666666667,sha256:68c05ab61f461132a9462697750238e243588b9ce96a23b739870db3e20fdf8b,sha256:a6b93a72ff60122c7df96bd87b3c4c2ad44303a0a4c0baa221d0482bb5b5cbae,False,0,False,0,0,0,0,0,0,733,1565,-832,,True,True,0,0,0,0
semantic-variation-v1,case-20,7,"[""movement"",""construction"",""reproduce_at""]",7105,parent,exact_parent,"{""construction"":""until_nonzero"",""movement"":""stay_if_fed"",""reproduce_at"":12,""require_uncrowded"":false,""schema"":1,""traits"":{""construct"":1,""role"":""recycler"",""taste"":1}}",0,0,0,0,0,sha256:0de3e94243530c8699e44537a6d85f4e3a1b139c6b905a797a9a601763f8b541,sha256:bc88bef36f46cc6e6e33ed1e57fee1741d59b02aee7b481074fb21663684cd35,False,0,False,0,0,0,0,0,0,1301,1793,-492,,True,True,0,0,0,0
semantic-variation-v1,case-20,7,"[""movement"",""construction"",""reproduce_at""]",7105,typed_macro,valid,"{""construction"":""always"",""movement"":""seek_resource"",""reproduce_at"":18,""require_uncrowded"":false,""schema"":1,""traits"":{""construct"":1,""role"":""recycler"",""taste"":1}}",3,0.527777777778,0.75,0.666666666667,0.166666666667,sha256:0de3e94243530c8699e44537a6d85f4e3a1b139c6b905a797a9a601763f8b541,sha256:e57eac6b17ba7f55b991149d9365ea50118934e69cc099dc8a253fccd91a401e,False,0,False,0,0,0,0,0,0,166,145,21,1,False,True,0,0,0,0
semantic-variation-v1,case-20,7,"[""movement"",""construction"",""reproduce_at""]",7105,random_same_mask,valid,"{""construction"":""always"",""movement"":""default"",""reproduce_at"":16,""require_uncrowded"":false,""schema"":1,""traits"":{""construct"":1,""role"":""recycler"",""taste"":1}}",3,0.361111111111,0.25,0.666666666667,0.166666666667,sha256:0de3e94243530c8699e44537a6d85f4e3a1b139c6b905a797a9a601763f8b541,sha256:6e2af631bf057ee4b16941cf2e62ea1b55f7e746d830c341d826b816d83ca3e7,True,0.0689132567933,True,12.430364723,0.209303176694,12.2210615463,218,5,213,1080,1199,-119,6,False,True,0,0,0,0
semantic-variation-v1,case-20,7,"[""movement"",""construction"",""reproduce_at""]",7105,codex_agent_itt,valid,"{""construction"":""always"",""movement"":""seek_resource"",""reproduce_at"":18,""require_uncrowded"":false,""schema"":1,""traits"":{""construct"":1,""role"":""recycler"",""taste"":1}}",3,0.527777777778,0.75,0.666666666667,0.166666666667,sha256:0de3e94243530c8699e44537a6d85f4e3a1b139c6b905a797a9a601763f8b541,sha256:e57eac6b17ba7f55b991149d9365ea50118934e69cc099dc8a253fccd91a401e,False,0,False,0,0,0,0,0,0,166,145,21,1,False,True,0,0,0,0
semantic-variation-v1,case-20,7,"[""movement"",""construction"",""reproduce_at""]",7106,parent,exact_parent,"{""construction"":""until_nonzero"",""movement"":""stay_if_fed"",""reproduce_at"":12,""require_uncrowded"":false,""schema"":1,""traits"":{""construct"":1,""role"":""recycler"",""taste"":1}}",0,0,0,0,0,sha256:7c38697a374c73c1dfd3a1bc30000c94ef176d36672d9fbb1612c8c44797f5ce,sha256:a4ebb1ef98733db7a77ed708644fde338b91f6a60fe524958705d037b65d09b8,False,0,False,0,0,0,0,0,0,1167,869,298,1,False,True,0,0,0,0
semantic-variation-v1,case-20,7,"[""movement"",""construction"",""reproduce_at""]",7106,typed_macro,valid,"{""construction"":""always"",""movement"":""seek_resource"",""reproduce_at"":18,""require_uncrowded"":false,""schema"":1,""traits"":{""construct"":1,""role"":""recycler"",""taste"":1}}",3,0.527777777778,0.75,0.666666666667,0.166666666667,sha256:7c38697a374c73c1dfd3a1bc30000c94ef176d36672d9fbb1612c8c44797f5ce,sha256:0586a0605b38f0584a8ca09476dc33c924a9dec394d5ea2aab94959b4fe16b22,True,0.0640442281321,False,0,1.71078666247,-1.71078666247,0,37,-37,688,1056,-368,30,False,True,0,0,0,0
semantic-variation-v1,case-20,7,"[""movement"",""construction"",""reproduce_at""]",7106,random_same_mask,valid,"{""construction"":""always"",""movement"":""default"",""reproduce_at"":16,""require_uncrowded"":false,""schema"":1,""traits"":{""construct"":1,""role"":""recycler"",""taste"":1}}",3,0.361111111111,0.25,0.666666666667,0.166666666667,sha256:7c38697a374c73c1dfd3a1bc30000c94ef176d36672d9fbb1612c8c44797f5ce,sha256:d1f9ae197ab370b43596a63cb94b14f510b9e2ccbe84805fb464abf963eb6a35,True,0.0667093676885,False,0,0,0,0,0,0,1122,1223,-101,18,False,True,0,0,0,0
semantic-variation-v1,case-20,7,"[""movement"",""construction"",""reproduce_at""]",7106,codex_agent_itt,valid,"{""construction"":""always"",""movement"":""seek_resource"",""reproduce_at"":18,""require_uncrowded"":false,""schema"":1,""traits"":{""construct"":1,""role"":""recycler"",""taste"":1}}",3,0.527777777778,0.75,0.666666666667,0.166666666667,sha256:7c38697a374c73c1dfd3a1bc30000c94ef176d36672d9fbb1612c8c44797f5ce,sha256:0586a0605b38f0584a8ca09476dc33c924a9dec394d5ea2aab94959b4fe16b22,True,0.0640442281321,False,0,1.71078666247,-1.71078666247,0,37,-37,688,1056,-368,30,False,True,0,0,0,0
semantic-variation-v1,case-20,7,"[""movement"",""construction"",""reproduce_at""]",7107,parent,exact_parent,"{""construction"":""until_nonzero"",""movement"":""stay_if_fed"",""reproduce_at"":12,""require_uncrowded"":false,""schema"":1,""traits"":{""construct"":1,""role"":""recycler"",""taste"":1}}",0,0,0,0,0,sha256:82e05853b640ba41a0ef5bd86c413edd2379b1f62a430d0783d27ce8f27ec096,sha256:3652c81a34ab9b938f7f5306e5beb94422c6304411c97fbf7e827db31d7b716a,True,0.0463608094804,True,0,0,0,0,0,0,890,1832,-942,,True,True,0,0,0,0
semantic-variation-v1,case-20,7,"[""movement"",""construction"",""reproduce_at""]",7107,typed_macro,valid,"{""construction"":""always"",""movement"":""seek_resource"",""reproduce_at"":18,""require_uncrowded"":false,""schema"":1,""traits"":{""construct"":1,""role"":""recycler"",""taste"":1}}",3,0.527777777778,0.75,0.666666666667,0.166666666667,sha256:82e05853b640ba41a0ef5bd86c413edd2379b1f62a430d0783d27ce8f27ec096,sha256:722e80d96d38d1bc5e086ffd5b5d78e4867c651a2507a45f6ba91d73a77f1740,True,0.0355639575193,False,0,0,0,0,0,0,1750,1844,-94,19,False,True,0,0,0,0
semantic-variation-v1,case-20,7,"[""movement"",""construction"",""reproduce_at""]",7107,random_same_mask,valid,"{""construction"":""always"",""movement"":""default"",""reproduce_at"":16,""require_uncrowded"":false,""schema"":1,""traits"":{""construct"":1,""role"":""recycler"",""taste"":1}}",3,0.361111111111,0.25,0.666666666667,0.166666666667,sha256:82e05853b640ba41a0ef5bd86c413edd2379b1f62a430d0783d27ce8f27ec096,sha256:e59b3c31d6086e279058cf97c8a5534720327ec8b28e70d881f263b5245c890c,False,0,False,0,0,0,0,0,0,720,2351,-1631,,True,True,0,0,0,0
semantic-variation-v1,case-20,7,"[""movement"",""construction"",""reproduce_at""]",7107,codex_agent_itt,valid,"{""construction"":""always"",""movement"":""seek_resource"",""reproduce_at"":18,""require_uncrowded"":false,""schema"":1,""traits"":{""construct"":1,""role"":""recycler"",""taste"":1}}",3,0.527777777778,0.75,0.666666666667,0.166666666667,sha256:82e05853b640ba41a0ef5bd86c413edd2379b1f62a430d0783d27ce8f27ec096,sha256:722e80d96d38d1bc5e086ffd5b5d78e4867c651a2507a45f6ba91d73a77f1740,True,0.0355639575193,False,0,0,0,0,0,0,1750,1844,-94,19,False,True,0,0,0,0
semantic-variation-v1,case-21,7,"[""movement"",""construction"",""require_uncrowded""]",7100,parent,exact_parent,"{""construction"":""until_nonzero"",""movement"":""stay_if_fed"",""reproduce_at"":12,""require_uncrowded"":false,""schema"":1,""traits"":{""construct"":1,""role"":""recycler"",""taste"":1}}",0,0,0,0,0,sha256:e8bff0e4c74a22ccec8ffbd79b1add7bc7ac2b9f75300c1f75b14bc2e7267e6f,sha256:467cf81f7eb3b151a6c2913b42837cfe9b31e8c74fd4b2be9e5bcfefa7607190,False,0,False,0,0,0,0,0,0,1382,1704,-322,36,False,True,0,0,0,0
semantic-variation-v1,case-21,7,"[""movement"",""construction"",""require_uncrowded""]",7100,typed_macro,valid,"{""construction"":""always"",""movement"":""seek_resource"",""reproduce_at"":12,""require_uncrowded"":true,""schema"":1,""traits"":{""construct"":1,""role"":""recycler"",""taste"":1}}",3,0.583333333333,0.75,0.666666666667,0.333333333333,sha256:e8bff0e4c74a22ccec8ffbd79b1add7bc7ac2b9f75300c1f75b14bc2e7267e6f,sha256:a16056fea060f357992eb7269e65f138361228954edea4bae3ecb8b627fe68f7,False,0,False,0,0,0,0,0,0,1263,1668,-405,53,False,True,0,0,0,0
semantic-variation-v1,case-21,7,"[""movement"",""construction"",""require_uncrowded""]",7100,random_same_mask,valid,"{""construction"":""never"",""movement"":""seek_resource"",""reproduce_at"":12,""require_uncrowded"":true,""schema"":1,""traits"":{""construct"":1,""role"":""recycler"",""taste"":1}}",3,0.472222222222,0.75,0.333333333333,0.333333333333,sha256:e8bff0e4c74a22ccec8ffbd79b1add7bc7ac2b9f75300c1f75b14bc2e7267e6f,sha256:96186db91cede3d6d0a16625bdb8ca7dd611e8935c838dccb5d362065477b1dd,False,0,False,0,0,0,0,0,0,1468,1443,25,5,False,True,0,0,0,0
semantic-variation-v1,case-21,7,"[""movement"",""construction"",""require_uncrowded""]",7100,codex_agent_itt,valid,"{""construction"":""always"",""movement"":""seek_resource"",""reproduce_at"":12,""require_uncrowded"":true,""schema"":1,""traits"":{""construct"":1,""role"":""recycler"",""taste"":1}}",3,0.583333333333,0.75,0.666666666667,0.333333333333,sha256:e8bff0e4c74a22ccec8ffbd79b1add7bc7ac2b9f75300c1f75b14bc2e7267e6f,sha256:a16056fea060f357992eb7269e65f138361228954edea4bae3ecb8b627fe68f7,False,0,False,0,0,0,0,0,0,1263,1668,-405,53,False,True,0,0,0,0
semantic-variation-v1,case-21,7,"[""movement"",""construction"",""require_uncrowded""]",7101,parent,exact_parent,"{""construction"":""until_nonzero"",""movement"":""stay_if_fed"",""reproduce_at"":12,""require_uncrowded"":false,""schema"":1,""traits"":{""construct"":1,""role"":""recycler"",""taste"":1}}",0,0,0,0,0,sha256:c8be15f73aff0fa2bcd29b2469cc25f09d83a06ddb9aeda7e778dcbfd197b782,sha256:93876241c9aab0e3f1b696862b0a731e0d18bb0e5d8e8945a48f2eb01f0ca810,True,0.17030375363,True,11.8525572646,10.3018137321,1.55074353252,469,406,63,2363,2394,-31,7,False,True,0,0,0,0
semantic-variation-v1,case-21,7,"[""movement"",""construction"",""require_uncrowded""]",7101,typed_macro,valid,"{""construction"":""always"",""movement"":""seek_resource"",""reproduce_at"":12,""require_uncrowded"":true,""schema"":1,""traits"":{""construct"":1,""role"":""recycler"",""taste"":1}}",3,0.583333333333,0.75,0.666666666667,0.333333333333,sha256:c8be15f73aff0fa2bcd29b2469cc25f09d83a06ddb9aeda7e778dcbfd197b782,sha256:b933bdb723f34f3380aed4943dfff958fdf081c9594b4eee404e0410a2db2bac,True,0.224448756464,True,26.1938675835,25.9186857968,0.275181786714,608,766,-158,1414,1670,-256,5,False,True,0,0,0,0
semantic-variation-v1,case-21,7,"[""movement"",""construction"",""require_uncrowded""]",7101,random_same_mask,valid,"{""construction"":""never"",""movement"":""seek_resource"",""reproduce_at"":12,""require_uncrowded"":true,""schema"":1,""traits"":{""construct"":1,""role"":""recycler"",""taste"":1}}",3,0.472222222222,0.75,0.333333333333,0.333333333333,sha256:c8be15f73aff0fa2bcd29b2469cc25f09d83a06ddb9aeda7e778dcbfd197b782,sha256:75e6f83f5c40abbc1dc8d874b1dbc798869443437daa2b5176d7d26b1b8ecabd,False,0.0195092592593,False,0,0,0,0,0,0,1349,1064,285,5,False,True,0,0,0,0
semantic-variation-v1,case-21,7,"[""movement"",""construction"",""require_uncrowded""]",7101,codex_agent_itt,valid,"{""construction"":""always"",""movement"":""seek_resource"",""reproduce_at"":12,""require_uncrowded"":true,""schema"":1,""traits"":{""construct"":1,""role"":""recycler"",""taste"":1}}",3,0.583333333333,0.75,0.666666666667,0.333333333333,sha256:c8be15f73aff0fa2bcd29b2469cc25f09d83a06ddb9aeda7e778dcbfd197b782,sha256:b933bdb723f34f3380aed4943dfff958fdf081c9594b4eee404e0410a2db2bac,True,0.224448756464,True,26.1938675835,25.9186857968,0.275181786714,608,766,-158,1414,1670,-256,5,False,True,0,0,0,0
semantic-variation-v1,case-21,7,"[""movement"",""construction"",""require_uncrowded""]",7102,parent,exact_parent,"{""construction"":""until_nonzero"",""movement"":""stay_if_fed"",""reproduce_at"":12,""require_uncrowded"":false,""schema"":1,""traits"":{""construct"":1,""role"":""recycler"",""taste"":1}}",0,0,0,0,0,sha256:4a0c2036a0b774d9a76313acad1cdc63869a11a581cfebc9f643294b46ce6be9,sha256:bcb54c2daa5d913ce69a2ffee0eb535387fbf7644dd4bbbf7be00dbff102ce97,False,0,False,0,0,0,0,0,0,232,187,45,2,False,True,0,0,0,0
semantic-variation-v1,case-21,7,"[""movement"",""construction"",""require_uncrowded""]",7102,typed_macro,valid,"{""construction"":""always"",""movement"":""seek_resource"",""reproduce_at"":12,""require_uncrowded"":true,""schema"":1,""traits"":{""construct"":1,""role"":""recycler"",""taste"":1}}",3,0.583333333333,0.75,0.666666666667,0.333333333333,sha256:4a0c2036a0b774d9a76313acad1cdc63869a11a581cfebc9f643294b46ce6be9,sha256:3c9e3591a7efc9e4b73c127cc2a060a9a52bd558091844fd4554c2d8a3393b32,True,0.0582851200327,False,0,0,0,0,0,0,383,1354,-971,,True,True,0,0,0,0
semantic-variation-v1,case-21,7,"[""movement"",""construction"",""require_uncrowded""]",7102,random_same_mask,valid,"{""construction"":""never"",""movement"":""seek_resource"",""reproduce_at"":12,""require_uncrowded"":true,""schema"":1,""traits"":{""construct"":1,""role"":""recycler"",""taste"":1}}",3,0.472222222222,0.75,0.333333333333,0.333333333333,sha256:4a0c2036a0b774d9a76313acad1cdc63869a11a581cfebc9f643294b46ce6be9,sha256:94f0220840959293c997156608676cd91d7ee6d569f62babb0201e85a169138c,False,0,False,0,0,0,0,0,0,832,1555,-723,,True,True,0,0,0,0
semantic-variation-v1,case-21,7,"[""movement"",""construction"",""require_uncrowded""]",7102,codex_agent_itt,valid,"{""construction"":""always"",""movement"":""seek_resource"",""reproduce_at"":12,""require_uncrowded"":true,""schema"":1,""traits"":{""construct"":1,""role"":""recycler"",""taste"":1}}",3,0.583333333333,0.75,0.666666666667,0.333333333333,sha256:4a0c2036a0b774d9a76313acad1cdc63869a11a581cfebc9f643294b46ce6be9,sha256:3c9e3591a7efc9e4b73c127cc2a060a9a52bd558091844fd4554c2d8a3393b32,True,0.0582851200327,False,0,0,0,0,0,0,383,1354,-971,,True,True,0,0,0,0
semantic-variation-v1,case-21,7,"[""movement"",""construction"",""require_uncrowded""]",7103,parent,exact_parent,"{""construction"":""until_nonzero"",""movement"":""stay_if_fed"",""reproduce_at"":12,""require_uncrowded"":false,""schema"":1,""traits"":{""construct"":1,""role"":""recycler"",""taste"":1}}",0,0,0,0,0,sha256:2a2e035fd8ff68b1a8c03537ac21e113ac00d11d77a96ab524ddaad15637c961,sha256:026e174e309225fdf281123e197fbd30f8c1c845e33acc19089c95a29c65a553,False,0,False,0,0,0,0,0,0,1356,1903,-547,12,False,True,0,0,0,0
semantic-variation-v1,case-21,7,"[""movement"",""construction"",""require_uncrowded""]",7103,typed_macro,valid,"{""construction"":""always"",""movement"":""seek_resource"",""reproduce_at"":12,""require_uncrowded"":true,""schema"":1,""traits"":{""construct"":1,""role"":""recycler"",""taste"":1}}",3,0.583333333333,0.75,0.666666666667,0.333333333333,sha256:2a2e035fd8ff68b1a8c03537ac21e113ac00d11d77a96ab524ddaad15637c961,sha256:0863f6bdac1b8466b3ab211c7e792e79ff49ee48b9038b03c42cac435a2f533b,False,0,False,0,0,0,0,0,0,2134,3304,-1170,,True,True,0,0,0,0
semantic-variation-v1,case-21,7,"[""movement"",""construction"",""require_uncrowded""]",7103,random_same_mask,valid,"{""construction"":""never"",""movement"":""seek_resource"",""reproduce_at"":12,""require_uncrowded"":true,""schema"":1,""traits"":{""construct"":1,""role"":""recycler"",""taste"":1}}",3,0.472222222222,0.75,0.333333333333,0.333333333333,sha256:2a2e035fd8ff68b1a8c03537ac21e113ac00d11d77a96ab524ddaad15637c961,sha256:feb7e20a73dc823078adfcfaf219035edfcd1744a9a7a6dc294698e0b086635f,False,0.0024099883856,False,0,0,0,0,0,0,2668,3303,-635,,True,True,0,0,0,0
semantic-variation-v1,case-21,7,"[""movement"",""construction"",""require_uncrowded""]",7103,codex_agent_itt,valid,"{""construction"":""always"",""movement"":""seek_resource"",""reproduce_at"":12,""require_uncrowded"":true,""schema"":1,""traits"":{""construct"":1,""role"":""recycler"",""taste"":1}}",3,0.583333333333,0.75,0.666666666667,0.333333333333,sha256:2a2e035fd8ff68b1a8c03537ac21e113ac00d11d77a96ab524ddaad15637c961,sha256:0863f6bdac1b8466b3ab211c7e792e79ff49ee48b9038b03c42cac435a2f533b,False,0,False,0,0,0,0,0,0,2134,3304,-1170,,True,True,0,0,0,0
semantic-variation-v1,case-21,7,"[""movement"",""construction"",""require_uncrowded""]",7104,parent,exact_parent,"{""construction"":""until_nonzero"",""movement"":""stay_if_fed"",""reproduce_at"":12,""require_uncrowded"":false,""schema"":1,""traits"":{""construct"":1,""role"":""recycler"",""taste"":1}}",0,0,0,0,0,sha256:68c05ab61f461132a9462697750238e243588b9ce96a23b739870db3e20fdf8b,sha256:447d03432d21134732ee4a11c0e1f8d1a4ba8fa64709a6957b9682d20c01703c,True,0.225658123566,True,2.37626502618,1.29452742513,1.08173760105,67,39,28,1765,1845,-80,7,False,True,0,0,0,0
semantic-variation-v1,case-21,7,"[""movement"",""construction"",""require_uncrowded""]",7104,typed_macro,valid,"{""construction"":""always"",""movement"":""seek_resource"",""reproduce_at"":12,""require_uncrowded"":true,""schema"":1,""traits"":{""construct"":1,""role"":""recycler"",""taste"":1}}",3,0.583333333333,0.75,0.666666666667,0.333333333333,sha256:68c05ab61f461132a9462697750238e243588b9ce96a23b739870db3e20fdf8b,sha256:a0b76b6a42f5246227c9d19face7d75d32dab6296baa56b142777d831b100d3f,True,0.242269488414,True,19.9007249315,18.9683265972,0.932398334379,782,1191,-409,2298,3716,-1418,,True,True,0,0,0,0
semantic-variation-v1,case-21,7,"[""movement"",""construction"",""require_uncrowded""]",7104,random_same_mask,valid,"{""construction"":""never"",""movement"":""seek_resource"",""reproduce_at"":12,""require_uncrowded"":true,""schema"":1,""traits"":{""construct"":1,""role"":""recycler"",""taste"":1}}",3,0.472222222222,0.75,0.333333333333,0.333333333333,sha256:68c05ab61f461132a9462697750238e243588b9ce96a23b739870db3e20fdf8b,sha256:5b6f429c5ac43d8e2374e9c852d1229fe4930f7a2e3b830a62d231dcfce2bcc6,True,0.32807265854,True,23.0621120312,19.5493328544,3.51277917684,884,902,-18,2274,2775,-501,50,False,True,0,0,0,0
semantic-variation-v1,case-21,7,"[""movement"",""construction"",""require_uncrowded""]",7104,codex_agent_itt,valid,"{""construction"":""always"",""movement"":""seek_resource"",""reproduce_at"":12,""require_uncrowded"":true,""schema"":1,""traits"":{""construct"":1,""role"":""recycler"",""taste"":1}}",3,0.583333333333,0.75,0.666666666667,0.333333333333,sha256:68c05ab61f461132a9462697750238e243588b9ce96a23b739870db3e20fdf8b,sha256:a0b76b6a42f5246227c9d19face7d75d32dab6296baa56b142777d831b100d3f,True,0.242269488414,True,19.9007249315,18.9683265972,0.932398334379,782,1191,-409,2298,3716,-1418,,True,True,0,0,0,0
semantic-variation-v1,case-21,7,"[""movement"",""construction"",""require_uncrowded""]",7105,parent,exact_parent,"{""construction"":""until_nonzero"",""movement"":""stay_if_fed"",""reproduce_at"":12,""require_uncrowded"":false,""schema"":1,""traits"":{""construct"":1,""role"":""recycler"",""taste"":1}}",0,0,0,0,0,sha256:0de3e94243530c8699e44537a6d85f4e3a1b139c6b905a797a9a601763f8b541,sha256:1baf80f4202c189cc8d24262b2ba84b0d14d8e20c7c7e9eb23a70d2710932a46,False,0,False,0,0,0,0,0,0,1301,1793,-492,,True,True,0,0,0,0
semantic-variation-v1,case-21,7,"[""movement"",""construction"",""require_uncrowded""]",7105,typed_macro,valid,"{""construction"":""always"",""movement"":""seek_resource"",""reproduce_at"":12,""require_uncrowded"":true,""schema"":1,""traits"":{""construct"":1,""role"":""recycler"",""taste"":1}}",3,0.583333333333,0.75,0.666666666667,0.333333333333,sha256:0de3e94243530c8699e44537a6d85f4e3a1b139c6b905a797a9a601763f8b541,sha256:e0b5e3b78f973fb589c914b0268ec51c64b1bb417f9e747de13b97a29e8c38aa,True,0.390119047619,True,11.1370684871,29.7630952381,-18.626026751,119,151,-32,254,294,-40,1,False,True,0,0,0,0
semantic-variation-v1,case-21,7,"[""movement"",""construction"",""require_uncrowded""]",7105,random_same_mask,valid,"{""construction"":""never"",""movement"":""seek_resource"",""reproduce_at"":12,""require_uncrowded"":true,""schema"":1,""traits"":{""construct"":1,""role"":""recycler"",""taste"":1}}",3,0.472222222222,0.75,0.333333333333,0.333333333333,sha256:0de3e94243530c8699e44537a6d85f4e3a1b139c6b905a797a9a601763f8b541,sha256:7c6736df74d41a0d48e6507ce450c7fc8ec79554f2a47877c78bd9fd2ce17cc7,False,0,False,0,0,0,0,0,0,152,662,-510,,True,True,0,0,0,0
semantic-variation-v1,case-21,7,"[""movement"",""construction"",""require_uncrowded""]",7105,codex_agent_itt,valid,"{""construction"":""always"",""movement"":""seek_resource"",""reproduce_at"":12,""require_uncrowded"":true,""schema"":1,""traits"":{""construct"":1,""role"":""recycler"",""taste"":1}}",3,0.583333333333,0.75,0.666666666667,0.333333333333,sha256:0de3e94243530c8699e44537a6d85f4e3a1b139c6b905a797a9a601763f8b541,sha256:e0b5e3b78f973fb589c914b0268ec51c64b1bb417f9e747de13b97a29e8c38aa,True,0.390119047619,True,11.1370684871,29.7630952381,-18.626026751,119,151,-32,254,294,-40,1,False,True,0,0,0,0
semantic-variation-v1,case-21,7,"[""movement"",""construction"",""require_uncrowded""]",7106,parent,exact_parent,"{""construction"":""until_nonzero"",""movement"":""stay_if_fed"",""reproduce_at"":12,""require_uncrowded"":false,""schema"":1,""traits"":{""construct"":1,""role"":""recycler"",""taste"":1}}",0,0,0,0,0,sha256:7c38697a374c73c1dfd3a1bc30000c94ef176d36672d9fbb1612c8c44797f5ce,sha256:05cef4576f53a197f5eda7da1bcd6927785dd2aa4ef3d070c12002fcc44a5342,False,0,False,0,0,0,0,0,0,1167,869,298,1,False,True,0,0,0,0
semantic-variation-v1,case-21,7,"[""movement"",""construction"",""require_uncrowded""]",7106,typed_macro,valid,"{""construction"":""always"",""movement"":""seek_resource"",""reproduce_at"":12,""require_uncrowded"":true,""schema"":1,""traits"":{""construct"":1,""role"":""recycler"",""taste"":1}}",3,0.583333333333,0.75,0.666666666667,0.333333333333,sha256:7c38697a374c73c1dfd3a1bc30000c94ef176d36672d9fbb1612c8c44797f5ce,sha256:b4a67f4fd7353b90d201ff9bf6b5ab17db5a6cb26244a4a340193cf6ea37de76,False,0,False,0,0,0,0,0,0,897,1438,-541,,True,True,0,0,0,0
semantic-variation-v1,case-21,7,"[""movement"",""construction"",""require_uncrowded""]",7106,random_same_mask,valid,"{""construction"":""never"",""movement"":""seek_resource"",""reproduce_at"":12,""require_uncrowded"":true,""schema"":1,""traits"":{""construct"":1,""role"":""recycler"",""taste"":1}}",3,0.472222222222,0.75,0.333333333333,0.333333333333,sha256:7c38697a374c73c1dfd3a1bc30000c94ef176d36672d9fbb1612c8c44797f5ce,sha256:7f907f4c3efacf8bd95b48ad15f745f1950f037b3d1ffcb4e0884671a4b5e984,False,0,False,0,0,0,0,0,0,162,478,-316,,True,True,0,0,0,0
semantic-variation-v1,case-21,7,"[""movement"",""construction"",""require_uncrowded""]",7106,codex_agent_itt,valid,"{""construction"":""always"",""movement"":""seek_resource"",""reproduce_at"":12,""require_uncrowded"":true,""schema"":1,""traits"":{""construct"":1,""role"":""recycler"",""taste"":1}}",3,0.583333333333,0.75,0.666666666667,0.333333333333,sha256:7c38697a374c73c1dfd3a1bc30000c94ef176d36672d9fbb1612c8c44797f5ce,sha256:b4a67f4fd7353b90d201ff9bf6b5ab17db5a6cb26244a4a340193cf6ea37de76,False,0,False,0,0,0,0,0,0,897,1438,-541,,True,True,0,0,0,0
semantic-variation-v1,case-21,7,"[""movement"",""construction"",""require_uncrowded""]",7107,parent,exact_parent,"{""construction"":""until_nonzero"",""movement"":""stay_if_fed"",""reproduce_at"":12,""require_uncrowded"":false,""schema"":1,""traits"":{""construct"":1,""role"":""recycler"",""taste"":1}}",0,0,0,0,0,sha256:82e05853b640ba41a0ef5bd86c413edd2379b1f62a430d0783d27ce8f27ec096,sha256:f2c868f510444cf21204df21ef6ce4c92531e6f1c39a916959714f7d9d209dc3,True,0.0463608094804,True,0,0,0,0,0,0,890,1832,-942,,True,True,0,0,0,0
semantic-variation-v1,case-21,7,"[""movement"",""construction"",""require_uncrowded""]",7107,typed_macro,valid,"{""construction"":""always"",""movement"":""seek_resource"",""reproduce_at"":12,""require_uncrowded"":true,""schema"":1,""traits"":{""construct"":1,""role"":""recycler"",""taste"":1}}",3,0.583333333333,0.75,0.666666666667,0.333333333333,sha256:82e05853b640ba41a0ef5bd86c413edd2379b1f62a430d0783d27ce8f27ec096,sha256:91a29fd12920f3ab740df8b670060c379ba6f99ce844ead8fa598df5dfda924c,True,0.0877384181956,False,0,6.65021791696,-6.65021791696,0,228,-228,1451,2022,-571,,True,True,0,0,0,0
semantic-variation-v1,case-21,7,"[""movement"",""construction"",""require_uncrowded""]",7107,random_same_mask,valid,"{""construction"":""never"",""movement"":""seek_resource"",""reproduce_at"":12,""require_uncrowded"":true,""schema"":1,""traits"":{""construct"":1,""role"":""recycler"",""taste"":1}}",3,0.472222222222,0.75,0.333333333333,0.333333333333,sha256:82e05853b640ba41a0ef5bd86c413edd2379b1f62a430d0783d27ce8f27ec096,sha256:8922f12ba188f610da84f5871b07eac147293b8775ef49a5f6af8ac167e3349b,True,0.043089248155,True,1.04113347093,0.707277167277,0.333856303655,19,19,0,1259,1544,-285,36,False,True,0,0,0,0
semantic-variation-v1,case-21,7,"[""movement"",""construction"",""require_uncrowded""]",7107,codex_agent_itt,valid,"{""construction"":""always"",""movement"":""seek_resource"",""reproduce_at"":12,""require_uncrowded"":true,""schema"":1,""traits"":{""construct"":1,""role"":""recycler"",""taste"":1}}",3,0.583333333333,0.75,0.666666666667,0.333333333333,sha256:82e05853b640ba41a0ef5bd86c413edd2379b1f62a430d0783d27ce8f27ec096,sha256:91a29fd12920f3ab740df8b670060c379ba6f99ce844ead8fa598df5dfda924c,True,0.0877384181956,False,0,6.65021791696,-6.65021791696,0,228,-228,1451,2022,-571,,True,True,0,0,0,0
semantic-variation-v1,case-22,7,"[""movement"",""reproduce_at"",""require_uncrowded""]",7100,parent,exact_parent,"{""construction"":""until_nonzero"",""movement"":""stay_if_fed"",""reproduce_at"":12,""require_uncrowded"":false,""schema"":1,""traits"":{""construct"":1,""role"":""recycler"",""taste"":1}}",0,0,0,0,0,sha256:e8bff0e4c74a22ccec8ffbd79b1add7bc7ac2b9f75300c1f75b14bc2e7267e6f,sha256:2df72657eac102e48311b53a5b6501680969184c1464c86721c06c8de97fc531,False,0,False,0,0,0,0,0,0,1382,1704,-322,36,False,True,0,0,0,0
semantic-variation-v1,case-22,7,"[""movement"",""reproduce_at"",""require_uncrowded""]",7100,typed_macro,valid,"{""construction"":""until_nonzero"",""movement"":""seek_resource"",""reproduce_at"":18,""require_uncrowded"":true,""schema"":1,""traits"":{""construct"":1,""role"":""recycler"",""taste"":1}}",3,0.388888888889,0.75,0,0.416666666667,sha256:e8bff0e4c74a22ccec8ffbd79b1add7bc7ac2b9f75300c1f75b14bc2e7267e6f,sha256:d9c77f15567000dbf9cf111dbbb5d150431ea2156a190906614763f7bc0fb6a6,False,0,False,0,0,0,0,0,0,1157,2185,-1028,,True,True,0,0,0,0
semantic-variation-v1,case-22,7,"[""movement"",""reproduce_at"",""require_uncrowded""]",7100,random_same_mask,valid,"{""construction"":""until_nonzero"",""movement"":""seek_opposite"",""reproduce_at"":9,""require_uncrowded"":true,""schema"":1,""traits"":{""construct"":1,""role"":""recycler"",""taste"":1}}",3,0.409722222222,0.8125,0,0.416666666667,sha256:e8bff0e4c74a22ccec8ffbd79b1add7bc7ac2b9f75300c1f75b14bc2e7267e6f,sha256:abce74bd9c61a6a8b267f3de405489298b73513879e8f1ac6dd2bf9d4465bd75,False,0,False,0,0,0,0,0,0,1382,1704,-322,36,False,True,0,0,0,0
semantic-variation-v1,case-22,7,"[""movement"",""reproduce_at"",""require_uncrowded""]",7100,codex_agent_itt,valid,"{""construction"":""until_nonzero"",""movement"":""seek_resource"",""reproduce_at"":16,""require_uncrowded"":true,""schema"":1,""traits"":{""construct"":1,""role"":""recycler"",""taste"":1}}",3,0.388888888889,0.75,0,0.416666666667,sha256:e8bff0e4c74a22ccec8ffbd79b1add7bc7ac2b9f75300c1f75b14bc2e7267e6f,sha256:b50375af4e217f4332f9eabe21f0cc5e18798dbeba75060193e8da05811726b2,False,0,False,0,0,0,0,0,0,1157,2185,-1028,,True,True,0,0,0,0
semantic-variation-v1,case-22,7,"[""movement"",""reproduce_at"",""require_uncrowded""]",7101,parent,exact_parent,"{""construction"":""until_nonzero"",""movement"":""stay_if_fed"",""reproduce_at"":12,""require_uncrowded"":false,""schema"":1,""traits"":{""construct"":1,""role"":""recycler"",""taste"":1}}",0,0,0,0,0,sha256:c8be15f73aff0fa2bcd29b2469cc25f09d83a06ddb9aeda7e778dcbfd197b782,sha256:fa734a5d52f1ed38344dc7d1a85a147c795bc8d96def5b1d3733729ea7977524,True,0.17030375363,True,11.8525572646,10.3018137321,1.55074353252,469,406,63,2363,2394,-31,7,False,True,0,0,0,0
semantic-variation-v1,case-22,7,"[""movement"",""reproduce_at"",""require_uncrowded""]",7101,typed_macro,valid,"{""construction"":""until_nonzero"",""movement"":""seek_resource"",""reproduce_at"":18,""require_uncrowded"":true,""schema"":1,""traits"":{""construct"":1,""role"":""recycler"",""taste"":1}}",3,0.388888888889,0.75,0,0.416666666667,sha256:c8be15f73aff0fa2bcd29b2469cc25f09d83a06ddb9aeda7e778dcbfd197b782,sha256:648bb77ed7cb4e0eb54406530a0b807976a05f665da806312ebefbef8ac5ca9b,False,0,False,0,0,0,0,0,0,811,1064,-253,1,False,True,0,0,0,0
semantic-variation-v1,case-22,7,"[""movement"",""reproduce_at"",""require_uncrowded""]",7101,random_same_mask,valid,"{""construction"":""until_nonzero"",""movement"":""seek_opposite"",""reproduce_at"":9,""require_uncrowded"":true,""schema"":1,""traits"":{""construct"":1,""role"":""recycler"",""taste"":1}}",3,0.409722222222,0.8125,0,0.416666666667,sha256:c8be15f73aff0fa2bcd29b2469cc25f09d83a06ddb9aeda7e778dcbfd197b782,sha256:dc309d00fcbd33d4daeb9e198d22d9b3e67f089deb2368f3f76d1d81bbc636a0,True,0.0737969296198,True,0.0416666666667,9.20998040761,-9.16831374094,1,289,-288,1518,1893,-375,6,False,True,0,0,0,0
semantic-variation-v1,case-22,7,"[""movement"",""reproduce_at"",""require_uncrowded""]",7101,codex_agent_itt,valid,"{""construction"":""until_nonzero"",""movement"":""seek_resource"",""reproduce_at"":16,""require_uncrowded"":true,""schema"":1,""traits"":{""construct"":1,""role"":""recycler"",""taste"":1}}",3,0.388888888889,0.75,0,0.416666666667,sha256:c8be15f73aff0fa2bcd29b2469cc25f09d83a06ddb9aeda7e778dcbfd197b782,sha256:02519778e7ae0c72d6b43d14a4aed0dfcb1c0c35a1733f21d4097dbe3d7a3668,False,0,False,0,0,0,0,0,0,314,1770,-1456,,True,True,0,0,0,0
semantic-variation-v1,case-22,7,"[""movement"",""reproduce_at"",""require_uncrowded""]",7102,parent,exact_parent,"{""construction"":""until_nonzero"",""movement"":""stay_if_fed"",""reproduce_at"":12,""require_uncrowded"":false,""schema"":1,""traits"":{""construct"":1,""role"":""recycler"",""taste"":1}}",0,0,0,0,0,sha256:4a0c2036a0b774d9a76313acad1cdc63869a11a581cfebc9f643294b46ce6be9,sha256:b9aba67e15c88eaad075f73cdda1c8aab76674c01782178593a11d9f8da16b28,False,0,False,0,0,0,0,0,0,232,187,45,2,False,True,0,0,0,0
semantic-variation-v1,case-22,7,"[""movement"",""reproduce_at"",""require_uncrowded""]",7102,typed_macro,valid,"{""construction"":""until_nonzero"",""movement"":""seek_resource"",""reproduce_at"":18,""require_uncrowded"":true,""schema"":1,""traits"":{""construct"":1,""role"":""recycler"",""taste"":1}}",3,0.388888888889,0.75,0,0.416666666667,sha256:4a0c2036a0b774d9a76313acad1cdc63869a11a581cfebc9f643294b46ce6be9,sha256:0bd87d624e60216526be9d126c4c844daddc81c761ce28d3e4ec0c007c421b96,False,0,False,0,0,0,0,0,0,1249,1453,-204,20,False,True,0,0,0,0
semantic-variation-v1,case-22,7,"[""movement"",""reproduce_at"",""require_uncrowded""]",7102,random_same_mask,valid,"{""construction"":""until_nonzero"",""movement"":""seek_opposite"",""reproduce_at"":9,""require_uncrowded"":true,""schema"":1,""traits"":{""construct"":1,""role"":""recycler"",""taste"":1}}",3,0.409722222222,0.8125,0,0.416666666667,sha256:4a0c2036a0b774d9a76313acad1cdc63869a11a581cfebc9f643294b46ce6be9,sha256:892eec9d40f369bd60b57c3aea6058ca7bac5524a08d2fe3655e5f1bf45e4b5b,True,0.0799958843763,True,0.619894754033,0,0.619894754033,15,0,15,1635,2399,-764,1,False,True,0,0,0,0
semantic-variation-v1,case-22,7,"[""movement"",""reproduce_at"",""require_uncrowded""]",7102,codex_agent_itt,valid,"{""construction"":""until_nonzero"",""movement"":""seek_resource"",""reproduce_at"":16,""require_uncrowded"":true,""schema"":1,""traits"":{""construct"":1,""role"":""recycler"",""taste"":1}}",3,0.388888888889,0.75,0,0.416666666667,sha256:4a0c2036a0b774d9a76313acad1cdc63869a11a581cfebc9f643294b46ce6be9,sha256:6ee81a29f04d6dc7e29880dc50cdfd9d0eeed55e0433b0716a50669e4d248dd6,False,0,False,0,0,0,0,0,0,183,130,53,23,False,True,0,0,0,0
semantic-variation-v1,case-22,7,"[""movement"",""reproduce_at"",""require_uncrowded""]",7103,parent,exact_parent,"{""construction"":""until_nonzero"",""movement"":""stay_if_fed"",""reproduce_at"":12,""require_uncrowded"":false,""schema"":1,""traits"":{""construct"":1,""role"":""recycler"",""taste"":1}}",0,0,0,0,0,sha256:2a2e035fd8ff68b1a8c03537ac21e113ac00d11d77a96ab524ddaad15637c961,sha256:89a536856b76256e64df5e0580c0c9c167735d9a50b9f4d7e8712d1e808cc2cd,False,0,False,0,0,0,0,0,0,1356,1903,-547,12,False,True,0,0,0,0
semantic-variation-v1,case-22,7,"[""movement"",""reproduce_at"",""require_uncrowded""]",7103,typed_macro,valid,"{""construction"":""until_nonzero"",""movement"":""seek_resource"",""reproduce_at"":18,""require_uncrowded"":true,""schema"":1,""traits"":{""construct"":1,""role"":""recycler"",""taste"":1}}",3,0.388888888889,0.75,0,0.416666666667,sha256:2a2e035fd8ff68b1a8c03537ac21e113ac00d11d77a96ab524ddaad15637c961,sha256:03240710564246ff4520d46c0ce854d8c68eb8d9170a4a0a690275a24b83ba5a,False,0,False,0,0,0,0,0,0,2681,2976,-295,18,False,True,0,0,0,0
semantic-variation-v1,case-22,7,"[""movement"",""reproduce_at"",""require_uncrowded""]",7103,random_same_mask,valid,"{""construction"":""until_nonzero"",""movement"":""seek_opposite"",""reproduce_at"":9,""require_uncrowded"":true,""schema"":1,""traits"":{""construct"":1,""role"":""recycler"",""taste"":1}}",3,0.409722222222,0.8125,0,0.416666666667,sha256:2a2e035fd8ff68b1a8c03537ac21e113ac00d11d77a96ab524ddaad15637c961,sha256:aa42c752aff3e7243bc578ff6d93cc8d3cd6bef7a6d154f514def937e7ff7373,False,0,False,0,0,0,0,0,0,2387,2987,-600,46,False,True,0,0,0,0
semantic-variation-v1,case-22,7,"[""movement"",""reproduce_at"",""require_uncrowded""]",7103,codex_agent_itt,valid,"{""construction"":""until_nonzero"",""movement"":""seek_resource"",""reproduce_at"":16,""require_uncrowded"":true,""schema"":1,""traits"":{""construct"":1,""role"":""recycler"",""taste"":1}}",3,0.388888888889,0.75,0,0.416666666667,sha256:2a2e035fd8ff68b1a8c03537ac21e113ac00d11d77a96ab524ddaad15637c961,sha256:eaa8d247f69d4b440d175269116bc5289f40ebc96788ed852d23c48884662278,False,0.00547258297258,False,0,0,0,0,0,0,2978,3791,-813,30,False,True,0,0,0,0
semantic-variation-v1,case-22,7,"[""movement"",""reproduce_at"",""require_uncrowded""]",7104,parent,exact_parent,"{""construction"":""until_nonzero"",""movement"":""stay_if_fed"",""reproduce_at"":12,""require_uncrowded"":false,""schema"":1,""traits"":{""construct"":1,""role"":""recycler"",""taste"":1}}",0,0,0,0,0,sha256:68c05ab61f461132a9462697750238e243588b9ce96a23b739870db3e20fdf8b,sha256:1534dad9ba0b826e435eb5f52c2032e550e454a9fbd26350a12db0adceb612fe,True,0.225658123566,True,2.37626502618,1.29452742513,1.08173760105,67,39,28,1765,1845,-80,7,False,True,0,0,0,0
semantic-variation-v1,case-22,7,"[""movement"",""reproduce_at"",""require_uncrowded""]",7104,typed_macro,valid,"{""construction"":""until_nonzero"",""movement"":""seek_resource"",""reproduce_at"":18,""require_uncrowded"":true,""schema"":1,""traits"":{""construct"":1,""role"":""recycler"",""taste"":1}}",3,0.388888888889,0.75,0,0.416666666667,sha256:68c05ab61f461132a9462697750238e243588b9ce96a23b739870db3e20fdf8b,sha256:5dddac4244e4e57ea2e4259fa745326548c74eeca631792d8d0db9d6439ffffd,True,0.188877104176,True,2.86348651349,0.484005697798,2.37948081569,33,18,15,929,1897,-968,,True,True,0,0,0,0
semantic-variation-v1,case-22,7,"[""movement"",""reproduce_at"",""require_uncrowded""]",7104,random_same_mask,valid,"{""construction"":""until_nonzero"",""movement"":""seek_opposite"",""reproduce_at"":9,""require_uncrowded"":true,""schema"":1,""traits"":{""construct"":1,""role"":""recycler"",""taste"":1}}",3,0.409722222222,0.8125,0,0.416666666667,sha256:68c05ab61f461132a9462697750238e243588b9ce96a23b739870db3e20fdf8b,sha256:913154c5c71ad21af2389bffd2caa42a711046471c0035a54fc784f1ac0cedfe,False,0,False,0,0,0,0,0,0,1516,1642,-126,24,False,True,0,0,0,0
semantic-variation-v1,case-22,7,"[""movement"",""reproduce_at"",""require_uncrowded""]",7104,codex_agent_itt,valid,"{""construction"":""until_nonzero"",""movement"":""seek_resource"",""reproduce_at"":16,""require_uncrowded"":true,""schema"":1,""traits"":{""construct"":1,""role"":""recycler"",""taste"":1}}",3,0.388888888889,0.75,0,0.416666666667,sha256:68c05ab61f461132a9462697750238e243588b9ce96a23b739870db3e20fdf8b,sha256:38013a7c04577c9cda3d983b21d069a68f8f3ed3f5ab1c2262a64bc77f843e4a,True,0.0694656926547,True,2.19729602451,0,2.19729602451,77,0,77,2366,2550,-184,8,False,True,0,0,0,0
semantic-variation-v1,case-22,7,"[""movement"",""reproduce_at"",""require_uncrowded""]",7105,parent,exact_parent,"{""construction"":""until_nonzero"",""movement"":""stay_if_fed"",""reproduce_at"":12,""require_uncrowded"":false,""schema"":1,""traits"":{""construct"":1,""role"":""recycler"",""taste"":1}}",0,0,0,0,0,sha256:0de3e94243530c8699e44537a6d85f4e3a1b139c6b905a797a9a601763f8b541,sha256:4a065fea7d3c5a5ecc655798dbc84b3253c58adb860b7d535e5dc78c225680a9,False,0,False,0,0,0,0,0,0,1301,1793,-492,,True,True,0,0,0,0
semantic-variation-v1,case-22,7,"[""movement"",""reproduce_at"",""require_uncrowded""]",7105,typed_macro,valid,"{""construction"":""until_nonzero"",""movement"":""seek_resource"",""reproduce_at"":18,""require_uncrowded"":true,""schema"":1,""traits"":{""construct"":1,""role"":""recycler"",""taste"":1}}",3,0.388888888889,0.75,0,0.416666666667,sha256:0de3e94243530c8699e44537a6d85f4e3a1b139c6b905a797a9a601763f8b541,sha256:b92b717eab12b461291106417505afed07198c6c3e475c2dd3ab6731f39a111a,False,0,False,0,0,0,0,0,0,582,1188,-606,,True,True,0,0,0,0
semantic-variation-v1,case-22,7,"[""movement"",""reproduce_at"",""require_uncrowded""]",7105,random_same_mask,valid,"{""construction"":""until_nonzero"",""movement"":""seek_opposite"",""reproduce_at"":9,""require_uncrowded"":true,""schema"":1,""traits"":{""construct"":1,""role"":""recycler"",""taste"":1}}",3,0.409722222222,0.8125,0,0.416666666667,sha256:0de3e94243530c8699e44537a6d85f4e3a1b139c6b905a797a9a601763f8b541,sha256:9562f922fc098491f6cf3f339f164c52fbf2dcdd5f6a26d899e7586b4dc47ca7,False,0,False,0,0,0,0,0,0,28,49,-21,7,False,True,0,0,0,0
semantic-variation-v1,case-22,7,"[""movement"",""reproduce_at"",""require_uncrowded""]",7105,codex_agent_itt,valid,"{""construction"":""until_nonzero"",""movement"":""seek_resource"",""reproduce_at"":16,""require_uncrowded"":true,""schema"":1,""traits"":{""construct"":1,""role"":""recycler"",""taste"":1}}",3,0.388888888889,0.75,0,0.416666666667,sha256:0de3e94243530c8699e44537a6d85f4e3a1b139c6b905a797a9a601763f8b541,sha256:ac2df094a6121fdcbd68148525c26df701b8c0d04cd63660d35bed6051205fae,False,0,False,0,0,0,0,0,0,560,948,-388,,True,True,0,0,0,0
semantic-variation-v1,case-22,7,"[""movement"",""reproduce_at"",""require_uncrowded""]",7106,parent,exact_parent,"{""construction"":""until_nonzero"",""movement"":""stay_if_fed"",""reproduce_at"":12,""require_uncrowded"":false,""schema"":1,""traits"":{""construct"":1,""role"":""recycler"",""taste"":1}}",0,0,0,0,0,sha256:7c38697a374c73c1dfd3a1bc30000c94ef176d36672d9fbb1612c8c44797f5ce,sha256:b87281742c0f8883b327a9c2da6af102628acce142b4c3fc3782f5a3a9d95a9f,False,0,False,0,0,0,0,0,0,1167,869,298,1,False,True,0,0,0,0
semantic-variation-v1,case-22,7,"[""movement"",""reproduce_at"",""require_uncrowded""]",7106,typed_macro,valid,"{""construction"":""until_nonzero"",""movement"":""seek_resource"",""reproduce_at"":18,""require_uncrowded"":true,""schema"":1,""traits"":{""construct"":1,""role"":""recycler"",""taste"":1}}",3,0.388888888889,0.75,0,0.416666666667,sha256:7c38697a374c73c1dfd3a1bc30000c94ef176d36672d9fbb1612c8c44797f5ce,sha256:5b141b83678fa7f06a36472eaf4d79e69f58f8e008f385efab8116b5e0f3d70c,True,0.0972670665613,True,1.68299838658,0,1.68299838658,39,0,39,1241,1378,-137,7,False,True,0,0,0,0
semantic-variation-v1,case-22,7,"[""movement"",""reproduce_at"",""require_uncrowded""]",7106,random_same_mask,valid,"{""construction"":""until_nonzero"",""movement"":""seek_opposite"",""reproduce_at"":9,""require_uncrowded"":true,""schema"":1,""traits"":{""construct"":1,""role"":""recycler"",""taste"":1}}",3,0.409722222222,0.8125,0,0.416666666667,sha256:7c38697a374c73c1dfd3a1bc30000c94ef176d36672d9fbb1612c8c44797f5ce,sha256:f041afccac6f4574a9130f02c9577a295af3c34b1f9c70a74fc8129bd6ffe66e,False,0,False,0,0,0,0,0,0,652,748,-96,10,False,True,0,0,0,0
semantic-variation-v1,case-22,7,"[""movement"",""reproduce_at"",""require_uncrowded""]",7106,codex_agent_itt,valid,"{""construction"":""until_nonzero"",""movement"":""seek_resource"",""reproduce_at"":16,""require_uncrowded"":true,""schema"":1,""traits"":{""construct"":1,""role"":""recycler"",""taste"":1}}",3,0.388888888889,0.75,0,0.416666666667,sha256:7c38697a374c73c1dfd3a1bc30000c94ef176d36672d9fbb1612c8c44797f5ce,sha256:951fec08e25178ecf1ba65610e5f63a8b850f90741b9f0d7b34c3d683e534817,False,0,False,0,0,0,0,0,0,1015,906,109,14,False,True,0,0,0,0
semantic-variation-v1,case-22,7,"[""movement"",""reproduce_at"",""require_uncrowded""]",7107,parent,exact_parent,"{""construction"":""until_nonzero"",""movement"":""stay_if_fed"",""reproduce_at"":12,""require_uncrowded"":false,""schema"":1,""traits"":{""construct"":1,""role"":""recycler"",""taste"":1}}",0,0,0,0,0,sha256:82e05853b640ba41a0ef5bd86c413edd2379b1f62a430d0783d27ce8f27ec096,sha256:029b36e792d2896f838799aa2eaa8c02b87d02ffcacead92b04c2ce804ca52e9,True,0.0463608094804,True,0,0,0,0,0,0,890,1832,-942,,True,True,0,0,0,0
semantic-variation-v1,case-22,7,"[""movement"",""reproduce_at"",""require_uncrowded""]",7107,typed_macro,valid,"{""construction"":""until_nonzero"",""movement"":""seek_resource"",""reproduce_at"":18,""require_uncrowded"":true,""schema"":1,""traits"":{""construct"":1,""role"":""recycler"",""taste"":1}}",3,0.388888888889,0.75,0,0.416666666667,sha256:82e05853b640ba41a0ef5bd86c413edd2379b1f62a430d0783d27ce8f27ec096,sha256:f90c6000247499c2f62526b97ef3682644d45f635d3cebd1a23a5bf97707fa1e,True,0.102701551143,True,0,5.95094015235,-5.95094015235,0,194,-194,1596,1957,-361,8,False,True,0,0,0,0
semantic-variation-v1,case-22,7,"[""movement"",""reproduce_at"",""require_uncrowded""]",7107,random_same_mask,valid,"{""construction"":""until_nonzero"",""movement"":""seek_opposite"",""reproduce_at"":9,""require_uncrowded"":true,""schema"":1,""traits"":{""construct"":1,""role"":""recycler"",""taste"":1}}",3,0.409722222222,0.8125,0,0.416666666667,sha256:82e05853b640ba41a0ef5bd86c413edd2379b1f62a430d0783d27ce8f27ec096,sha256:a1af9257801cfa31c28945a73601286312f1af51a43625dd05065574f3ebc6a9,False,0.0404588929589,False,0,0,0,0,0,0,1590,2295,-705,,True,True,0,0,0,0
semantic-variation-v1,case-22,7,"[""movement"",""reproduce_at"",""require_uncrowded""]",7107,codex_agent_itt,valid,"{""construction"":""until_nonzero"",""movement"":""seek_resource"",""reproduce_at"":16,""require_uncrowded"":true,""schema"":1,""traits"":{""construct"":1,""role"":""recycler"",""taste"":1}}",3,0.388888888889,0.75,0,0.416666666667,sha256:82e05853b640ba41a0ef5bd86c413edd2379b1f62a430d0783d27ce8f27ec096,sha256:5edfbd698d955c5fa13a5477e52846b5b837cab5b57a8f842a19d8c46485bcd2,True,0.0682515998494,False,0,0,0,0,0,0,849,1518,-669,,True,True,0,0,0,0
semantic-variation-v1,case-23,7,"[""construction"",""reproduce_at"",""require_uncrowded""]",7100,parent,exact_parent,"{""construction"":""until_nonzero"",""movement"":""stay_if_fed"",""reproduce_at"":12,""require_uncrowded"":false,""schema"":1,""traits"":{""construct"":1,""role"":""recycler"",""taste"":1}}",0,0,0,0,0,sha256:e8bff0e4c74a22ccec8ffbd79b1add7bc7ac2b9f75300c1f75b14bc2e7267e6f,sha256:187ede839484435f9e049ad749cd2644a3c3d68b9a933325be23d8511c21407e,False,0,False,0,0,0,0,0,0,1382,1704,-322,36,False,True,0,0,0,0
semantic-variation-v1,case-23,7,"[""construction"",""reproduce_at"",""require_uncrowded""]",7100,typed_macro,valid,"{""construction"":""always"",""movement"":""stay_if_fed"",""reproduce_at"":18,""require_uncrowded"":true,""schema"":1,""traits"":{""construct"":1,""role"":""recycler"",""taste"":1}}",3,0.361111111111,0,0.666666666667,0.416666666667,sha256:e8bff0e4c74a22ccec8ffbd79b1add7bc7ac2b9f75300c1f75b14bc2e7267e6f,sha256:b0973ca287cc502cfdbfe75c82bf0c863c2b1a364e4939b8ac03b1b478e4f9d6,False,0,False,0,0,0,0,0,0,2271,2318,-47,7,False,True,0,0,0,0
semantic-variation-v1,case-23,7,"[""construction"",""reproduce_at"",""require_uncrowded""]",7100,random_same_mask,valid,"{""construction"":""always"",""movement"":""stay_if_fed"",""reproduce_at"":27,""require_uncrowded"":true,""schema"":1,""traits"":{""construct"":1,""role"":""recycler"",""taste"":1}}",3,0.416666666667,0,0.666666666667,0.583333333333,sha256:e8bff0e4c74a22ccec8ffbd79b1add7bc7ac2b9f75300c1f75b14bc2e7267e6f,sha256:38127e30ba373d4dc10e60b63a95187d276340e5c22357550529d7cc31e1b9ad,False,0,False,0,0,0,0,0,0,2271,2318,-47,7,False,True,0,0,0,0
semantic-variation-v1,case-23,7,"[""construction"",""reproduce_at"",""require_uncrowded""]",7100,codex_agent_itt,valid,"{""construction"":""always"",""movement"":""stay_if_fed"",""reproduce_at"":18,""require_uncrowded"":true,""schema"":1,""traits"":{""construct"":1,""role"":""recycler"",""taste"":1}}",3,0.361111111111,0,0.666666666667,0.416666666667,sha256:e8bff0e4c74a22ccec8ffbd79b1add7bc7ac2b9f75300c1f75b14bc2e7267e6f,sha256:b0973ca287cc502cfdbfe75c82bf0c863c2b1a364e4939b8ac03b1b478e4f9d6,False,0,False,0,0,0,0,0,0,2271,2318,-47,7,False,True,0,0,0,0
semantic-variation-v1,case-23,7,"[""construction"",""reproduce_at"",""require_uncrowded""]",7101,parent,exact_parent,"{""construction"":""until_nonzero"",""movement"":""stay_if_fed"",""reproduce_at"":12,""require_uncrowded"":false,""schema"":1,""traits"":{""construct"":1,""role"":""recycler"",""taste"":1}}",0,0,0,0,0,sha256:c8be15f73aff0fa2bcd29b2469cc25f09d83a06ddb9aeda7e778dcbfd197b782,sha256:214d12bc623bda3ce0a55a52951d62c907d0fd08032b00f9abe03bb7bde0f9c8,True,0.17030375363,True,11.8525572646,10.3018137321,1.55074353252,469,406,63,2363,2394,-31,7,False,True,0,0,0,0
semantic-variation-v1,case-23,7,"[""construction"",""reproduce_at"",""require_uncrowded""]",7101,typed_macro,valid,"{""construction"":""always"",""movement"":""stay_if_fed"",""reproduce_at"":18,""require_uncrowded"":true,""schema"":1,""traits"":{""construct"":1,""role"":""recycler"",""taste"":1}}",3,0.361111111111,0,0.666666666667,0.416666666667,sha256:c8be15f73aff0fa2bcd29b2469cc25f09d83a06ddb9aeda7e778dcbfd197b782,sha256:6a1a24de6a32ed95d5a40c9898b8df2a18a66afe3362304a62982afd866fa071,False,0,False,0,0,0,0,0,0,1791,2738,-947,54,False,True,0,0,0,0
semantic-variation-v1,case-23,7,"[""construction"",""reproduce_at"",""require_uncrowded""]",7101,random_same_mask,valid,"{""construction"":""always"",""movement"":""stay_if_fed"",""reproduce_at"":27,""require_uncrowded"":true,""schema"":1,""traits"":{""construct"":1,""role"":""recycler"",""taste"":1}}",3,0.416666666667,0,0.666666666667,0.583333333333,sha256:c8be15f73aff0fa2bcd29b2469cc25f09d83a06ddb9aeda7e778dcbfd197b782,sha256:06b2ad92d56f550608b0c1864a02714c59f7a39634cc29b3ef8beda30cb0f77d,False,0.0121346469622,False,0,0,0,0,0,0,1487,1358,129,17,False,True,0,0,0,0
semantic-variation-v1,case-23,7,"[""construction"",""reproduce_at"",""require_uncrowded""]",7101,codex_agent_itt,valid,"{""construction"":""always"",""movement"":""stay_if_fed"",""reproduce_at"":18,""require_uncrowded"":true,""schema"":1,""traits"":{""construct"":1,""role"":""recycler"",""taste"":1}}",3,0.361111111111,0,0.666666666667,0.416666666667,sha256:c8be15f73aff0fa2bcd29b2469cc25f09d83a06ddb9aeda7e778dcbfd197b782,sha256:6a1a24de6a32ed95d5a40c9898b8df2a18a66afe3362304a62982afd866fa071,False,0,False,0,0,0,0,0,0,1791,2738,-947,54,False,True,0,0,0,0
semantic-variation-v1,case-23,7,"[""construction"",""reproduce_at"",""require_uncrowded""]",7102,parent,exact_parent,"{""construction"":""until_nonzero"",""movement"":""stay_if_fed"",""reproduce_at"":12,""require_uncrowded"":false,""schema"":1,""traits"":{""construct"":1,""role"":""recycler"",""taste"":1}}",0,0,0,0,0,sha256:4a0c2036a0b774d9a76313acad1cdc63869a11a581cfebc9f643294b46ce6be9,sha256:a26164da812a807e79ca01916e4aa1ee2adf67e73cc8c54910fbe7e46dce1ef9,False,0,False,0,0,0,0,0,0,232,187,45,2,False,True,0,0,0,0
semantic-variation-v1,case-23,7,"[""construction"",""reproduce_at"",""require_uncrowded""]",7102,typed_macro,valid,"{""construction"":""always"",""movement"":""stay_if_fed"",""reproduce_at"":18,""require_uncrowded"":true,""schema"":1,""traits"":{""construct"":1,""role"":""recycler"",""taste"":1}}",3,0.361111111111,0,0.666666666667,0.416666666667,sha256:4a0c2036a0b774d9a76313acad1cdc63869a11a581cfebc9f643294b46ce6be9,sha256:30c1a1627549a98f8aca9fcf3aa0970f48bff534069d1e30774d01c5b6972f03,False,0,False,0,0,0,0,0,0,485,468,17,8,False,True,0,0,0,0
semantic-variation-v1,case-23,7,"[""construction"",""reproduce_at"",""require_uncrowded""]",7102,random_same_mask,valid,"{""construction"":""always"",""movement"":""stay_if_fed"",""reproduce_at"":27,""require_uncrowded"":true,""schema"":1,""traits"":{""construct"":1,""role"":""recycler"",""taste"":1}}",3,0.416666666667,0,0.666666666667,0.583333333333,sha256:4a0c2036a0b774d9a76313acad1cdc63869a11a581cfebc9f643294b46ce6be9,sha256:1b0550060139fab0f1924d1217d2a5e536db83f67d5c1e816732c1c65121f885,False,0,False,0,0,0,0,0,0,6,296,-290,,True,True,0,0,0,0
semantic-variation-v1,case-23,7,"[""construction"",""reproduce_at"",""require_uncrowded""]",7102,codex_agent_itt,valid,"{""construction"":""always"",""movement"":""stay_if_fed"",""reproduce_at"":18,""require_uncrowded"":true,""schema"":1,""traits"":{""construct"":1,""role"":""recycler"",""taste"":1}}",3,0.361111111111,0,0.666666666667,0.416666666667,sha256:4a0c2036a0b774d9a76313acad1cdc63869a11a581cfebc9f643294b46ce6be9,sha256:30c1a1627549a98f8aca9fcf3aa0970f48bff534069d1e30774d01c5b6972f03,False,0,False,0,0,0,0,0,0,485,468,17,8,False,True,0,0,0,0
semantic-variation-v1,case-23,7,"[""construction"",""reproduce_at"",""require_uncrowded""]",7103,parent,exact_parent,"{""construction"":""until_nonzero"",""movement"":""stay_if_fed"",""reproduce_at"":12,""require_uncrowded"":false,""schema"":1,""traits"":{""construct"":1,""role"":""recycler"",""taste"":1}}",0,0,0,0,0,sha256:2a2e035fd8ff68b1a8c03537ac21e113ac00d11d77a96ab524ddaad15637c961,sha256:578bcb9c672c273f621738d838e0a69c832915f3c73551317ca65fa9565784fd,False,0,False,0,0,0,0,0,0,1356,1903,-547,12,False,True,0,0,0,0
semantic-variation-v1,case-23,7,"[""construction"",""reproduce_at"",""require_uncrowded""]",7103,typed_macro,valid,"{""construction"":""always"",""movement"":""stay_if_fed"",""reproduce_at"":18,""require_uncrowded"":true,""schema"":1,""traits"":{""construct"":1,""role"":""recycler"",""taste"":1}}",3,0.361111111111,0,0.666666666667,0.416666666667,sha256:2a2e035fd8ff68b1a8c03537ac21e113ac00d11d77a96ab524ddaad15637c961,sha256:97587d2fef2d142168bfe650cb04182b212a3fbf7e2202db010b66b9fa85cf77,False,0,False,0,0,0,0,0,0,3277,3829,-552,27,False,True,0,0,0,0
semantic-variation-v1,case-23,7,"[""construction"",""reproduce_at"",""require_uncrowded""]",7103,random_same_mask,valid,"{""construction"":""always"",""movement"":""stay_if_fed"",""reproduce_at"":27,""require_uncrowded"":true,""schema"":1,""traits"":{""construct"":1,""role"":""recycler"",""taste"":1}}",3,0.416666666667,0,0.666666666667,0.583333333333,sha256:2a2e035fd8ff68b1a8c03537ac21e113ac00d11d77a96ab524ddaad15637c961,sha256:dd7c734a3efbe344978a9ca5923b49de4e00956c6f76a8855b56c6754d9562ee,False,0,False,0,0,0,0,0,0,3277,3829,-552,27,False,True,0,0,0,0
semantic-variation-v1,case-23,7,"[""construction"",""reproduce_at"",""require_uncrowded""]",7103,codex_agent_itt,valid,"{""construction"":""always"",""movement"":""stay_if_fed"",""reproduce_at"":18,""require_uncrowded"":true,""schema"":1,""traits"":{""construct"":1,""role"":""recycler"",""taste"":1}}",3,0.361111111111,0,0.666666666667,0.416666666667,sha256:2a2e035fd8ff68b1a8c03537ac21e113ac00d11d77a96ab524ddaad15637c961,sha256:97587d2fef2d142168bfe650cb04182b212a3fbf7e2202db010b66b9fa85cf77,False,0,False,0,0,0,0,0,0,3277,3829,-552,27,False,True,0,0,0,0
semantic-variation-v1,case-23,7,"[""construction"",""reproduce_at"",""require_uncrowded""]",7104,parent,exact_parent,"{""construction"":""until_nonzero"",""movement"":""stay_if_fed"",""reproduce_at"":12,""require_uncrowded"":false,""schema"":1,""traits"":{""construct"":1,""role"":""recycler"",""taste"":1}}",0,0,0,0,0,sha256:68c05ab61f461132a9462697750238e243588b9ce96a23b739870db3e20fdf8b,sha256:2b50026cf8f847d09fa492759b5dbe49d38eaa61ff27c9ef1d8c430d9c7aefb7,True,0.225658123566,True,2.37626502618,1.29452742513,1.08173760105,67,39,28,1765,1845,-80,7,False,True,0,0,0,0
semantic-variation-v1,case-23,7,"[""construction"",""reproduce_at"",""require_uncrowded""]",7104,typed_macro,valid,"{""construction"":""always"",""movement"":""stay_if_fed"",""reproduce_at"":18,""require_uncrowded"":true,""schema"":1,""traits"":{""construct"":1,""role"":""recycler"",""taste"":1}}",3,0.361111111111,0,0.666666666667,0.416666666667,sha256:68c05ab61f461132a9462697750238e243588b9ce96a23b739870db3e20fdf8b,sha256:6afea1b05604b4b13d74ed05e148d733b8006e0d186fd1d533836dff6ee4c779,True,0.226153212372,True,0.258741258741,15.0289418981,-14.7702006393,3,584,-581,559,2330,-1771,,True,True,0,0,0,0
semantic-variation-v1,case-23,7,"[""construction"",""reproduce_at"",""require_uncrowded""]",7104,random_same_mask,valid,"{""construction"":""always"",""movement"":""stay_if_fed"",""reproduce_at"":27,""require_uncrowded"":true,""schema"":1,""traits"":{""construct"":1,""role"":""recycler"",""taste"":1}}",3,0.416666666667,0,0.666666666667,0.583333333333,sha256:68c05ab61f461132a9462697750238e243588b9ce96a23b739870db3e20fdf8b,sha256:78cdc81983c4d6475207cdf4aae577bc374afd20aa8116921905363b4e11a710,True,0.145338917818,True,5.52134025977,5.44161825996,0.0797219998153,169,169,0,1927,1882,45,17,False,True,0,0,0,0
semantic-variation-v1,case-23,7,"[""construction"",""reproduce_at"",""require_uncrowded""]",7104,codex_agent_itt,valid,"{""construction"":""always"",""movement"":""stay_if_fed"",""reproduce_at"":18,""require_uncrowded"":true,""schema"":1,""traits"":{""construct"":1,""role"":""recycler"",""taste"":1}}",3,0.361111111111,0,0.666666666667,0.416666666667,sha256:68c05ab61f461132a9462697750238e243588b9ce96a23b739870db3e20fdf8b,sha256:6afea1b05604b4b13d74ed05e148d733b8006e0d186fd1d533836dff6ee4c779,True,0.226153212372,True,0.258741258741,15.0289418981,-14.7702006393,3,584,-581,559,2330,-1771,,True,True,0,0,0,0
semantic-variation-v1,case-23,7,"[""construction"",""reproduce_at"",""require_uncrowded""]",7105,parent,exact_parent,"{""construction"":""until_nonzero"",""movement"":""stay_if_fed"",""reproduce_at"":12,""require_uncrowded"":false,""schema"":1,""traits"":{""construct"":1,""role"":""recycler"",""taste"":1}}",0,0,0,0,0,sha256:0de3e94243530c8699e44537a6d85f4e3a1b139c6b905a797a9a601763f8b541,sha256:a23f17238261c78fc147fc11128887ec9a966ee1bdc6963e8907e438126fc96e,False,0,False,0,0,0,0,0,0,1301,1793,-492,,True,True,0,0,0,0
semantic-variation-v1,case-23,7,"[""construction"",""reproduce_at"",""require_uncrowded""]",7105,typed_macro,valid,"{""construction"":""always"",""movement"":""stay_if_fed"",""reproduce_at"":18,""require_uncrowded"":true,""schema"":1,""traits"":{""construct"":1,""role"":""recycler"",""taste"":1}}",3,0.361111111111,0,0.666666666667,0.416666666667,sha256:0de3e94243530c8699e44537a6d85f4e3a1b139c6b905a797a9a601763f8b541,sha256:a397c965299638447d09e61ae2af4b11065565dd863f6b5a964d2aa9934b329b,False,0,False,0,0,0,0,0,0,267,226,41,3,False,True,0,0,0,0
semantic-variation-v1,case-23,7,"[""construction"",""reproduce_at"",""require_uncrowded""]",7105,random_same_mask,valid,"{""construction"":""always"",""movement"":""stay_if_fed"",""reproduce_at"":27,""require_uncrowded"":true,""schema"":1,""traits"":{""construct"":1,""role"":""recycler"",""taste"":1}}",3,0.416666666667,0,0.666666666667,0.583333333333,sha256:0de3e94243530c8699e44537a6d85f4e3a1b139c6b905a797a9a601763f8b541,sha256:2475fde09aac3fb90d3eb88b88750048bb4e1d0a9e0c27832e7e80e3178a5329,False,0,False,0,0,0,0,0,0,739,693,46,25,False,True,0,0,0,0
semantic-variation-v1,case-23,7,"[""construction"",""reproduce_at"",""require_uncrowded""]",7105,codex_agent_itt,valid,"{""construction"":""always"",""movement"":""stay_if_fed"",""reproduce_at"":18,""require_uncrowded"":true,""schema"":1,""traits"":{""construct"":1,""role"":""recycler"",""taste"":1}}",3,0.361111111111,0,0.666666666667,0.416666666667,sha256:0de3e94243530c8699e44537a6d85f4e3a1b139c6b905a797a9a601763f8b541,sha256:a397c965299638447d09e61ae2af4b11065565dd863f6b5a964d2aa9934b329b,False,0,False,0,0,0,0,0,0,267,226,41,3,False,True,0,0,0,0
semantic-variation-v1,case-23,7,"[""construction"",""reproduce_at"",""require_uncrowded""]",7106,parent,exact_parent,"{""construction"":""until_nonzero"",""movement"":""stay_if_fed"",""reproduce_at"":12,""require_uncrowded"":false,""schema"":1,""traits"":{""construct"":1,""role"":""recycler"",""taste"":1}}",0,0,0,0,0,sha256:7c38697a374c73c1dfd3a1bc30000c94ef176d36672d9fbb1612c8c44797f5ce,sha256:6dcac00cc71549b81891363f09638566ea5b7d15943a458607ca377b6a379c01,False,0,False,0,0,0,0,0,0,1167,869,298,1,False,True,0,0,0,0
semantic-variation-v1,case-23,7,"[""construction"",""reproduce_at"",""require_uncrowded""]",7106,typed_macro,valid,"{""construction"":""always"",""movement"":""stay_if_fed"",""reproduce_at"":18,""require_uncrowded"":true,""schema"":1,""traits"":{""construct"":1,""role"":""recycler"",""taste"":1}}",3,0.361111111111,0,0.666666666667,0.416666666667,sha256:7c38697a374c73c1dfd3a1bc30000c94ef176d36672d9fbb1612c8c44797f5ce,sha256:c26eaec53bf1486e0ec9be73b1edcea9054d80f8569e13ffa036f4be9be63d39,False,0,False,0,0,0,0,0,0,44,191,-147,49,False,True,0,0,0,0
semantic-variation-v1,case-23,7,"[""construction"",""reproduce_at"",""require_uncrowded""]",7106,random_same_mask,valid,"{""construction"":""always"",""movement"":""stay_if_fed"",""reproduce_at"":27,""require_uncrowded"":true,""schema"":1,""traits"":{""construct"":1,""role"":""recycler"",""taste"":1}}",3,0.416666666667,0,0.666666666667,0.583333333333,sha256:7c38697a374c73c1dfd3a1bc30000c94ef176d36672d9fbb1612c8c44797f5ce,sha256:5e639fcc0ae758538606239269380540261be5bccb4f61ecb77d60702d353ad7,True,0.111665277514,False,0,0,0,0,0,0,585,490,95,5,False,True,0,0,0,0
semantic-variation-v1,case-23,7,"[""construction"",""reproduce_at"",""require_uncrowded""]",7106,codex_agent_itt,valid,"{""construction"":""always"",""movement"":""stay_if_fed"",""reproduce_at"":18,""require_uncrowded"":true,""schema"":1,""traits"":{""construct"":1,""role"":""recycler"",""taste"":1}}",3,0.361111111111,0,0.666666666667,0.416666666667,sha256:7c38697a374c73c1dfd3a1bc30000c94ef176d36672d9fbb1612c8c44797f5ce,sha256:c26eaec53bf1486e0ec9be73b1edcea9054d80f8569e13ffa036f4be9be63d39,False,0,False,0,0,0,0,0,0,44,191,-147,49,False,True,0,0,0,0
semantic-variation-v1,case-23,7,"[""construction"",""reproduce_at"",""require_uncrowded""]",7107,parent,exact_parent,"{""construction"":""until_nonzero"",""movement"":""stay_if_fed"",""reproduce_at"":12,""require_uncrowded"":false,""schema"":1,""traits"":{""construct"":1,""role"":""recycler"",""taste"":1}}",0,0,0,0,0,sha256:82e05853b640ba41a0ef5bd86c413edd2379b1f62a430d0783d27ce8f27ec096,sha256:22f4c21e416b91b22324becb568a45c4863620c45189a494364d6351b7205a51,True,0.0463608094804,True,0,0,0,0,0,0,890,1832,-942,,True,True,0,0,0,0
semantic-variation-v1,case-23,7,"[""construction"",""reproduce_at"",""require_uncrowded""]",7107,typed_macro,valid,"{""construction"":""always"",""movement"":""stay_if_fed"",""reproduce_at"":18,""require_uncrowded"":true,""schema"":1,""traits"":{""construct"":1,""role"":""recycler"",""taste"":1}}",3,0.361111111111,0,0.666666666667,0.416666666667,sha256:82e05853b640ba41a0ef5bd86c413edd2379b1f62a430d0783d27ce8f27ec096,sha256:1ceb535d4c847823358c675f2d14c0287f77af670dee5dddbefd77f1e4adc31d,True,0.0589570604031,True,0.85058356676,0.7515010016,0.0990825651599,13,19,-6,1482,2071,-589,33,False,True,0,0,0,0
semantic-variation-v1,case-23,7,"[""construction"",""reproduce_at"",""require_uncrowded""]",7107,random_same_mask,valid,"{""construction"":""always"",""movement"":""stay_if_fed"",""reproduce_at"":27,""require_uncrowded"":true,""schema"":1,""traits"":{""construct"":1,""role"":""recycler"",""taste"":1}}",3,0.416666666667,0,0.666666666667,0.583333333333,sha256:82e05853b640ba41a0ef5bd86c413edd2379b1f62a430d0783d27ce8f27ec096,sha256:a4a12452653e0d7f84c6473ca8e3088c2b68e0399a37d9b832a862e86dd09fb7,True,0.0645827282592,False,0,0,0,0,0,0,2270,2537,-267,20,False,True,0,0,0,0
semantic-variation-v1,case-23,7,"[""construction"",""reproduce_at"",""require_uncrowded""]",7107,codex_agent_itt,valid,"{""construction"":""always"",""movement"":""stay_if_fed"",""reproduce_at"":18,""require_uncrowded"":true,""schema"":1,""traits"":{""construct"":1,""role"":""recycler"",""taste"":1}}",3,0.361111111111,0,0.666666666667,0.416666666667,sha256:82e05853b640ba41a0ef5bd86c413edd2379b1f62a430d0783d27ce8f27ec096,sha256:1ceb535d4c847823358c675f2d14c0287f77af670dee5dddbefd77f1e4adc31d,True,0.0589570604031,True,0.85058356676,0.7515010016,0.0990825651599,13,19,-6,1482,2071,-589,33,False,True,0,0,0,0
